source_system,source_record_id,master_project_id,raw_file_reference,ingested_at
crm,PRJ-2024-00001,PRJ-2024-00001,crm_export_corrupted.csv,2026-09-27T15:02:36.401123
crm,PRJ-2024-00002,PRJ-2024-00002,crm_export_corrupted.csv,2026-09-27T15:02:36.401123
crm,PRJ-2024-00003,PRJ-2024-00003,crm_export_corrupted.csv,2026-09-27T15:02:36.401123
crm,PRJ-2024-00004,PRJ-2024-00004,crm_export_corrupted.csv,2026-09-27T15:02:36.401123
crm,PRJ-2024-00005,PRJ-2024-00005,crm_export_corrupted.csv,2026-09-27T15:02:36.401123
crm,PRJ-2024-00006,PRJ-2024-00006,crm_export_corrupted.csv,2026-09-27T15:02:36.401123
crm,PRJ-2024-00007,PRJ-2024-00007,crm_export_corrupted.csv,2026-09-27T15:02:36.401123
crm,PRJ-2024-00008,PRJ-2024-00008,crm_export_corrupted.csv,2026-09-27T15:02:36.401123
crm,PRJ-2024-00009,PRJ-2024-00009,crm_export_corrupted.csv,2026-09-27T15:02:36.401123
crm,PRJ-2024-00010,PRJ-2024-00010,crm_export_corrupted.csv,2026-09-27T15:02:36.401123
crm,PRJ-2024-00011,PRJ-2024-00011,crm_export_corrupted.csv,2026-09-27T15:02:36.401123
crm,PRJ-2024-00012,PRJ-2024-00012,crm_export_corrupted.csv,2026-09-27T15:02:36.401123
crm,PRJ-2024-00013,PRJ-2024-00013,crm_export_corrupted.csv,2026-09-27T15:02:36.401123
crm,PRJ-2024-00014,PRJ-2024-00014,crm_export_corrupted.csv,2026-09-27T15:02:36.401123
crm,PRJ-2024-00015,PRJ-2024-00015,crm_export_corrupted.csv,2026-09-27T15:02:36.401123
crm,PRJ-2024-00016,PRJ-2024-00016,crm_export_corrupted.csv,2026-09-27T15:02:36.401123
crm,PRJ-2024-00017,PRJ-2024-00017,crm_export_corrupted.csv,2026-09-27T15:02:36.401123
crm,PRJ-2024-00018,PRJ-2024-00018,crm_export_corrupted.csv,2026-09-27T15:02:36.401123
crm,PRJ-2024-00019,PRJ-2024-00019,crm_export_corrupted.csv,2026-09-27T15:02:36.401123
crm,PRJ-2024-00020,PRJ-2024-00020,crm_export_corrupted.csv,2026-09-27T15:02:36.401123
crm,PRJ-2024-00021,PRJ-2024-00021,crm_export_corrupted.csv,2026-09-27T15:02:36.401123
crm,PRJ-2024-00022,PRJ-2024-00022,crm_export_corrupted.csv,2026-09-27T15:02:36.401123
crm,PRJ-2024-00023,PRJ-2024-00023,crm_export_corrupted.csv,2026-09-27T15:02:36.401123
crm,PRJ-2024-00024,PRJ-2024-00024,crm_export_corrupted.csv,2026-09-27T15:02:36.401123
crm,PRJ-2024-00025,PRJ-2024-00025,crm_export_corrupted.csv,2026-09-27T15:02:36.401123
crm,PRJ-2024-00026,PRJ-2024-00026,crm_export_corrupted.csv,2026-09-27T15:02:36.401123
crm,PRJ-2024-00027,PRJ-2024-00027,crm_export_corrupted.csv,2026-09-27T15:02:36.401123
crm,PRJ-2024-00028,PRJ-2024-00028,crm_export_corrupted.csv,2026-09-27T15:02:36.401123
crm,PRJ-2024-00029,PRJ-2024-00029,crm_export_corrupted.csv,2026-09-27T15:02:36.401123
crm,PRJ-2024-00030,PRJ-2024-00030,crm_export_corrupted.csv,2026-09-27T15:02:36.401123
crm,PRJ-2024-00031,PRJ-2024-00031,crm_export_corrupted.csv,2026-09-27T15:02:36.401123
crm,PRJ-2024-00032,PRJ-2024-00032,crm_export_corrupted.csv,2026-09-27T15:02:36.401123
crm,PRJ-2024-00033,PRJ-2024-00033,crm_export_corrupted.csv,2026-09-27T15:02:36.401123
crm,PRJ-2024-00034,PRJ-2024-00034,crm_export_corrupted.csv,2026-09-27T15:02:36.401123
crm,PRJ-2024-00035,PRJ-2024-00035,crm_export_corrupted.csv,2026-09-27T15:02:36.401123
crm,PRJ-2024-00036,PRJ-2024-00036,crm_export_corrupted.csv,2026-09-27T15:02:36.401123
crm,PRJ-2024-00037,PRJ-2024-00037,crm_export_corrupted.csv,2026-09-27T15:02:36.401123
crm,PRJ-2024-00038,PRJ-2024-00038,crm_export_corrupted.csv,2026-09-27T15:02:36.401123
crm,PRJ-2024-00039,PRJ-2024-00039,crm_export_corrupted.csv,2026-09-27T15:02:36.401123
crm,PRJ-2024-00040,PRJ-2024-00040,crm_export_corrupted.csv,2026-09-27T15:02:36.401123
crm,PRJ-2024-00041,PRJ-2024-00041,crm_export_corrupted.csv,2026-09-27T15:02:36.401123
crm,PRJ-2024-00042,PRJ-2024-00042,crm_export_corrupted.csv,2026-09-27T15:02:36.401123
crm,PRJ-2024-00043,PRJ-2024-00043,crm_export_corrupted.csv,2026-09-27T15:02:36.401123
crm,PRJ-2024-00044,PRJ-2024-00044,crm_export_corrupted.csv,2026-09-27T15:02:36.401123
crm,PRJ-2024-00045,PRJ-2024-00045,crm_export_corrupted.csv,2026-09-27T15:02:36.401123
crm,PRJ-2024-00046,PRJ-2024-00046,crm_export_corrupted.csv,2026-09-27T15:02:36.401123
crm,PRJ-2024-00047,PRJ-2024-00047,crm_export_corrupted.csv,2026-09-27T15:02:36.401123
crm,PRJ-2024-00048,PRJ-2024-00048,crm_export_corrupted.csv,2026-09-27T15:02:36.401123
crm,PRJ-2024-00049,PRJ-2024-00049,crm_export_corrupted.csv,2026-09-27T15:02:36.401123
crm,PRJ-2024-00050,PRJ-2024-00050,crm_export_corrupted.csv,2026-09-27T15:02:36.401123
crm,PRJ-2024-00051,PRJ-2024-00051,crm_export_corrupted.csv,2026-09-27T15:02:36.401123
crm,PRJ-2024-00052,PRJ-2024-00052,crm_export_corrupted.csv,2026-09-27T15:02:36.401123
crm,PRJ-2024-00053,PRJ-2024-00053,crm_export_corrupted.csv,2026-09-27T15:02:36.401123
crm,PRJ-2024-00054,PRJ-2024-00054,crm_export_corrupted.csv,2026-09-27T15:02:36.401123
crm,PRJ-2024-00055,PRJ-2024-00055,crm_export_corrupted.csv,2026-09-27T15:02:36.401123
crm,PRJ-2024-00056,PRJ-2024-00056,crm_export_corrupted.csv,2026-09-27T15:02:36.401123
crm,PRJ-2024-00057,PRJ-2024-00057,crm_export_corrupted.csv,2026-09-27T15:02:36.401123
crm,PRJ-2024-00058,PRJ-2024-00058,crm_export_corrupted.csv,2026-09-27T15:02:36.401123
crm,PRJ-2024-00059,PRJ-2024-00059,crm_export_corrupted.csv,2026-09-27T15:02:36.401123
crm,PRJ-2024-00060,PRJ-2024-00060,crm_export_corrupted.csv,2026-09-27T15:02:36.401123
crm,PRJ-2024-00061,PRJ-2024-00061,crm_export_corrupted.csv,2026-09-27T15:02:36.401123
crm,PRJ-2024-00062,PRJ-2024-00062,crm_export_corrupted.csv,2026-09-27T15:02:36.401123
crm,PRJ-2024-00063,PRJ-2024-00063,crm_export_corrupted.csv,2026-09-27T15:02:36.401123
crm,PRJ-2024-00064,PRJ-2024-00064,crm_export_corrupted.csv,2026-09-27T15:02:36.401123
crm,PRJ-2024-00065,PRJ-2024-00065,crm_export_corrupted.csv,2026-09-27T15:02:36.401123
crm,PRJ-2024-00066,PRJ-2024-00066,crm_export_corrupted.csv,2026-09-27T15:02:36.401123
crm,PRJ-2024-00067,PRJ-2024-00067,crm_export_corrupted.csv,2026-09-27T15:02:36.401123
crm,PRJ-2024-00068,PRJ-2024-00068,crm_export_corrupted.csv,2026-09-27T15:02:36.401123
crm,PRJ-2024-00069,PRJ-2024-00069,crm_export_corrupted.csv,2026-09-27T15:02:36.401123
crm,PRJ-2024-00070,PRJ-2024-00070,crm_export_corrupted.csv,2026-09-27T15:02:36.401123
crm,PRJ-2024-00071,PRJ-2024-00071,crm_export_corrupted.csv,2026-09-27T15:02:36.401123
crm,PRJ-2024-00072,PRJ-2024-00072,crm_export_corrupted.csv,2026-09-27T15:02:36.401123
crm,PRJ-2024-00073,PRJ-2024-00073,crm_export_corrupted.csv,2026-09-27T15:02:36.401123
crm,PRJ-2024-00074,PRJ-2024-00074,crm_export_corrupted.csv,2026-09-27T15:02:36.401123
crm,PRJ-2024-00075,PRJ-2024-00075,crm_export_corrupted.csv,2026-09-27T15:02:36.401123
crm,PRJ-2024-00076,PRJ-2024-00076,crm_export_corrupted.csv,2026-09-27T15:02:36.401123
crm,PRJ-2024-00077,PRJ-2024-00077,crm_export_corrupted.csv,2026-09-27T15:02:36.401123
crm,PRJ-2024-00078,PRJ-2024-00078,crm_export_corrupted.csv,2026-09-27T15:02:36.401123
crm,PRJ-2024-00079,PRJ-2024-00079,crm_export_corrupted.csv,2026-09-27T15:02:36.401123
crm,PRJ-2024-00080,PRJ-2024-00080,crm_export_corrupted.csv,2026-09-27T15:02:36.401123
crm,PRJ-2024-00081,PRJ-2024-00081,crm_export_corrupted.csv,2026-09-27T15:02:36.401123
crm,PRJ-2024-00082,PRJ-2024-00082,crm_export_corrupted.csv,2026-09-27T15:02:36.401123
crm,PRJ-2024-00083,PRJ-2024-00083,crm_export_corrupted.csv,2026-09-27T15:02:36.401123
crm,PRJ-2024-00084,PRJ-2024-00084,crm_export_corrupted.csv,2026-09-27T15:02:36.401123
crm,PRJ-2024-00085,PRJ-2024-00085,crm_export_corrupted.csv,2026-09-27T15:02:36.401123
crm,PRJ-2024-00086,PRJ-2024-00086,crm_export_corrupted.csv,2026-09-27T15:02:36.401123
crm,PRJ-2024-00087,PRJ-2024-00087,crm_export_corrupted.csv,2026-09-27T15:02:36.401123
crm,PRJ-2024-00088,PRJ-2024-00088,crm_export_corrupted.csv,2026-09-27T15:02:36.401123
crm,PRJ-2024-00089,PRJ-2024-00089,crm_export_corrupted.csv,2026-09-27T15:02:36.401123
crm,PRJ-2024-00090,PRJ-2024-00090,crm_export_corrupted.csv,2026-09-27T15:02:36.401123
crm,PRJ-2024-00091,PRJ-2024-00091,crm_export_corrupted.csv,2026-09-27T15:02:36.401123
crm,PRJ-2024-00092,PRJ-2024-00092,crm_export_corrupted.csv,2026-09-27T15:02:36.401123
crm,PRJ-2024-00093,PRJ-2024-00093,crm_export_corrupted.csv,2026-09-27T15:02:36.401123
crm,PRJ-2024-00094,PRJ-2024-00094,crm_export_corrupted.csv,2026-09-27T15:02:36.401123
crm,PRJ-2024-00095,PRJ-2024-00095,crm_export_corrupted.csv,2026-09-27T15:02:36.401123
crm,PRJ-2024-00096,PRJ-2024-00096,crm_export_corrupted.csv,2026-09-27T15:02:36.401123
crm,PRJ-2024-00097,PRJ-2024-00097,crm_export_corrupted.csv,2026-09-27T15:02:36.401123
crm,PRJ-2024-00098,PRJ-2024-00098,crm_export_corrupted.csv,2026-09-27T15:02:36.401123
crm,PRJ-2024-00099,PRJ-2024-00099,crm_export_corrupted.csv,2026-09-27T15:02:36.401123
crm,PRJ-2024-00100,PRJ-2024-00100,crm_export_corrupted.csv,2026-09-27T15:02:36.401123
crm,PRJ-2024-00101,PRJ-2024-00101,crm_export_corrupted.csv,2026-09-27T15:02:36.401123
crm,PRJ-2024-00102,PRJ-2024-00102,crm_export_corrupted.csv,2026-09-27T15:02:36.401123
crm,PRJ-2024-00103,PRJ-2024-00103,crm_export_corrupted.csv,2026-09-27T15:02:36.401123
crm,PRJ-2024-00104,PRJ-2024-00104,crm_export_corrupted.csv,2026-09-27T15:02:36.401123
crm,PRJ-2024-00105,PRJ-2024-00105,crm_export_corrupted.csv,2026-09-27T15:02:36.401123
crm,PRJ-2024-00106,PRJ-2024-00106,crm_export_corrupted.csv,2026-09-27T15:02:36.401123
crm,PRJ-2024-00107,PRJ-2024-00107,crm_export_corrupted.csv,2026-09-27T15:02:36.401123
crm,PRJ-2024-00108,PRJ-2024-00108,crm_export_corrupted.csv,2026-09-27T15:02:36.401123
crm,PRJ-2024-00109,PRJ-2024-00109,crm_export_corrupted.csv,2026-09-27T15:02:36.401123
crm,PRJ-2024-00110,PRJ-2024-00110,crm_export_corrupted.csv,2026-09-27T15:02:36.401123
crm,PRJ-2024-00111,PRJ-2024-00111,crm_export_corrupted.csv,2026-09-27T15:02:36.401123
crm,PRJ-2024-00112,PRJ-2024-00112,crm_export_corrupted.csv,2026-09-27T15:02:36.401123
crm,PRJ-2024-00113,PRJ-2024-00113,crm_export_corrupted.csv,2026-09-27T15:02:36.401123
crm,PRJ-2024-00114,PRJ-2024-00114,crm_export_corrupted.csv,2026-09-27T15:02:36.401123
crm,PRJ-2024-00115,PRJ-2024-00115,crm_export_corrupted.csv,2026-09-27T15:02:36.401123
crm,PRJ-2024-00116,PRJ-2024-00116,crm_export_corrupted.csv,2026-09-27T15:02:36.401123
crm,PRJ-2024-00117,PRJ-2024-00117,crm_export_corrupted.csv,2026-09-27T15:02:36.401123
crm,PRJ-2024-00118,PRJ-2024-00118,crm_export_corrupted.csv,2026-09-27T15:02:36.401123
crm,PRJ-2024-00119,PRJ-2024-00119,crm_export_corrupted.csv,2026-09-27T15:02:36.401123
crm,PRJ-2024-00120,PRJ-2024-00120,crm_export_corrupted.csv,2026-09-27T15:02:36.401123
crm,PRJ-2024-00121,PRJ-2024-00121,crm_export_corrupted.csv,2026-09-27T15:02:36.401123
crm,PRJ-2024-00122,PRJ-2024-00122,crm_export_corrupted.csv,2026-09-27T15:02:36.401123
crm,PRJ-2024-00123,PRJ-2024-00123,crm_export_corrupted.csv,2026-09-27T15:02:36.401123
crm,PRJ-2024-00124,PRJ-2024-00124,crm_export_corrupted.csv,2026-09-27T15:02:36.401123
crm,PRJ-2024-00125,PRJ-2024-00125,crm_export_corrupted.csv,2026-09-27T15:02:36.401123
crm,PRJ-2024-00126,PRJ-2024-00126,crm_export_corrupted.csv,2026-09-27T15:02:36.401123
crm,PRJ-2024-00127,PRJ-2024-00127,crm_export_corrupted.csv,2026-09-27T15:02:36.401123
crm,PRJ-2024-00128,PRJ-2024-00128,crm_export_corrupted.csv,2026-09-27T15:02:36.401123
crm,PRJ-2024-00129,PRJ-2024-00129,crm_export_corrupted.csv,2026-09-27T15:02:36.401123
crm,PRJ-2024-00130,PRJ-2024-00130,crm_export_corrupted.csv,2026-09-27T15:02:36.401123
crm,PRJ-2024-00131,PRJ-2024-00131,crm_export_corrupted.csv,2026-09-27T15:02:36.401123
crm,PRJ-2024-00132,PRJ-2024-00132,crm_export_corrupted.csv,2026-09-27T15:02:36.401123
crm,PRJ-2024-00133,PRJ-2024-00133,crm_export_corrupted.csv,2026-09-27T15:02:36.401123
crm,PRJ-2024-00134,PRJ-2024-00134,crm_export_corrupted.csv,2026-09-27T15:02:36.401123
crm,PRJ-2024-00135,PRJ-2024-00135,crm_export_corrupted.csv,2026-09-27T15:02:36.401123
crm,PRJ-2024-00136,PRJ-2024-00136,crm_export_corrupted.csv,2026-09-27T15:02:36.401123
crm,PRJ-2024-00137,PRJ-2024-00137,crm_export_corrupted.csv,2026-09-27T15:02:36.401123
crm,PRJ-2024-00138,PRJ-2024-00138,crm_export_corrupted.csv,2026-09-27T15:02:36.401123
crm,PRJ-2024-00139,PRJ-2024-00139,crm_export_corrupted.csv,2026-09-27T15:02:36.401123
crm,PRJ-2024-00140,PRJ-2024-00140,crm_export_corrupted.csv,2026-09-27T15:02:36.401123
crm,PRJ-2024-00141,PRJ-2024-00141,crm_export_corrupted.csv,2026-09-27T15:02:36.401123
crm,PRJ-2024-00142,PRJ-2024-00142,crm_export_corrupted.csv,2026-09-27T15:02:36.401123
crm,PRJ-2024-00143,PRJ-2024-00143,crm_export_corrupted.csv,2026-09-27T15:02:36.401123
crm,PRJ-2024-00144,PRJ-2024-00144,crm_export_corrupted.csv,2026-09-27T15:02:36.401123
crm,PRJ-2024-00145,PRJ-2024-00145,crm_export_corrupted.csv,2026-09-27T15:02:36.401123
crm,PRJ-2024-00146,PRJ-2024-00146,crm_export_corrupted.csv,2026-09-27T15:02:36.401123
crm,PRJ-2024-00147,PRJ-2024-00147,crm_export_corrupted.csv,2026-09-27T15:02:36.401123
crm,PRJ-2024-00148,PRJ-2024-00148,crm_export_corrupted.csv,2026-09-27T15:02:36.401123
crm,PRJ-2024-00149,PRJ-2024-00149,crm_export_corrupted.csv,2026-09-27T15:02:36.401123
crm,PRJ-2024-00150,PRJ-2024-00150,crm_export_corrupted.csv,2026-09-27T15:02:36.401123
crm,PRJ-2024-00151,PRJ-2024-00151,crm_export_corrupted.csv,2026-09-27T15:02:36.401123
crm,PRJ-2024-00152,PRJ-2024-00152,crm_export_corrupted.csv,2026-09-27T15:02:36.401123
crm,PRJ-2024-00153,PRJ-2024-00153,crm_export_corrupted.csv,2026-09-27T15:02:36.401123
crm,PRJ-2024-00154,PRJ-2024-00154,crm_export_corrupted.csv,2026-09-27T15:02:36.401123
crm,PRJ-2024-00155,PRJ-2024-00155,crm_export_corrupted.csv,2026-09-27T15:02:36.401123
crm,PRJ-2024-00156,PRJ-2024-00156,crm_export_corrupted.csv,2026-09-27T15:02:36.401123
crm,PRJ-2024-00157,PRJ-2024-00157,crm_export_corrupted.csv,2026-09-27T15:02:36.401123
crm,PRJ-2024-00158,PRJ-2024-00158,crm_export_corrupted.csv,2026-09-27T15:02:36.401123
crm,PRJ-2024-00159,PRJ-2024-00159,crm_export_corrupted.csv,2026-09-27T15:02:36.401123
crm,PRJ-2024-00160,PRJ-2024-00160,crm_export_corrupted.csv,2026-09-27T15:02:36.401123
crm,PRJ-2024-00161,PRJ-2024-00161,crm_export_corrupted.csv,2026-09-27T15:02:36.401123
crm,PRJ-2024-00162,PRJ-2024-00162,crm_export_corrupted.csv,2026-09-27T15:02:36.401123
crm,PRJ-2024-00163,PRJ-2024-00163,crm_export_corrupted.csv,2026-09-27T15:02:36.401123
crm,PRJ-2024-00164,PRJ-2024-00164,crm_export_corrupted.csv,2026-09-27T15:02:36.401123
crm,PRJ-2024-00165,PRJ-2024-00165,crm_export_corrupted.csv,2026-09-27T15:02:36.401123
crm,PRJ-2024-00166,PRJ-2024-00166,crm_export_corrupted.csv,2026-09-27T15:02:36.401123
crm,PRJ-2024-00167,PRJ-2024-00167,crm_export_corrupted.csv,2026-09-27T15:02:36.401123
crm,PRJ-2024-00168,PRJ-2024-00168,crm_export_corrupted.csv,2026-09-27T15:02:36.401123
crm,PRJ-2024-00169,PRJ-2024-00169,crm_export_corrupted.csv,2026-09-27T15:02:36.401123
crm,PRJ-2024-00170,PRJ-2024-00170,crm_export_corrupted.csv,2026-09-27T15:02:36.401123
crm,PRJ-2024-00171,PRJ-2024-00171,crm_export_corrupted.csv,2026-09-27T15:02:36.401123
crm,PRJ-2024-00172,PRJ-2024-00172,crm_export_corrupted.csv,2026-09-27T15:02:36.401123
crm,PRJ-2024-00173,PRJ-2024-00173,crm_export_corrupted.csv,2026-09-27T15:02:36.401123
crm,PRJ-2024-00174,PRJ-2024-00174,crm_export_corrupted.csv,2026-09-27T15:02:36.401123
crm,PRJ-2024-00175,PRJ-2024-00175,crm_export_corrupted.csv,2026-09-27T15:02:36.401123
crm,PRJ-2024-00176,PRJ-2024-00176,crm_export_corrupted.csv,2026-09-27T15:02:36.401123
crm,PRJ-2024-00177,PRJ-2024-00177,crm_export_corrupted.csv,2026-09-27T15:02:36.401123
crm,PRJ-2024-00178,PRJ-2024-00178,crm_export_corrupted.csv,2026-09-27T15:02:36.401123
crm,PRJ-2024-00179,PRJ-2024-00179,crm_export_corrupted.csv,2026-09-27T15:02:36.401123
crm,PRJ-2024-00180,PRJ-2024-00180,crm_export_corrupted.csv,2026-09-27T15:02:36.401123
crm,PRJ-2024-00181,PRJ-2024-00181,crm_export_corrupted.csv,2026-09-27T15:02:36.401123
crm,PRJ-2024-00182,PRJ-2024-00182,crm_export_corrupted.csv,2026-09-27T15:02:36.401123
crm,PRJ-2024-00183,PRJ-2024-00183,crm_export_corrupted.csv,2026-09-27T15:02:36.401123
crm,PRJ-2024-00184,PRJ-2024-00184,crm_export_corrupted.csv,2026-09-27T15:02:36.401123
crm,PRJ-2024-00185,PRJ-2024-00185,crm_export_corrupted.csv,2026-09-27T15:02:36.401123
crm,PRJ-2024-00186,PRJ-2024-00186,crm_export_corrupted.csv,2026-09-27T15:02:36.401123
crm,PRJ-2024-00187,PRJ-2024-00187,crm_export_corrupted.csv,2026-09-27T15:02:36.401123
crm,PRJ-2024-00188,PRJ-2024-00188,crm_export_corrupted.csv,2026-09-27T15:02:36.401123
crm,PRJ-2024-00189,PRJ-2024-00189,crm_export_corrupted.csv,2026-09-27T15:02:36.401123
crm,PRJ-2024-00190,PRJ-2024-00190,crm_export_corrupted.csv,2026-09-27T15:02:36.401123
crm,PRJ-2024-00191,PRJ-2024-00191,crm_export_corrupted.csv,2026-09-27T15:02:36.401123
crm,PRJ-2024-00192,PRJ-2024-00192,crm_export_corrupted.csv,2026-09-27T15:02:36.401123
crm,PRJ-2024-00193,PRJ-2024-00193,crm_export_corrupted.csv,2026-09-27T15:02:36.401123
crm,PRJ-2024-00194,PRJ-2024-00194,crm_export_corrupted.csv,2026-09-27T15:02:36.401123
crm,PRJ-2024-00195,PRJ-2024-00195,crm_export_corrupted.csv,2026-09-27T15:02:36.401123
crm,PRJ-2024-00196,PRJ-2024-00196,crm_export_corrupted.csv,2026-09-27T15:02:36.401123
crm,PRJ-2024-00197,PRJ-2024-00197,crm_export_corrupted.csv,2026-09-27T15:02:36.401123
crm,PRJ-2024-00198,PRJ-2024-00198,crm_export_corrupted.csv,2026-09-27T15:02:36.401123
crm,PRJ-2024-00199,PRJ-2024-00199,crm_export_corrupted.csv,2026-09-27T15:02:36.401123
crm,PRJ-2024-00200,PRJ-2024-00200,crm_export_corrupted.csv,2026-09-27T15:02:36.401123
crm,PRJ-2024-00201,PRJ-2024-00201,crm_export_corrupted.csv,2026-09-27T15:02:36.401123
crm,PRJ-2024-00202,PRJ-2024-00202,crm_export_corrupted.csv,2026-09-27T15:02:36.401123
crm,PRJ-2024-00203,PRJ-2024-00203,crm_export_corrupted.csv,2026-09-27T15:02:36.401123
crm,PRJ-2024-00204,PRJ-2024-00204,crm_export_corrupted.csv,2026-09-27T15:02:36.401123
crm,PRJ-2024-00205,PRJ-2024-00205,crm_export_corrupted.csv,2026-09-27T15:02:36.401123
crm,PRJ-2024-00206,PRJ-2024-00206,crm_export_corrupted.csv,2026-09-27T15:02:36.401123
crm,PRJ-2024-00207,PRJ-2024-00207,crm_export_corrupted.csv,2026-09-27T15:02:36.401123
crm,PRJ-2024-00208,PRJ-2024-00208,crm_export_corrupted.csv,2026-09-27T15:02:36.401123
crm,PRJ-2024-00209,PRJ-2024-00209,crm_export_corrupted.csv,2026-09-27T15:02:36.401123
crm,PRJ-2024-00210,PRJ-2024-00210,crm_export_corrupted.csv,2026-09-27T15:02:36.401123
crm,PRJ-2024-00211,PRJ-2024-00211,crm_export_corrupted.csv,2026-09-27T15:02:36.401123
crm,PRJ-2024-00212,PRJ-2024-00212,crm_export_corrupted.csv,2026-09-27T15:02:36.401123
crm,PRJ-2024-00213,PRJ-2024-00213,crm_export_corrupted.csv,2026-09-27T15:02:36.401123
crm,PRJ-2024-00214,PRJ-2024-00214,crm_export_corrupted.csv,2026-09-27T15:02:36.401123
crm,PRJ-2024-00215,PRJ-2024-00215,crm_export_corrupted.csv,2026-09-27T15:02:36.401123
crm,PRJ-2024-00216,PRJ-2024-00216,crm_export_corrupted.csv,2026-09-27T15:02:36.401123
crm,PRJ-2024-00217,PRJ-2024-00217,crm_export_corrupted.csv,2026-09-27T15:02:36.401123
crm,PRJ-2024-00218,PRJ-2024-00218,crm_export_corrupted.csv,2026-09-27T15:02:36.401123
crm,PRJ-2024-00219,PRJ-2024-00219,crm_export_corrupted.csv,2026-09-27T15:02:36.401123
crm,PRJ-2024-00220,PRJ-2024-00220,crm_export_corrupted.csv,2026-09-27T15:02:36.401123
crm,PRJ-2024-00221,PRJ-2024-00221,crm_export_corrupted.csv,2026-09-27T15:02:36.401123
crm,PRJ-2024-00222,PRJ-2024-00222,crm_export_corrupted.csv,2026-09-27T15:02:36.401123
crm,PRJ-2024-00223,PRJ-2024-00223,crm_export_corrupted.csv,2026-09-27T15:02:36.401123
crm,PRJ-2024-00224,PRJ-2024-00224,crm_export_corrupted.csv,2026-09-27T15:02:36.401123
crm,PRJ-2024-00225,PRJ-2024-00225,crm_export_corrupted.csv,2026-09-27T15:02:36.401123
crm,PRJ-2024-00226,PRJ-2024-00226,crm_export_corrupted.csv,2026-09-27T15:02:36.401123
crm,PRJ-2024-00227,PRJ-2024-00227,crm_export_corrupted.csv,2026-09-27T15:02:36.401123
crm,PRJ-2024-00228,PRJ-2024-00228,crm_export_corrupted.csv,2026-09-27T15:02:36.401123
crm,PRJ-2024-00229,PRJ-2024-00229,crm_export_corrupted.csv,2026-09-27T15:02:36.401123
crm,PRJ-2024-00230,PRJ-2024-00230,crm_export_corrupted.csv,2026-09-27T15:02:36.401123
crm,PRJ-2024-00231,PRJ-2024-00231,crm_export_corrupted.csv,2026-09-27T15:02:36.401123
crm,PRJ-2024-00232,PRJ-2024-00232,crm_export_corrupted.csv,2026-09-27T15:02:36.401123
crm,PRJ-2024-00233,PRJ-2024-00233,crm_export_corrupted.csv,2026-09-27T15:02:36.401123
crm,PRJ-2024-00234,PRJ-2024-00234,crm_export_corrupted.csv,2026-09-27T15:02:36.401123
crm,PRJ-2024-00235,PRJ-2024-00235,crm_export_corrupted.csv,2026-09-27T15:02:36.401123
crm,PRJ-2024-00236,PRJ-2024-00236,crm_export_corrupted.csv,2026-09-27T15:02:36.401123
crm,PRJ-2024-00237,PRJ-2024-00237,crm_export_corrupted.csv,2026-09-27T15:02:36.401123
crm,PRJ-2024-00238,PRJ-2024-00238,crm_export_corrupted.csv,2026-09-27T15:02:36.401123
crm,PRJ-2024-00239,PRJ-2024-00239,crm_export_corrupted.csv,2026-09-27T15:02:36.401123
crm,PRJ-2024-00240,PRJ-2024-00240,crm_export_corrupted.csv,2026-09-27T15:02:36.401123
crm,PRJ-2024-00241,PRJ-2024-00241,crm_export_corrupted.csv,2026-09-27T15:02:36.401123
crm,PRJ-2024-00242,PRJ-2024-00242,crm_export_corrupted.csv,2026-09-27T15:02:36.401123
crm,PRJ-2024-00243,PRJ-2024-00243,crm_export_corrupted.csv,2026-09-27T15:02:36.401123
crm,PRJ-2024-00244,PRJ-2024-00244,crm_export_corrupted.csv,2026-09-27T15:02:36.401123
crm,PRJ-2024-00245,PRJ-2024-00245,crm_export_corrupted.csv,2026-09-27T15:02:36.401123
crm,PRJ-2024-00246,PRJ-2024-00246,crm_export_corrupted.csv,2026-09-27T15:02:36.401123
crm,PRJ-2024-00247,PRJ-2024-00247,crm_export_corrupted.csv,2026-09-27T15:02:36.401123
crm,PRJ-2024-00248,PRJ-2024-00248,crm_export_corrupted.csv,2026-09-27T15:02:36.401123
crm,PRJ-2024-00249,PRJ-2024-00249,crm_export_corrupted.csv,2026-09-27T15:02:36.401123
crm,PRJ-2024-00250,PRJ-2024-00250,crm_export_corrupted.csv,2026-09-27T15:02:36.401123
crm,PRJ-2024-00251,PRJ-2024-00251,crm_export_corrupted.csv,2026-09-27T15:02:36.401123
crm,PRJ-2024-00252,PRJ-2024-00252,crm_export_corrupted.csv,2026-09-27T15:02:36.401123
crm,PRJ-2024-00253,PRJ-2024-00253,crm_export_corrupted.csv,2026-09-27T15:02:36.401123
crm,PRJ-2024-00254,PRJ-2024-00254,crm_export_corrupted.csv,2026-09-27T15:02:36.401123
crm,PRJ-2024-00255,PRJ-2024-00255,crm_export_corrupted.csv,2026-09-27T15:02:36.401123
crm,PRJ-2024-00256,PRJ-2024-00256,crm_export_corrupted.csv,2026-09-27T15:02:36.401123
crm,PRJ-2024-00257,PRJ-2024-00257,crm_export_corrupted.csv,2026-09-27T15:02:36.401123
crm,PRJ-2024-00258,PRJ-2024-00258,crm_export_corrupted.csv,2026-09-27T15:02:36.401123
crm,PRJ-2024-00259,PRJ-2024-00259,crm_export_corrupted.csv,2026-09-27T15:02:36.401123
crm,PRJ-2024-00260,PRJ-2024-00260,crm_export_corrupted.csv,2026-09-27T15:02:36.401123
crm,PRJ-2024-00261,PRJ-2024-00261,crm_export_corrupted.csv,2026-09-27T15:02:36.401123
crm,PRJ-2024-00262,PRJ-2024-00262,crm_export_corrupted.csv,2026-09-27T15:02:36.401123
crm,PRJ-2024-00263,PRJ-2024-00263,crm_export_corrupted.csv,2026-09-27T15:02:36.401123
crm,PRJ-2024-00264,PRJ-2024-00264,crm_export_corrupted.csv,2026-09-27T15:02:36.401123
crm,PRJ-2024-00265,PRJ-2024-00265,crm_export_corrupted.csv,2026-09-27T15:02:36.401123
crm,PRJ-2024-00266,PRJ-2024-00266,crm_export_corrupted.csv,2026-09-27T15:02:36.401123
crm,PRJ-2024-00267,PRJ-2024-00267,crm_export_corrupted.csv,2026-09-27T15:02:36.401123
crm,PRJ-2024-00268,PRJ-2024-00268,crm_export_corrupted.csv,2026-09-27T15:02:36.401123
crm,PRJ-2024-00269,PRJ-2024-00269,crm_export_corrupted.csv,2026-09-27T15:02:36.401123
crm,PRJ-2024-00270,PRJ-2024-00270,crm_export_corrupted.csv,2026-09-27T15:02:36.401123
crm,PRJ-2024-00271,PRJ-2024-00271,crm_export_corrupted.csv,2026-09-27T15:02:36.401123
crm,PRJ-2024-00272,PRJ-2024-00272,crm_export_corrupted.csv,2026-09-27T15:02:36.401123
crm,PRJ-2024-00273,PRJ-2024-00273,crm_export_corrupted.csv,2026-09-27T15:02:36.401123
crm,PRJ-2024-00274,PRJ-2024-00274,crm_export_corrupted.csv,2026-09-27T15:02:36.401123
crm,PRJ-2024-00275,PRJ-2024-00275,crm_export_corrupted.csv,2026-09-27T15:02:36.401123
crm,PRJ-2024-00276,PRJ-2024-00276,crm_export_corrupted.csv,2026-09-27T15:02:36.401123
crm,PRJ-2024-00277,PRJ-2024-00277,crm_export_corrupted.csv,2026-09-27T15:02:36.401123
crm,PRJ-2024-00278,PRJ-2024-00278,crm_export_corrupted.csv,2026-09-27T15:02:36.401123
crm,PRJ-2024-00279,PRJ-2024-00279,crm_export_corrupted.csv,2026-09-27T15:02:36.401123
crm,PRJ-2024-00280,PRJ-2024-00280,crm_export_corrupted.csv,2026-09-27T15:02:36.401123
crm,PRJ-2024-00281,PRJ-2024-00281,crm_export_corrupted.csv,2026-09-27T15:02:36.401123
crm,PRJ-2024-00282,PRJ-2024-00282,crm_export_corrupted.csv,2026-09-27T15:02:36.401123
crm,PRJ-2024-00283,PRJ-2024-00283,crm_export_corrupted.csv,2026-09-27T15:02:36.401123
crm,PRJ-2024-00284,PRJ-2024-00284,crm_export_corrupted.csv,2026-09-27T15:02:36.401123
crm,PRJ-2024-00285,PRJ-2024-00285,crm_export_corrupted.csv,2026-09-27T15:02:36.401123
crm,PRJ-2024-00286,PRJ-2024-00286,crm_export_corrupted.csv,2026-09-27T15:02:36.401123
crm,PRJ-2024-00287,PRJ-2024-00287,crm_export_corrupted.csv,2026-09-27T15:02:36.401123
crm,PRJ-2024-00288,PRJ-2024-00288,crm_export_corrupted.csv,2026-09-27T15:02:36.401123
crm,PRJ-2024-00289,PRJ-2024-00289,crm_export_corrupted.csv,2026-09-27T15:02:36.401123
crm,PRJ-2024-00290,PRJ-2024-00290,crm_export_corrupted.csv,2026-09-27T15:02:36.401123
crm,PRJ-2024-00291,PRJ-2024-00291,crm_export_corrupted.csv,2026-09-27T15:02:36.401123
crm,PRJ-2024-00292,PRJ-2024-00292,crm_export_corrupted.csv,2026-09-27T15:02:36.401123
crm,PRJ-2024-00293,PRJ-2024-00293,crm_export_corrupted.csv,2026-09-27T15:02:36.401123
crm,PRJ-2024-00294,PRJ-2024-00294,crm_export_corrupted.csv,2026-09-27T15:02:36.401123
crm,PRJ-2024-00295,PRJ-2024-00295,crm_export_corrupted.csv,2026-09-27T15:02:36.401123
crm,PRJ-2024-00296,PRJ-2024-00296,crm_export_corrupted.csv,2026-09-27T15:02:36.401123
crm,PRJ-2024-00297,PRJ-2024-00297,crm_export_corrupted.csv,2026-09-27T15:02:36.401123
crm,PRJ-2024-00298,PRJ-2024-00298,crm_export_corrupted.csv,2026-09-27T15:02:36.401123
crm,PRJ-2024-00299,PRJ-2024-00299,crm_export_corrupted.csv,2026-09-27T15:02:36.401123
crm,PRJ-2024-00300,PRJ-2024-00300,crm_export_corrupted.csv,2026-09-27T15:02:36.401123
crm,PRJ-2024-00301,PRJ-2024-00301,crm_export_corrupted.csv,2026-09-27T15:02:36.401123
crm,PRJ-2024-00302,PRJ-2024-00302,crm_export_corrupted.csv,2026-09-27T15:02:36.401123
crm,PRJ-2024-00303,PRJ-2024-00303,crm_export_corrupted.csv,2026-09-27T15:02:36.401123
crm,PRJ-2024-00304,PRJ-2024-00304,crm_export_corrupted.csv,2026-09-27T15:02:36.401123
crm,PRJ-2024-00305,PRJ-2024-00305,crm_export_corrupted.csv,2026-09-27T15:02:36.401123
crm,PRJ-2024-00306,PRJ-2024-00306,crm_export_corrupted.csv,2026-09-27T15:02:36.401123
crm,PRJ-2024-00307,PRJ-2024-00307,crm_export_corrupted.csv,2026-09-27T15:02:36.401123
crm,PRJ-2024-00308,PRJ-2024-00308,crm_export_corrupted.csv,2026-09-27T15:02:36.401123
crm,PRJ-2024-00309,PRJ-2024-00309,crm_export_corrupted.csv,2026-09-27T15:02:36.401123
crm,PRJ-2024-00310,PRJ-2024-00310,crm_export_corrupted.csv,2026-09-27T15:02:36.401123
crm,PRJ-2024-00311,PRJ-2024-00311,crm_export_corrupted.csv,2026-09-27T15:02:36.401123
crm,PRJ-2024-00312,PRJ-2024-00312,crm_export_corrupted.csv,2026-09-27T15:02:36.401123
crm,PRJ-2024-00313,PRJ-2024-00313,crm_export_corrupted.csv,2026-09-27T15:02:36.401123
crm,PRJ-2024-00314,PRJ-2024-00314,crm_export_corrupted.csv,2026-09-27T15:02:36.401123
crm,PRJ-2024-00315,PRJ-2024-00315,crm_export_corrupted.csv,2026-09-27T15:02:36.401123
crm,PRJ-2024-00316,PRJ-2024-00316,crm_export_corrupted.csv,2026-09-27T15:02:36.401123
crm,PRJ-2024-00317,PRJ-2024-00317,crm_export_corrupted.csv,2026-09-27T15:02:36.401123
crm,PRJ-2024-00318,PRJ-2024-00318,crm_export_corrupted.csv,2026-09-27T15:02:36.401123
crm,PRJ-2024-00319,PRJ-2024-00319,crm_export_corrupted.csv,2026-09-27T15:02:36.401123
crm,PRJ-2024-00320,PRJ-2024-00320,crm_export_corrupted.csv,2026-09-27T15:02:36.401123
crm,PRJ-2024-00321,PRJ-2024-00321,crm_export_corrupted.csv,2026-09-27T15:02:36.401123
crm,PRJ-2024-00322,PRJ-2024-00322,crm_export_corrupted.csv,2026-09-27T15:02:36.401123
crm,PRJ-2024-00323,PRJ-2024-00323,crm_export_corrupted.csv,2026-09-27T15:02:36.401123
crm,PRJ-2024-00324,PRJ-2024-00324,crm_export_corrupted.csv,2026-09-27T15:02:36.401123
crm,PRJ-2024-00325,PRJ-2024-00325,crm_export_corrupted.csv,2026-09-27T15:02:36.401123
crm,PRJ-2024-00326,PRJ-2024-00326,crm_export_corrupted.csv,2026-09-27T15:02:36.401123
crm,PRJ-2024-00327,PRJ-2024-00327,crm_export_corrupted.csv,2026-09-27T15:02:36.401123
crm,PRJ-2024-00328,PRJ-2024-00328,crm_export_corrupted.csv,2026-09-27T15:02:36.401123
crm,PRJ-2024-00329,PRJ-2024-00329,crm_export_corrupted.csv,2026-09-27T15:02:36.401123
crm,PRJ-2024-00330,PRJ-2024-00330,crm_export_corrupted.csv,2026-09-27T15:02:36.401123
crm,PRJ-2024-00331,PRJ-2024-00331,crm_export_corrupted.csv,2026-09-27T15:02:36.401123
crm,PRJ-2024-00332,PRJ-2024-00332,crm_export_corrupted.csv,2026-09-27T15:02:36.401123
crm,PRJ-2024-00333,PRJ-2024-00333,crm_export_corrupted.csv,2026-09-27T15:02:36.401123
crm,PRJ-2024-00334,PRJ-2024-00334,crm_export_corrupted.csv,2026-09-27T15:02:36.401123
crm,PRJ-2024-00335,PRJ-2024-00335,crm_export_corrupted.csv,2026-09-27T15:02:36.401123
crm,PRJ-2024-00336,PRJ-2024-00336,crm_export_corrupted.csv,2026-09-27T15:02:36.401123
crm,PRJ-2024-00337,PRJ-2024-00337,crm_export_corrupted.csv,2026-09-27T15:02:36.401123
crm,PRJ-2024-00338,PRJ-2024-00338,crm_export_corrupted.csv,2026-09-27T15:02:36.401123
crm,PRJ-2024-00339,PRJ-2024-00339,crm_export_corrupted.csv,2026-09-27T15:02:36.401123
crm,PRJ-2024-00340,PRJ-2024-00340,crm_export_corrupted.csv,2026-09-27T15:02:36.401123
crm,PRJ-2024-00341,PRJ-2024-00341,crm_export_corrupted.csv,2026-09-27T15:02:36.401123
crm,PRJ-2024-00342,PRJ-2024-00342,crm_export_corrupted.csv,2026-09-27T15:02:36.401123
crm,PRJ-2024-00343,PRJ-2024-00343,crm_export_corrupted.csv,2026-09-27T15:02:36.401123
crm,PRJ-2024-00344,PRJ-2024-00344,crm_export_corrupted.csv,2026-09-27T15:02:36.401123
crm,PRJ-2024-00345,PRJ-2024-00345,crm_export_corrupted.csv,2026-09-27T15:02:36.401123
crm,PRJ-2024-00346,PRJ-2024-00346,crm_export_corrupted.csv,2026-09-27T15:02:36.401123
crm,PRJ-2024-00347,PRJ-2024-00347,crm_export_corrupted.csv,2026-09-27T15:02:36.401123
crm,PRJ-2024-00348,PRJ-2024-00348,crm_export_corrupted.csv,2026-09-27T15:02:36.401123
crm,PRJ-2024-00349,PRJ-2024-00349,crm_export_corrupted.csv,2026-09-27T15:02:36.401123
crm,PRJ-2024-00350,PRJ-2024-00350,crm_export_corrupted.csv,2026-09-27T15:02:36.401123
crm,PRJ-2024-00351,PRJ-2024-00351,crm_export_corrupted.csv,2026-09-27T15:02:36.401123
crm,PRJ-2024-00352,PRJ-2024-00352,crm_export_corrupted.csv,2026-09-27T15:02:36.401123
crm,PRJ-2024-00353,PRJ-2024-00353,crm_export_corrupted.csv,2026-09-27T15:02:36.401123
crm,PRJ-2024-00354,PRJ-2024-00354,crm_export_corrupted.csv,2026-09-27T15:02:36.401123
crm,PRJ-2024-00355,PRJ-2024-00355,crm_export_corrupted.csv,2026-09-27T15:02:36.401123
crm,PRJ-2024-00356,PRJ-2024-00356,crm_export_corrupted.csv,2026-09-27T15:02:36.401123
crm,PRJ-2024-00357,PRJ-2024-00357,crm_export_corrupted.csv,2026-09-27T15:02:36.401123
crm,PRJ-2024-00358,PRJ-2024-00358,crm_export_corrupted.csv,2026-09-27T15:02:36.401123
crm,PRJ-2024-00359,PRJ-2024-00359,crm_export_corrupted.csv,2026-09-27T15:02:36.401123
crm,PRJ-2024-00360,PRJ-2024-00360,crm_export_corrupted.csv,2026-09-27T15:02:36.401123
crm,PRJ-2024-00361,PRJ-2024-00361,crm_export_corrupted.csv,2026-09-27T15:02:36.401123
crm,PRJ-2024-00362,PRJ-2024-00362,crm_export_corrupted.csv,2026-09-27T15:02:36.401123
crm,PRJ-2024-00363,PRJ-2024-00363,crm_export_corrupted.csv,2026-09-27T15:02:36.401123
crm,PRJ-2024-00364,PRJ-2024-00364,crm_export_corrupted.csv,2026-09-27T15:02:36.401123
crm,PRJ-2024-00365,PRJ-2024-00365,crm_export_corrupted.csv,2026-09-27T15:02:36.401123
crm,PRJ-2024-00366,PRJ-2024-00366,crm_export_corrupted.csv,2026-09-27T15:02:36.401123
crm,PRJ-2024-00367,PRJ-2024-00367,crm_export_corrupted.csv,2026-09-27T15:02:36.401123
crm,PRJ-2024-00368,PRJ-2024-00368,crm_export_corrupted.csv,2026-09-27T15:02:36.401123
crm,PRJ-2024-00369,PRJ-2024-00369,crm_export_corrupted.csv,2026-09-27T15:02:36.401123
crm,PRJ-2024-00370,PRJ-2024-00370,crm_export_corrupted.csv,2026-09-27T15:02:36.401123
crm,PRJ-2024-00371,PRJ-2024-00371,crm_export_corrupted.csv,2026-09-27T15:02:36.401123
crm,PRJ-2024-00372,PRJ-2024-00372,crm_export_corrupted.csv,2026-09-27T15:02:36.401123
crm,PRJ-2024-00373,PRJ-2024-00373,crm_export_corrupted.csv,2026-09-27T15:02:36.401123
crm,PRJ-2024-00374,PRJ-2024-00374,crm_export_corrupted.csv,2026-09-27T15:02:36.401123
crm,PRJ-2024-00375,PRJ-2024-00375,crm_export_corrupted.csv,2026-09-27T15:02:36.401123
crm,PRJ-2024-00376,PRJ-2024-00376,crm_export_corrupted.csv,2026-09-27T15:02:36.401123
crm,PRJ-2024-00377,PRJ-2024-00377,crm_export_corrupted.csv,2026-09-27T15:02:36.401123
crm,PRJ-2024-00378,PRJ-2024-00378,crm_export_corrupted.csv,2026-09-27T15:02:36.401123
crm,PRJ-2024-00379,PRJ-2024-00379,crm_export_corrupted.csv,2026-09-27T15:02:36.401123
crm,PRJ-2024-00380,PRJ-2024-00380,crm_export_corrupted.csv,2026-09-27T15:02:36.401123
crm,PRJ-2024-00381,PRJ-2024-00381,crm_export_corrupted.csv,2026-09-27T15:02:36.401123
crm,PRJ-2024-00382,PRJ-2024-00382,crm_export_corrupted.csv,2026-09-27T15:02:36.401123
crm,PRJ-2024-00383,PRJ-2024-00383,crm_export_corrupted.csv,2026-09-27T15:02:36.401123
crm,PRJ-2024-00384,PRJ-2024-00384,crm_export_corrupted.csv,2026-09-27T15:02:36.401123
crm,PRJ-2024-00385,PRJ-2024-00385,crm_export_corrupted.csv,2026-09-27T15:02:36.401123
crm,PRJ-2024-00386,PRJ-2024-00386,crm_export_corrupted.csv,2026-09-27T15:02:36.401123
crm,PRJ-2024-00387,PRJ-2024-00387,crm_export_corrupted.csv,2026-09-27T15:02:36.401123
crm,PRJ-2024-00388,PRJ-2024-00388,crm_export_corrupted.csv,2026-09-27T15:02:36.401123
crm,PRJ-2024-00389,PRJ-2024-00389,crm_export_corrupted.csv,2026-09-27T15:02:36.401123
crm,PRJ-2024-00390,PRJ-2024-00390,crm_export_corrupted.csv,2026-09-27T15:02:36.401123
crm,PRJ-2024-00391,PRJ-2024-00391,crm_export_corrupted.csv,2026-09-27T15:02:36.401123
crm,PRJ-2024-00392,PRJ-2024-00392,crm_export_corrupted.csv,2026-09-27T15:02:36.401123
crm,PRJ-2024-00393,PRJ-2024-00393,crm_export_corrupted.csv,2026-09-27T15:02:36.401123
crm,PRJ-2024-00394,PRJ-2024-00394,crm_export_corrupted.csv,2026-09-27T15:02:36.401123
crm,PRJ-2024-00395,PRJ-2024-00395,crm_export_corrupted.csv,2026-09-27T15:02:36.401123
crm,PRJ-2024-00396,PRJ-2024-00396,crm_export_corrupted.csv,2026-09-27T15:02:36.401123
crm,PRJ-2024-00397,PRJ-2024-00397,crm_export_corrupted.csv,2026-09-27T15:02:36.401123
crm,PRJ-2024-00398,PRJ-2024-00398,crm_export_corrupted.csv,2026-09-27T15:02:36.401123
crm,PRJ-2024-00399,PRJ-2024-00399,crm_export_corrupted.csv,2026-09-27T15:02:36.401123
crm,PRJ-2024-00400,PRJ-2024-00400,crm_export_corrupted.csv,2026-09-27T15:02:36.401123
crm,PRJ-2024-00401,PRJ-2024-00401,crm_export_corrupted.csv,2026-09-27T15:02:36.401123
crm,PRJ-2024-00402,PRJ-2024-00402,crm_export_corrupted.csv,2026-09-27T15:02:36.401123
crm,PRJ-2024-00403,PRJ-2024-00403,crm_export_corrupted.csv,2026-09-27T15:02:36.401123
crm,PRJ-2024-00404,PRJ-2024-00404,crm_export_corrupted.csv,2026-09-27T15:02:36.401123
crm,PRJ-2024-00405,PRJ-2024-00405,crm_export_corrupted.csv,2026-09-27T15:02:36.401123
crm,PRJ-2024-00406,PRJ-2024-00406,crm_export_corrupted.csv,2026-09-27T15:02:36.401123
crm,PRJ-2024-00407,PRJ-2024-00407,crm_export_corrupted.csv,2026-09-27T15:02:36.401123
crm,PRJ-2024-00408,PRJ-2024-00408,crm_export_corrupted.csv,2026-09-27T15:02:36.401123
crm,PRJ-2024-00409,PRJ-2024-00409,crm_export_corrupted.csv,2026-09-27T15:02:36.401123
crm,PRJ-2024-00410,PRJ-2024-00410,crm_export_corrupted.csv,2026-09-27T15:02:36.401123
crm,PRJ-2024-00411,PRJ-2024-00411,crm_export_corrupted.csv,2026-09-27T15:02:36.401123
crm,PRJ-2024-00412,PRJ-2024-00412,crm_export_corrupted.csv,2026-09-27T15:02:36.401123
crm,PRJ-2024-00413,PRJ-2024-00413,crm_export_corrupted.csv,2026-09-27T15:02:36.401123
crm,PRJ-2024-00414,PRJ-2024-00414,crm_export_corrupted.csv,2026-09-27T15:02:36.401123
crm,PRJ-2024-00415,PRJ-2024-00415,crm_export_corrupted.csv,2026-09-27T15:02:36.401123
crm,PRJ-2024-00416,PRJ-2024-00416,crm_export_corrupted.csv,2026-09-27T15:02:36.401123
crm,PRJ-2024-00417,PRJ-2024-00417,crm_export_corrupted.csv,2026-09-27T15:02:36.401123
crm,PRJ-2024-00418,PRJ-2024-00418,crm_export_corrupted.csv,2026-09-27T15:02:36.401123
crm,PRJ-2024-00419,PRJ-2024-00419,crm_export_corrupted.csv,2026-09-27T15:02:36.401123
crm,PRJ-2024-00420,PRJ-2024-00420,crm_export_corrupted.csv,2026-09-27T15:02:36.401123
crm,PRJ-2024-00421,PRJ-2024-00421,crm_export_corrupted.csv,2026-09-27T15:02:36.401123
crm,PRJ-2024-00422,PRJ-2024-00422,crm_export_corrupted.csv,2026-09-27T15:02:36.401123
crm,PRJ-2024-00423,PRJ-2024-00423,crm_export_corrupted.csv,2026-09-27T15:02:36.401123
crm,PRJ-2024-00424,PRJ-2024-00424,crm_export_corrupted.csv,2026-09-27T15:02:36.401123
crm,PRJ-2024-00425,PRJ-2024-00425,crm_export_corrupted.csv,2026-09-27T15:02:36.401123
crm,PRJ-2024-00426,PRJ-2024-00426,crm_export_corrupted.csv,2026-09-27T15:02:36.401123
crm,PRJ-2024-00427,PRJ-2024-00427,crm_export_corrupted.csv,2026-09-27T15:02:36.401123
crm,PRJ-2024-00428,PRJ-2024-00428,crm_export_corrupted.csv,2026-09-27T15:02:36.401123
crm,PRJ-2024-00429,PRJ-2024-00429,crm_export_corrupted.csv,2026-09-27T15:02:36.401123
crm,PRJ-2024-00430,PRJ-2024-00430,crm_export_corrupted.csv,2026-09-27T15:02:36.401123
crm,PRJ-2024-00431,PRJ-2024-00431,crm_export_corrupted.csv,2026-09-27T15:02:36.401123
crm,PRJ-2024-00432,PRJ-2024-00432,crm_export_corrupted.csv,2026-09-27T15:02:36.401123
crm,PRJ-2024-00433,PRJ-2024-00433,crm_export_corrupted.csv,2026-09-27T15:02:36.401123
crm,PRJ-2024-00434,PRJ-2024-00434,crm_export_corrupted.csv,2026-09-27T15:02:36.401123
crm,PRJ-2024-00435,PRJ-2024-00435,crm_export_corrupted.csv,2026-09-27T15:02:36.401123
crm,PRJ-2024-00436,PRJ-2024-00436,crm_export_corrupted.csv,2026-09-27T15:02:36.401123
crm,PRJ-2024-00437,PRJ-2024-00437,crm_export_corrupted.csv,2026-09-27T15:02:36.401123
crm,PRJ-2024-00438,PRJ-2024-00438,crm_export_corrupted.csv,2026-09-27T15:02:36.401123
crm,PRJ-2024-00439,PRJ-2024-00439,crm_export_corrupted.csv,2026-09-27T15:02:36.401123
crm,PRJ-2024-00440,PRJ-2024-00440,crm_export_corrupted.csv,2026-09-27T15:02:36.401123
crm,PRJ-2024-00441,PRJ-2024-00441,crm_export_corrupted.csv,2026-09-27T15:02:36.401123
crm,PRJ-2024-00442,PRJ-2024-00442,crm_export_corrupted.csv,2026-09-27T15:02:36.401123
crm,PRJ-2024-00443,PRJ-2024-00443,crm_export_corrupted.csv,2026-09-27T15:02:36.401123
crm,PRJ-2024-00444,PRJ-2024-00444,crm_export_corrupted.csv,2026-09-27T15:02:36.401123
crm,PRJ-2024-00445,PRJ-2024-00445,crm_export_corrupted.csv,2026-09-27T15:02:36.401123
crm,PRJ-2024-00446,PRJ-2024-00446,crm_export_corrupted.csv,2026-09-27T15:02:36.401123
crm,PRJ-2024-00447,PRJ-2024-00447,crm_export_corrupted.csv,2026-09-27T15:02:36.401123
crm,PRJ-2024-00448,PRJ-2024-00448,crm_export_corrupted.csv,2026-09-27T15:02:36.401123
crm,PRJ-2024-00449,PRJ-2024-00449,crm_export_corrupted.csv,2026-09-27T15:02:36.401123
crm,PRJ-2024-00450,PRJ-2024-00450,crm_export_corrupted.csv,2026-09-27T15:02:36.401123
crm,PRJ-2024-00451,PRJ-2024-00451,crm_export_corrupted.csv,2026-09-27T15:02:36.401123
crm,PRJ-2024-00452,PRJ-2024-00452,crm_export_corrupted.csv,2026-09-27T15:02:36.401123
crm,PRJ-2024-00453,PRJ-2024-00453,crm_export_corrupted.csv,2026-09-27T15:02:36.401123
crm,PRJ-2024-00454,PRJ-2024-00454,crm_export_corrupted.csv,2026-09-27T15:02:36.401123
crm,PRJ-2024-00455,PRJ-2024-00455,crm_export_corrupted.csv,2026-09-27T15:02:36.401123
crm,PRJ-2024-00456,PRJ-2024-00456,crm_export_corrupted.csv,2026-09-27T15:02:36.401123
crm,PRJ-2024-00457,PRJ-2024-00457,crm_export_corrupted.csv,2026-09-27T15:02:36.401123
crm,PRJ-2024-00458,PRJ-2024-00458,crm_export_corrupted.csv,2026-09-27T15:02:36.401123
crm,PRJ-2024-00459,PRJ-2024-00459,crm_export_corrupted.csv,2026-09-27T15:02:36.401123
crm,PRJ-2024-00460,PRJ-2024-00460,crm_export_corrupted.csv,2026-09-27T15:02:36.401123
crm,PRJ-2024-00461,PRJ-2024-00461,crm_export_corrupted.csv,2026-09-27T15:02:36.401123
crm,PRJ-2024-00462,PRJ-2024-00462,crm_export_corrupted.csv,2026-09-27T15:02:36.401123
crm,PRJ-2024-00463,PRJ-2024-00463,crm_export_corrupted.csv,2026-09-27T15:02:36.401123
crm,PRJ-2024-00464,PRJ-2024-00464,crm_export_corrupted.csv,2026-09-27T15:02:36.401123
crm,PRJ-2024-00465,PRJ-2024-00465,crm_export_corrupted.csv,2026-09-27T15:02:36.401123
crm,PRJ-2024-00466,PRJ-2024-00466,crm_export_corrupted.csv,2026-09-27T15:02:36.401123
crm,PRJ-2024-00467,PRJ-2024-00467,crm_export_corrupted.csv,2026-09-27T15:02:36.401123
crm,PRJ-2024-00468,PRJ-2024-00468,crm_export_corrupted.csv,2026-09-27T15:02:36.401123
crm,PRJ-2024-00469,PRJ-2024-00469,crm_export_corrupted.csv,2026-09-27T15:02:36.401123
crm,PRJ-2024-00470,PRJ-2024-00470,crm_export_corrupted.csv,2026-09-27T15:02:36.401123
crm,PRJ-2024-00471,PRJ-2024-00471,crm_export_corrupted.csv,2026-09-27T15:02:36.401123
crm,PRJ-2024-00472,PRJ-2024-00472,crm_export_corrupted.csv,2026-09-27T15:02:36.401123
crm,PRJ-2024-00473,PRJ-2024-00473,crm_export_corrupted.csv,2026-09-27T15:02:36.401123
crm,PRJ-2024-00474,PRJ-2024-00474,crm_export_corrupted.csv,2026-09-27T15:02:36.401123
crm,PRJ-2024-00475,PRJ-2024-00475,crm_export_corrupted.csv,2026-09-27T15:02:36.401123
crm,PRJ-2024-00476,PRJ-2024-00476,crm_export_corrupted.csv,2026-09-27T15:02:36.401123
crm,PRJ-2024-00477,PRJ-2024-00477,crm_export_corrupted.csv,2026-09-27T15:02:36.401123
crm,PRJ-2024-00478,PRJ-2024-00478,crm_export_corrupted.csv,2026-09-27T15:02:36.401123
crm,PRJ-2024-00479,PRJ-2024-00479,crm_export_corrupted.csv,2026-09-27T15:02:36.401123
crm,PRJ-2024-00480,PRJ-2024-00480,crm_export_corrupted.csv,2026-09-27T15:02:36.401123
crm,PRJ-2024-00481,PRJ-2024-00481,crm_export_corrupted.csv,2026-09-27T15:02:36.401123
crm,PRJ-2024-00482,PRJ-2024-00482,crm_export_corrupted.csv,2026-09-27T15:02:36.401123
crm,PRJ-2024-00483,PRJ-2024-00483,crm_export_corrupted.csv,2026-09-27T15:02:36.401123
crm,PRJ-2024-00484,PRJ-2024-00484,crm_export_corrupted.csv,2026-09-27T15:02:36.401123
crm,PRJ-2024-00485,PRJ-2024-00485,crm_export_corrupted.csv,2026-09-27T15:02:36.401123
crm,PRJ-2024-00486,PRJ-2024-00486,crm_export_corrupted.csv,2026-09-27T15:02:36.401123
crm,PRJ-2024-00487,PRJ-2024-00487,crm_export_corrupted.csv,2026-09-27T15:02:36.401123
crm,PRJ-2024-00488,PRJ-2024-00488,crm_export_corrupted.csv,2026-09-27T15:02:36.401123
crm,PRJ-2024-00489,PRJ-2024-00489,crm_export_corrupted.csv,2026-09-27T15:02:36.401123
crm,PRJ-2024-00490,PRJ-2024-00490,crm_export_corrupted.csv,2026-09-27T15:02:36.401123
crm,PRJ-2024-00491,PRJ-2024-00491,crm_export_corrupted.csv,2026-09-27T15:02:36.401123
crm,PRJ-2024-00492,PRJ-2024-00492,crm_export_corrupted.csv,2026-09-27T15:02:36.401123
crm,PRJ-2024-00493,PRJ-2024-00493,crm_export_corrupted.csv,2026-09-27T15:02:36.401123
crm,PRJ-2024-00494,PRJ-2024-00494,crm_export_corrupted.csv,2026-09-27T15:02:36.401123
crm,PRJ-2024-00495,PRJ-2024-00495,crm_export_corrupted.csv,2026-09-27T15:02:36.401123
crm,PRJ-2024-00496,PRJ-2024-00496,crm_export_corrupted.csv,2026-09-27T15:02:36.401123
crm,PRJ-2024-00497,PRJ-2024-00497,crm_export_corrupted.csv,2026-09-27T15:02:36.401123
crm,PRJ-2024-00498,PRJ-2024-00498,crm_export_corrupted.csv,2026-09-27T15:02:36.401123
crm,PRJ-2024-00499,PRJ-2024-00499,crm_export_corrupted.csv,2026-09-27T15:02:36.401123
crm,PRJ-2024-00500,PRJ-2024-00500,crm_export_corrupted.csv,2026-09-27T15:02:36.401123
erp,PRJ-2024-00001,PRJ-2024-00001,erp_export_corrupted.csv,2026-09-27T15:02:36.406842
erp,PRJ-2024-00002,PRJ-2024-00002,erp_export_corrupted.csv,2026-09-27T15:02:36.406842
erp,PRJ-2024-00003,PRJ-2024-00003,erp_export_corrupted.csv,2026-09-27T15:02:36.406842
erp,PRJ-2024-00004,PRJ-2024-00004,erp_export_corrupted.csv,2026-09-27T15:02:36.406842
erp,PRJ-2024-00005,PRJ-2024-00005,erp_export_corrupted.csv,2026-09-27T15:02:36.406842
erp,PRJ-2024-00006,PRJ-2024-00006,erp_export_corrupted.csv,2026-09-27T15:02:36.406842
erp,PRJ-2024-00007,PRJ-2024-00007,erp_export_corrupted.csv,2026-09-27T15:02:36.406842
erp,PRJ-2024-00008,PRJ-2024-00008,erp_export_corrupted.csv,2026-09-27T15:02:36.406842
erp,PRJ-2024-00009,PRJ-2024-00009,erp_export_corrupted.csv,2026-09-27T15:02:36.406842
erp,PRJ-2024-00010,PRJ-2024-00010,erp_export_corrupted.csv,2026-09-27T15:02:36.406842
erp,PRJ-2024-00011,PRJ-2024-00011,erp_export_corrupted.csv,2026-09-27T15:02:36.406842
erp,PRJ-2024-00012,PRJ-2024-00012,erp_export_corrupted.csv,2026-09-27T15:02:36.406842
erp,PRJ-2024-00013,PRJ-2024-00013,erp_export_corrupted.csv,2026-09-27T15:02:36.406842
erp,PRJ-2024-00014,PRJ-2024-00014,erp_export_corrupted.csv,2026-09-27T15:02:36.406842
erp,PRJ-2024-00015,PRJ-2024-00015,erp_export_corrupted.csv,2026-09-27T15:02:36.406842
erp,PRJ-2024-00016,PRJ-2024-00016,erp_export_corrupted.csv,2026-09-27T15:02:36.406842
erp,PRJ-2024-00017,PRJ-2024-00017,erp_export_corrupted.csv,2026-09-27T15:02:36.406842
erp,PRJ-2024-00018,PRJ-2024-00018,erp_export_corrupted.csv,2026-09-27T15:02:36.406842
erp,PRJ-2024-00019,PRJ-2024-00019,erp_export_corrupted.csv,2026-09-27T15:02:36.406842
erp,PRJ-2024-00020,PRJ-2024-00020,erp_export_corrupted.csv,2026-09-27T15:02:36.406842
erp,PRJ-2024-00021,PRJ-2024-00021,erp_export_corrupted.csv,2026-09-27T15:02:36.406842
erp,PRJ-2024-00022,PRJ-2024-00022,erp_export_corrupted.csv,2026-09-27T15:02:36.406842
erp,PRJ-2024-00023,PRJ-2024-00023,erp_export_corrupted.csv,2026-09-27T15:02:36.406842
erp,PRJ-2024-00024,PRJ-2024-00024,erp_export_corrupted.csv,2026-09-27T15:02:36.406842
erp,PRJ-2024-00025,PRJ-2024-00025,erp_export_corrupted.csv,2026-09-27T15:02:36.406842
erp,PRJ-2024-00026,PRJ-2024-00026,erp_export_corrupted.csv,2026-09-27T15:02:36.406842
erp,PRJ-2024-00027,PRJ-2024-00027,erp_export_corrupted.csv,2026-09-27T15:02:36.406842
erp,PRJ-2024-00028,PRJ-2024-00028,erp_export_corrupted.csv,2026-09-27T15:02:36.406842
erp,PRJ-2024-00029,PRJ-2024-00029,erp_export_corrupted.csv,2026-09-27T15:02:36.406842
erp,PRJ-2024-00030,PRJ-2024-00030,erp_export_corrupted.csv,2026-09-27T15:02:36.406842
erp,PRJ-2024-00031,PRJ-2024-00031,erp_export_corrupted.csv,2026-09-27T15:02:36.406842
erp,PRJ-2024-00032,PRJ-2024-00032,erp_export_corrupted.csv,2026-09-27T15:02:36.406842
erp,PRJ-2024-00033,PRJ-2024-00033,erp_export_corrupted.csv,2026-09-27T15:02:36.406842
erp,PRJ-2024-00034,PRJ-2024-00034,erp_export_corrupted.csv,2026-09-27T15:02:36.406842
erp,PRJ-2024-00035,PRJ-2024-00035,erp_export_corrupted.csv,2026-09-27T15:02:36.406842
erp,PRJ-2024-00036,PRJ-2024-00036,erp_export_corrupted.csv,2026-09-27T15:02:36.406842
erp,PRJ-2024-00037,PRJ-2024-00037,erp_export_corrupted.csv,2026-09-27T15:02:36.406842
erp,PRJ-2024-00038,PRJ-2024-00038,erp_export_corrupted.csv,2026-09-27T15:02:36.406842
erp,PRJ-2024-00039,PRJ-2024-00039,erp_export_corrupted.csv,2026-09-27T15:02:36.406842
erp,PRJ-2024-00040,PRJ-2024-00040,erp_export_corrupted.csv,2026-09-27T15:02:36.406842
erp,nan,nan,erp_export_corrupted.csv,2026-09-27T15:02:36.406842
erp,PRJ-2024-00042,PRJ-2024-00042,erp_export_corrupted.csv,2026-09-27T15:02:36.406842
erp,PRJ-2024-00043,PRJ-2024-00043,erp_export_corrupted.csv,2026-09-27T15:02:36.406842
erp,PRJ-2024-00044,PRJ-2024-00044,erp_export_corrupted.csv,2026-09-27T15:02:36.406842
erp,PRJ-2024-00045,PRJ-2024-00045,erp_export_corrupted.csv,2026-09-27T15:02:36.406842
erp,PRJ-2024-00046,PRJ-2024-00046,erp_export_corrupted.csv,2026-09-27T15:02:36.406842
erp,PRJ-2024-00047,PRJ-2024-00047,erp_export_corrupted.csv,2026-09-27T15:02:36.406842
erp,PRJ-2024-00048,PRJ-2024-00048,erp_export_corrupted.csv,2026-09-27T15:02:36.406842
erp,PRJ-2024-00049,PRJ-2024-00049,erp_export_corrupted.csv,2026-09-27T15:02:36.406842
erp,PRJ-2024-00050,PRJ-2024-00050,erp_export_corrupted.csv,2026-09-27T15:02:36.406842
erp,PRJ-2024-00051,PRJ-2024-00051,erp_export_corrupted.csv,2026-09-27T15:02:36.406842
erp,PRJ-2024-00052,PRJ-2024-00052,erp_export_corrupted.csv,2026-09-27T15:02:36.406842
erp,PRJ-2024-00053,PRJ-2024-00053,erp_export_corrupted.csv,2026-09-27T15:02:36.406842
erp,PRJ-2024-00054,PRJ-2024-00054,erp_export_corrupted.csv,2026-09-27T15:02:36.406842
erp,PRJ-2024-00055,PRJ-2024-00055,erp_export_corrupted.csv,2026-09-27T15:02:36.406842
erp,PRJ-2024-00056,PRJ-2024-00056,erp_export_corrupted.csv,2026-09-27T15:02:36.406842
erp,PRJ-2024-00057,PRJ-2024-00057,erp_export_corrupted.csv,2026-09-27T15:02:36.406842
erp,PRJ-2024-00058,PRJ-2024-00058,erp_export_corrupted.csv,2026-09-27T15:02:36.406842
erp,PRJ-2024-00059,PRJ-2024-00059,erp_export_corrupted.csv,2026-09-27T15:02:36.406842
erp,PRJ-2024-00060,PRJ-2024-00060,erp_export_corrupted.csv,2026-09-27T15:02:36.406842
erp,PRJ-2024-00061,PRJ-2024-00061,erp_export_corrupted.csv,2026-09-27T15:02:36.406842
erp,PRJ-2024-00062,PRJ-2024-00062,erp_export_corrupted.csv,2026-09-27T15:02:36.406842
erp,PRJ-2024-00063,PRJ-2024-00063,erp_export_corrupted.csv,2026-09-27T15:02:36.406842
erp,PRJ-2024-00064,PRJ-2024-00064,erp_export_corrupted.csv,2026-09-27T15:02:36.406842
erp,PRJ-2024-00065,PRJ-2024-00065,erp_export_corrupted.csv,2026-09-27T15:02:36.406842
erp,PRJ-2024-00066,PRJ-2024-00066,erp_export_corrupted.csv,2026-09-27T15:02:36.406842
erp,PRJ-2024-00067,PRJ-2024-00067,erp_export_corrupted.csv,2026-09-27T15:02:36.406842
erp,PRJ-2024-00068,PRJ-2024-00068,erp_export_corrupted.csv,2026-09-27T15:02:36.406842
erp,PRJ-2024-00069,PRJ-2024-00069,erp_export_corrupted.csv,2026-09-27T15:02:36.406842
erp,PRJ-2024-00070,PRJ-2024-00070,erp_export_corrupted.csv,2026-09-27T15:02:36.406842
erp,PRJ-2024-00071,PRJ-2024-00071,erp_export_corrupted.csv,2026-09-27T15:02:36.406842
erp,PRJ-2024-00072,PRJ-2024-00072,erp_export_corrupted.csv,2026-09-27T15:02:36.406842
erp,PRJ-2024-00073,PRJ-2024-00073,erp_export_corrupted.csv,2026-09-27T15:02:36.406842
erp,PRJ-2024-00074,PRJ-2024-00074,erp_export_corrupted.csv,2026-09-27T15:02:36.406842
erp,PRJ-2024-00075,PRJ-2024-00075,erp_export_corrupted.csv,2026-09-27T15:02:36.406842
erp,PRJ-2024-00076,PRJ-2024-00076,erp_export_corrupted.csv,2026-09-27T15:02:36.406842
erp,PRJ-2024-00077,PRJ-2024-00077,erp_export_corrupted.csv,2026-09-27T15:02:36.406842
erp,PRJ-2024-00078,PRJ-2024-00078,erp_export_corrupted.csv,2026-09-27T15:02:36.406842
erp,PRJ-2024-00079,PRJ-2024-00079,erp_export_corrupted.csv,2026-09-27T15:02:36.406842
erp,PRJ-2024-00080,PRJ-2024-00080,erp_export_corrupted.csv,2026-09-27T15:02:36.406842
erp,PRJ-2024-00081,PRJ-2024-00081,erp_export_corrupted.csv,2026-09-27T15:02:36.406842
erp,PRJ-2024-00082,PRJ-2024-00082,erp_export_corrupted.csv,2026-09-27T15:02:36.406842
erp,PRJ-2024-00083,PRJ-2024-00083,erp_export_corrupted.csv,2026-09-27T15:02:36.406842
erp,PRJ-2024-00084,PRJ-2024-00084,erp_export_corrupted.csv,2026-09-27T15:02:36.406842
erp,PRJ-2024-00085,PRJ-2024-00085,erp_export_corrupted.csv,2026-09-27T15:02:36.406842
erp,prj-2024-00086,prj-2024-00086,erp_export_corrupted.csv,2026-09-27T15:02:36.406842
erp,PRJ-2024-00087,PRJ-2024-00087,erp_export_corrupted.csv,2026-09-27T15:02:36.406842
erp,PRJ-2024-00088,PRJ-2024-00088,erp_export_corrupted.csv,2026-09-27T15:02:36.406842
erp,PRJ-2024-00089,PRJ-2024-00089,erp_export_corrupted.csv,2026-09-27T15:02:36.406842
erp,PRJ-2024-00090,PRJ-2024-00090,erp_export_corrupted.csv,2026-09-27T15:02:36.406842
erp,PRJ-2024-00091,PRJ-2024-00091,erp_export_corrupted.csv,2026-09-27T15:02:36.406842
erp,PRJ-2024-00092,PRJ-2024-00092,erp_export_corrupted.csv,2026-09-27T15:02:36.406842
erp,PRJ-2024-00093,PRJ-2024-00093,erp_export_corrupted.csv,2026-09-27T15:02:36.406842
erp,PRJ-2024-00094,PRJ-2024-00094,erp_export_corrupted.csv,2026-09-27T15:02:36.406842
erp,PRJ-2024-00095,PRJ-2024-00095,erp_export_corrupted.csv,2026-09-27T15:02:36.406842
erp,PRJ-2024-00096,PRJ-2024-00096,erp_export_corrupted.csv,2026-09-27T15:02:36.406842
erp,PRJ-2024-00097,PRJ-2024-00097,erp_export_corrupted.csv,2026-09-27T15:02:36.406842
erp,PRJ-2024-00098,PRJ-2024-00098,erp_export_corrupted.csv,2026-09-27T15:02:36.406842
erp,PRJ-2024-00099,PRJ-2024-00099,erp_export_corrupted.csv,2026-09-27T15:02:36.406842
erp,PRJ-2024-00100,PRJ-2024-00100,erp_export_corrupted.csv,2026-09-27T15:02:36.406842
erp,PRJ-2024-00101,PRJ-2024-00101,erp_export_corrupted.csv,2026-09-27T15:02:36.406842
erp,PRJ-2024-00102,PRJ-2024-00102,erp_export_corrupted.csv,2026-09-27T15:02:36.406842
erp,PRJ-2024-00103,PRJ-2024-00103,erp_export_corrupted.csv,2026-09-27T15:02:36.406842
erp,PRJ-2024-00104,PRJ-2024-00104,erp_export_corrupted.csv,2026-09-27T15:02:36.406842
erp,PRJ-2024-00105,PRJ-2024-00105,erp_export_corrupted.csv,2026-09-27T15:02:36.406842
erp,PRJ-2024-00106,PRJ-2024-00106,erp_export_corrupted.csv,2026-09-27T15:02:36.406842
erp,PRJ-2024-00107,PRJ-2024-00107,erp_export_corrupted.csv,2026-09-27T15:02:36.406842
erp,PRJ-2024-00108,PRJ-2024-00108,erp_export_corrupted.csv,2026-09-27T15:02:36.406842
erp,PRJ-2024-00109,PRJ-2024-00109,erp_export_corrupted.csv,2026-09-27T15:02:36.406842
erp,PRJ-2024-00110,PRJ-2024-00110,erp_export_corrupted.csv,2026-09-27T15:02:36.406842
erp,PRJ-2024-00111,PRJ-2024-00111,erp_export_corrupted.csv,2026-09-27T15:02:36.406842
erp,PRJ-2024-00112,PRJ-2024-00112,erp_export_corrupted.csv,2026-09-27T15:02:36.406842
erp,PRJ-2024-00113,PRJ-2024-00113,erp_export_corrupted.csv,2026-09-27T15:02:36.406842
erp,PRJ-2024-00114,PRJ-2024-00114,erp_export_corrupted.csv,2026-09-27T15:02:36.406842
erp,PRJ-2024-00115,PRJ-2024-00115,erp_export_corrupted.csv,2026-09-27T15:02:36.406842
erp,PRJ-2024-00116,PRJ-2024-00116,erp_export_corrupted.csv,2026-09-27T15:02:36.406842
erp,PRJ-2024-00117,PRJ-2024-00117,erp_export_corrupted.csv,2026-09-27T15:02:36.406842
erp,PRJ-2024-00118,PRJ-2024-00118,erp_export_corrupted.csv,2026-09-27T15:02:36.406842
erp,PRJ-2024-00119,PRJ-2024-00119,erp_export_corrupted.csv,2026-09-27T15:02:36.406842
erp,PRJ-2024-00120,PRJ-2024-00120,erp_export_corrupted.csv,2026-09-27T15:02:36.406842
erp,PRJ-2024-00121,PRJ-2024-00121,erp_export_corrupted.csv,2026-09-27T15:02:36.406842
erp,PRJ-2024-00122,PRJ-2024-00122,erp_export_corrupted.csv,2026-09-27T15:02:36.406842
erp,PRJ-2024-00123,PRJ-2024-00123,erp_export_corrupted.csv,2026-09-27T15:02:36.406842
erp,PRJ-2024-00124,PRJ-2024-00124,erp_export_corrupted.csv,2026-09-27T15:02:36.406842
erp,PRJ-2024-00125,PRJ-2024-00125,erp_export_corrupted.csv,2026-09-27T15:02:36.406842
erp,PRJ-2024-00126,PRJ-2024-00126,erp_export_corrupted.csv,2026-09-27T15:02:36.406842
erp,PRJ-2024-00127,PRJ-2024-00127,erp_export_corrupted.csv,2026-09-27T15:02:36.406842
erp,PRJ-2024-00128,PRJ-2024-00128,erp_export_corrupted.csv,2026-09-27T15:02:36.406842
erp,PRJ-2024-00129,PRJ-2024-00129,erp_export_corrupted.csv,2026-09-27T15:02:36.406842
erp,PRJ-2024-00130,PRJ-2024-00130,erp_export_corrupted.csv,2026-09-27T15:02:36.406842
erp,PRJ-2024-00131,PRJ-2024-00131,erp_export_corrupted.csv,2026-09-27T15:02:36.406842
erp,PRJ-2024-00132,PRJ-2024-00132,erp_export_corrupted.csv,2026-09-27T15:02:36.406842
erp,PRJ-2024-00133,PRJ-2024-00133,erp_export_corrupted.csv,2026-09-27T15:02:36.406842
erp,PRJ-2024-00134,PRJ-2024-00134,erp_export_corrupted.csv,2026-09-27T15:02:36.406842
erp,PRJ-2024-00135,PRJ-2024-00135,erp_export_corrupted.csv,2026-09-27T15:02:36.406842
erp,PRJ-2024-00136,PRJ-2024-00136,erp_export_corrupted.csv,2026-09-27T15:02:36.406842
erp,PRJ-2024-00137,PRJ-2024-00137,erp_export_corrupted.csv,2026-09-27T15:02:36.406842
erp,PRJ-2024-00138,PRJ-2024-00138,erp_export_corrupted.csv,2026-09-27T15:02:36.406842
erp,PRJ-2024-00139,PRJ-2024-00139,erp_export_corrupted.csv,2026-09-27T15:02:36.406842
erp,PRJ-2024-00140,PRJ-2024-00140,erp_export_corrupted.csv,2026-09-27T15:02:36.406842
erp,PRJ-2024-00141,PRJ-2024-00141,erp_export_corrupted.csv,2026-09-27T15:02:36.406842
erp,PRJ-2024-00142,PRJ-2024-00142,erp_export_corrupted.csv,2026-09-27T15:02:36.406842
erp,PRJ-2024-00143,PRJ-2024-00143,erp_export_corrupted.csv,2026-09-27T15:02:36.406842
erp,PRJ-2024-00144,PRJ-2024-00144,erp_export_corrupted.csv,2026-09-27T15:02:36.406842
erp,PRJ-2024-00145,PRJ-2024-00145,erp_export_corrupted.csv,2026-09-27T15:02:36.406842
erp,PRJ-2024-00146,PRJ-2024-00146,erp_export_corrupted.csv,2026-09-27T15:02:36.406842
erp,PRJ-2024-00147,PRJ-2024-00147,erp_export_corrupted.csv,2026-09-27T15:02:36.406842
erp,PRJ-2024-00148,PRJ-2024-00148,erp_export_corrupted.csv,2026-09-27T15:02:36.406842
erp,PRJ-2024-00149,PRJ-2024-00149,erp_export_corrupted.csv,2026-09-27T15:02:36.406842
erp,PRJ-2024-00150,PRJ-2024-00150,erp_export_corrupted.csv,2026-09-27T15:02:36.406842
erp,PRJ-2024-00151,PRJ-2024-00151,erp_export_corrupted.csv,2026-09-27T15:02:36.406842
erp,PRJ-2024-00152,PRJ-2024-00152,erp_export_corrupted.csv,2026-09-27T15:02:36.406842
erp,PRJ-2024-00153,PRJ-2024-00153,erp_export_corrupted.csv,2026-09-27T15:02:36.406842
erp,PRJ-2024-00154,PRJ-2024-00154,erp_export_corrupted.csv,2026-09-27T15:02:36.406842
erp,PRJ-2024-00155,PRJ-2024-00155,erp_export_corrupted.csv,2026-09-27T15:02:36.406842
erp,PRJ-2024-00156,PRJ-2024-00156,erp_export_corrupted.csv,2026-09-27T15:02:36.406842
erp,PRJ-2024-00157,PRJ-2024-00157,erp_export_corrupted.csv,2026-09-27T15:02:36.406842
erp,PRJ-2024-00158,PRJ-2024-00158,erp_export_corrupted.csv,2026-09-27T15:02:36.406842
erp,PRJ-2024-00159,PRJ-2024-00159,erp_export_corrupted.csv,2026-09-27T15:02:36.406842
erp,PRJ-2024-00160,PRJ-2024-00160,erp_export_corrupted.csv,2026-09-27T15:02:36.406842
erp,PRJ-2024-00161,PRJ-2024-00161,erp_export_corrupted.csv,2026-09-27T15:02:36.406842
erp,PRJ-2024-00162,PRJ-2024-00162,erp_export_corrupted.csv,2026-09-27T15:02:36.406842
erp,PRJ-2024-00163,PRJ-2024-00163,erp_export_corrupted.csv,2026-09-27T15:02:36.406842
erp,PRJ-2024-00164,PRJ-2024-00164,erp_export_corrupted.csv,2026-09-27T15:02:36.406842
erp,PRJ-2024-00165,PRJ-2024-00165,erp_export_corrupted.csv,2026-09-27T15:02:36.406842
erp,PRJ-2024-00166,PRJ-2024-00166,erp_export_corrupted.csv,2026-09-27T15:02:36.406842
erp,PRJ-2024-00167,PRJ-2024-00167,erp_export_corrupted.csv,2026-09-27T15:02:36.406842
erp,PRJ-2024-00168,PRJ-2024-00168,erp_export_corrupted.csv,2026-09-27T15:02:36.406842
erp,PRJ-2024-00169,PRJ-2024-00169,erp_export_corrupted.csv,2026-09-27T15:02:36.406842
erp,PRJ-2024-00170,PRJ-2024-00170,erp_export_corrupted.csv,2026-09-27T15:02:36.406842
erp,PRJ-2024-00171,PRJ-2024-00171,erp_export_corrupted.csv,2026-09-27T15:02:36.406842
erp,PRJ-2024-00172,PRJ-2024-00172,erp_export_corrupted.csv,2026-09-27T15:02:36.406842
erp,PRJ-2024-00173,PRJ-2024-00173,erp_export_corrupted.csv,2026-09-27T15:02:36.406842
erp,PRJ-2024-00174,PRJ-2024-00174,erp_export_corrupted.csv,2026-09-27T15:02:36.406842
erp,PRJ-2024-00175,PRJ-2024-00175,erp_export_corrupted.csv,2026-09-27T15:02:36.406842
erp,PRJ-2024-00176,PRJ-2024-00176,erp_export_corrupted.csv,2026-09-27T15:02:36.406842
erp,PRJ-2024-00177,PRJ-2024-00177,erp_export_corrupted.csv,2026-09-27T15:02:36.406842
erp,PRJ-2024-00178,PRJ-2024-00178,erp_export_corrupted.csv,2026-09-27T15:02:36.406842
erp,PRJ-2024-00179,PRJ-2024-00179,erp_export_corrupted.csv,2026-09-27T15:02:36.406842
erp,PRJ-2024-00180,PRJ-2024-00180,erp_export_corrupted.csv,2026-09-27T15:02:36.406842
erp,PRJ-2024-00181,PRJ-2024-00181,erp_export_corrupted.csv,2026-09-27T15:02:36.406842
erp,PRJ-2024-00182,PRJ-2024-00182,erp_export_corrupted.csv,2026-09-27T15:02:36.406842
erp,PRJ-2024-00183,PRJ-2024-00183,erp_export_corrupted.csv,2026-09-27T15:02:36.406842
erp,PRJ-2024-00184,PRJ-2024-00184,erp_export_corrupted.csv,2026-09-27T15:02:36.406842
erp,PRJ-2024-00185,PRJ-2024-00185,erp_export_corrupted.csv,2026-09-27T15:02:36.406842
erp,PRJ-2024-00186,PRJ-2024-00186,erp_export_corrupted.csv,2026-09-27T15:02:36.406842
erp,PRJ-2024-00187,PRJ-2024-00187,erp_export_corrupted.csv,2026-09-27T15:02:36.406842
erp,PRJ-2024-00188,PRJ-2024-00188,erp_export_corrupted.csv,2026-09-27T15:02:36.406842
erp,PRJ-2024-00189,PRJ-2024-00189,erp_export_corrupted.csv,2026-09-27T15:02:36.406842
erp,PRJ-2024-00190,PRJ-2024-00190,erp_export_corrupted.csv,2026-09-27T15:02:36.406842
erp,PRJ-2024-00191,PRJ-2024-00191,erp_export_corrupted.csv,2026-09-27T15:02:36.406842
erp,PRJ-2024-00192,PRJ-2024-00192,erp_export_corrupted.csv,2026-09-27T15:02:36.406842
erp,PRJ-2024-00193,PRJ-2024-00193,erp_export_corrupted.csv,2026-09-27T15:02:36.406842
erp,PRJ-2024-00194,PRJ-2024-00194,erp_export_corrupted.csv,2026-09-27T15:02:36.406842
erp,PRJ-2024-00195,PRJ-2024-00195,erp_export_corrupted.csv,2026-09-27T15:02:36.406842
erp,PRJ-2024-00196,PRJ-2024-00196,erp_export_corrupted.csv,2026-09-27T15:02:36.406842
erp,PRJ-2024-00197,PRJ-2024-00197,erp_export_corrupted.csv,2026-09-27T15:02:36.406842
erp,PRJ-2024-00198,PRJ-2024-00198,erp_export_corrupted.csv,2026-09-27T15:02:36.406842
erp,PRJ-2024-00199,PRJ-2024-00199,erp_export_corrupted.csv,2026-09-27T15:02:36.406842
erp,PRJ-2024-00200,PRJ-2024-00200,erp_export_corrupted.csv,2026-09-27T15:02:36.406842
erp,PRJ-2024-00201,PRJ-2024-00201,erp_export_corrupted.csv,2026-09-27T15:02:36.406842
erp,PRJ-2024-00202,PRJ-2024-00202,erp_export_corrupted.csv,2026-09-27T15:02:36.406842
erp,PRJ-2024-00203,PRJ-2024-00203,erp_export_corrupted.csv,2026-09-27T15:02:36.406842
erp,PRJ-2024-00204,PRJ-2024-00204,erp_export_corrupted.csv,2026-09-27T15:02:36.406842
erp,PRJ-2024-00205,PRJ-2024-00205,erp_export_corrupted.csv,2026-09-27T15:02:36.406842
erp,PRJ-2024-00206,PRJ-2024-00206,erp_export_corrupted.csv,2026-09-27T15:02:36.406842
erp,PRJ-2024-00207,PRJ-2024-00207,erp_export_corrupted.csv,2026-09-27T15:02:36.406842
erp,PRJ-2024-00208,PRJ-2024-00208,erp_export_corrupted.csv,2026-09-27T15:02:36.406842
erp,PRJ-2024-00209,PRJ-2024-00209,erp_export_corrupted.csv,2026-09-27T15:02:36.406842
erp,PRJ-2024-00210,PRJ-2024-00210,erp_export_corrupted.csv,2026-09-27T15:02:36.406842
erp,PRJ-2024-00211,PRJ-2024-00211,erp_export_corrupted.csv,2026-09-27T15:02:36.406842
erp,PRJ-2024-00212,PRJ-2024-00212,erp_export_corrupted.csv,2026-09-27T15:02:36.406842
erp,PRJ-2024-00213,PRJ-2024-00213,erp_export_corrupted.csv,2026-09-27T15:02:36.406842
erp,PRJ-2024-00214,PRJ-2024-00214,erp_export_corrupted.csv,2026-09-27T15:02:36.406842
erp,PRJ-2024-00215,PRJ-2024-00215,erp_export_corrupted.csv,2026-09-27T15:02:36.406842
erp,PRJ-2024-00216,PRJ-2024-00216,erp_export_corrupted.csv,2026-09-27T15:02:36.406842
erp,PRJ-2024-00217,PRJ-2024-00217,erp_export_corrupted.csv,2026-09-27T15:02:36.406842
erp,PRJ-2024-00218,PRJ-2024-00218,erp_export_corrupted.csv,2026-09-27T15:02:36.406842
erp,PRJ-2024-00219,PRJ-2024-00219,erp_export_corrupted.csv,2026-09-27T15:02:36.406842
erp,PRJ-2024-00220,PRJ-2024-00220,erp_export_corrupted.csv,2026-09-27T15:02:36.406842
erp,PRJ-2024-00221,PRJ-2024-00221,erp_export_corrupted.csv,2026-09-27T15:02:36.406842
erp,PRJ-2024-00222,PRJ-2024-00222,erp_export_corrupted.csv,2026-09-27T15:02:36.406842
erp,PRJ-2024-00223,PRJ-2024-00223,erp_export_corrupted.csv,2026-09-27T15:02:36.406842
erp,PRJ-2024-00224,PRJ-2024-00224,erp_export_corrupted.csv,2026-09-27T15:02:36.406842
erp,PRJ-2024-00225,PRJ-2024-00225,erp_export_corrupted.csv,2026-09-27T15:02:36.406842
erp,PRJ-2024-00226,PRJ-2024-00226,erp_export_corrupted.csv,2026-09-27T15:02:36.406842
erp,PRJ-2024-00227,PRJ-2024-00227,erp_export_corrupted.csv,2026-09-27T15:02:36.406842
erp,PRJ-2024-00228,PRJ-2024-00228,erp_export_corrupted.csv,2026-09-27T15:02:36.406842
erp,PRJ-2024-00229,PRJ-2024-00229,erp_export_corrupted.csv,2026-09-27T15:02:36.406842
erp,PRJ-2024-00230,PRJ-2024-00230,erp_export_corrupted.csv,2026-09-27T15:02:36.406842
erp,PRJ-2024-00231,PRJ-2024-00231,erp_export_corrupted.csv,2026-09-27T15:02:36.406842
erp,PRJ-2024-00232,PRJ-2024-00232,erp_export_corrupted.csv,2026-09-27T15:02:36.406842
erp,PRJ-2024-00233,PRJ-2024-00233,erp_export_corrupted.csv,2026-09-27T15:02:36.406842
erp,PRJ-2024-00234,PRJ-2024-00234,erp_export_corrupted.csv,2026-09-27T15:02:36.406842
erp,PRJ-2024-00235,PRJ-2024-00235,erp_export_corrupted.csv,2026-09-27T15:02:36.406842
erp,PRJ-2024-00236,PRJ-2024-00236,erp_export_corrupted.csv,2026-09-27T15:02:36.406842
erp,PRJ-2024-00237,PRJ-2024-00237,erp_export_corrupted.csv,2026-09-27T15:02:36.406842
erp,PRJ-2024-00238,PRJ-2024-00238,erp_export_corrupted.csv,2026-09-27T15:02:36.406842
erp,PRJ-2024-00239,PRJ-2024-00239,erp_export_corrupted.csv,2026-09-27T15:02:36.406842
erp,PRJ-2024-00240,PRJ-2024-00240,erp_export_corrupted.csv,2026-09-27T15:02:36.406842
erp,PRJ-2024-00241,PRJ-2024-00241,erp_export_corrupted.csv,2026-09-27T15:02:36.406842
erp,PRJ-2024-00242,PRJ-2024-00242,erp_export_corrupted.csv,2026-09-27T15:02:36.406842
erp,PRJ-2024-00243,PRJ-2024-00243,erp_export_corrupted.csv,2026-09-27T15:02:36.406842
erp,PRJ-2024-00244,PRJ-2024-00244,erp_export_corrupted.csv,2026-09-27T15:02:36.406842
erp,PRJ-2024-00245,PRJ-2024-00245,erp_export_corrupted.csv,2026-09-27T15:02:36.406842
erp,PRJ-2024-00246,PRJ-2024-00246,erp_export_corrupted.csv,2026-09-27T15:02:36.406842
erp,PRJ-2024-00247,PRJ-2024-00247,erp_export_corrupted.csv,2026-09-27T15:02:36.406842
erp,PRJ-2024-00248,PRJ-2024-00248,erp_export_corrupted.csv,2026-09-27T15:02:36.406842
erp,PRJ-2024-00249,PRJ-2024-00249,erp_export_corrupted.csv,2026-09-27T15:02:36.406842
erp,PRJ-2024-00250,PRJ-2024-00250,erp_export_corrupted.csv,2026-09-27T15:02:36.406842
erp,PRJ-2024-00251,PRJ-2024-00251,erp_export_corrupted.csv,2026-09-27T15:02:36.406842
erp,PRJ-2024-00252,PRJ-2024-00252,erp_export_corrupted.csv,2026-09-27T15:02:36.406842
erp,PRJ-2024-00253,PRJ-2024-00253,erp_export_corrupted.csv,2026-09-27T15:02:36.406842
erp,PRJ-2024-00254,PRJ-2024-00254,erp_export_corrupted.csv,2026-09-27T15:02:36.406842
erp,PRJ-2024-00255,PRJ-2024-00255,erp_export_corrupted.csv,2026-09-27T15:02:36.406842
erp,PRJ-2024-00256,PRJ-2024-00256,erp_export_corrupted.csv,2026-09-27T15:02:36.406842
erp,PRJ-2024-00257,PRJ-2024-00257,erp_export_corrupted.csv,2026-09-27T15:02:36.406842
erp,PRJ-2024-00258,PRJ-2024-00258,erp_export_corrupted.csv,2026-09-27T15:02:36.406842
erp,PRJ-2024-00259,PRJ-2024-00259,erp_export_corrupted.csv,2026-09-27T15:02:36.406842
erp,PRJ-2024-00260,PRJ-2024-00260,erp_export_corrupted.csv,2026-09-27T15:02:36.406842
erp,PRJ-2024-00261,PRJ-2024-00261,erp_export_corrupted.csv,2026-09-27T15:02:36.406842
erp,PRJ-2024-00262,PRJ-2024-00262,erp_export_corrupted.csv,2026-09-27T15:02:36.406842
erp,PRJ-2024-00263,PRJ-2024-00263,erp_export_corrupted.csv,2026-09-27T15:02:36.406842
erp,PRJ-2024-00264,PRJ-2024-00264,erp_export_corrupted.csv,2026-09-27T15:02:36.406842
erp,PRJ-2024-00265,PRJ-2024-00265,erp_export_corrupted.csv,2026-09-27T15:02:36.406842
erp,PRJ-2024-00266,PRJ-2024-00266,erp_export_corrupted.csv,2026-09-27T15:02:36.406842
erp,PRJ-2024-00267,PRJ-2024-00267,erp_export_corrupted.csv,2026-09-27T15:02:36.406842
erp,PRJ-2024-00268,PRJ-2024-00268,erp_export_corrupted.csv,2026-09-27T15:02:36.406842
erp,PRJ-2024-00269,PRJ-2024-00269,erp_export_corrupted.csv,2026-09-27T15:02:36.406842
erp,PRJ-2024-00270,PRJ-2024-00270,erp_export_corrupted.csv,2026-09-27T15:02:36.406842
erp,PRJ-2024-00271,PRJ-2024-00271,erp_export_corrupted.csv,2026-09-27T15:02:36.406842
erp,PRJ-2024-00272,PRJ-2024-00272,erp_export_corrupted.csv,2026-09-27T15:02:36.406842
erp,PRJ-2024-00273,PRJ-2024-00273,erp_export_corrupted.csv,2026-09-27T15:02:36.406842
erp,PRJ-2024-00274,PRJ-2024-00274,erp_export_corrupted.csv,2026-09-27T15:02:36.406842
erp,PRJ-2024-00275,PRJ-2024-00275,erp_export_corrupted.csv,2026-09-27T15:02:36.406842
erp,PRJ-2024-00276,PRJ-2024-00276,erp_export_corrupted.csv,2026-09-27T15:02:36.406842
erp,PRJ-2024-00277,PRJ-2024-00277,erp_export_corrupted.csv,2026-09-27T15:02:36.406842
erp,PRJ-2024-00278,PRJ-2024-00278,erp_export_corrupted.csv,2026-09-27T15:02:36.406842
erp,PRJ-2024-00279,PRJ-2024-00279,erp_export_corrupted.csv,2026-09-27T15:02:36.406842
erp,PRJ-2024-00280,PRJ-2024-00280,erp_export_corrupted.csv,2026-09-27T15:02:36.406842
erp,PRJ-2024-00281,PRJ-2024-00281,erp_export_corrupted.csv,2026-09-27T15:02:36.406842
erp,PRJ-2024-00282,PRJ-2024-00282,erp_export_corrupted.csv,2026-09-27T15:02:36.406842
erp,PRJ-2024-00283,PRJ-2024-00283,erp_export_corrupted.csv,2026-09-27T15:02:36.406842
erp,PRJ-2024-00284,PRJ-2024-00284,erp_export_corrupted.csv,2026-09-27T15:02:36.406842
erp,PRJ-2024-00285,PRJ-2024-00285,erp_export_corrupted.csv,2026-09-27T15:02:36.406842
erp,PRJ-2024-00286,PRJ-2024-00286,erp_export_corrupted.csv,2026-09-27T15:02:36.406842
erp,PRJ-2024-00287,PRJ-2024-00287,erp_export_corrupted.csv,2026-09-27T15:02:36.406842
erp,PRJ-2024-00288,PRJ-2024-00288,erp_export_corrupted.csv,2026-09-27T15:02:36.406842
erp,PRJ-2024-00289,PRJ-2024-00289,erp_export_corrupted.csv,2026-09-27T15:02:36.406842
erp,PRJ-2024-00290,PRJ-2024-00290,erp_export_corrupted.csv,2026-09-27T15:02:36.406842
erp,PRJ-2024-00291,PRJ-2024-00291,erp_export_corrupted.csv,2026-09-27T15:02:36.406842
erp,PRJ-2024-00292,PRJ-2024-00292,erp_export_corrupted.csv,2026-09-27T15:02:36.406842
erp,PRJ-2024-00293,PRJ-2024-00293,erp_export_corrupted.csv,2026-09-27T15:02:36.406842
erp,PRJ-2024-00294,PRJ-2024-00294,erp_export_corrupted.csv,2026-09-27T15:02:36.406842
erp,PRJ-2024-00295,PRJ-2024-00295,erp_export_corrupted.csv,2026-09-27T15:02:36.406842
erp,PRJ-2024-00296,PRJ-2024-00296,erp_export_corrupted.csv,2026-09-27T15:02:36.406842
erp,PRJ-2024-00297,PRJ-2024-00297,erp_export_corrupted.csv,2026-09-27T15:02:36.406842
erp,PRJ-2024-00298,PRJ-2024-00298,erp_export_corrupted.csv,2026-09-27T15:02:36.406842
erp,PRJ-2024-00299,PRJ-2024-00299,erp_export_corrupted.csv,2026-09-27T15:02:36.406842
erp,PRJ-2024-00300,PRJ-2024-00300,erp_export_corrupted.csv,2026-09-27T15:02:36.406842
erp,PRJ-2024-00301,PRJ-2024-00301,erp_export_corrupted.csv,2026-09-27T15:02:36.406842
erp,PRJ-2024-00302,PRJ-2024-00302,erp_export_corrupted.csv,2026-09-27T15:02:36.406842
erp,PRJ-2024-00303,PRJ-2024-00303,erp_export_corrupted.csv,2026-09-27T15:02:36.406842
erp,PRJ-2024-00304,PRJ-2024-00304,erp_export_corrupted.csv,2026-09-27T15:02:36.406842
erp,PRJ-2024-00305,PRJ-2024-00305,erp_export_corrupted.csv,2026-09-27T15:02:36.406842
erp,PRJ-2024-00306,PRJ-2024-00306,erp_export_corrupted.csv,2026-09-27T15:02:36.406842
erp,PRJ-2024-00307,PRJ-2024-00307,erp_export_corrupted.csv,2026-09-27T15:02:36.406842
erp,PRJ-2024-00308,PRJ-2024-00308,erp_export_corrupted.csv,2026-09-27T15:02:36.406842
erp,PRJ-2024-00309,PRJ-2024-00309,erp_export_corrupted.csv,2026-09-27T15:02:36.406842
erp,PRJ-2024-00310,PRJ-2024-00310,erp_export_corrupted.csv,2026-09-27T15:02:36.406842
erp,PRJ-2024-00311,PRJ-2024-00311,erp_export_corrupted.csv,2026-09-27T15:02:36.406842
erp,PRJ-2024-00312,PRJ-2024-00312,erp_export_corrupted.csv,2026-09-27T15:02:36.406842
erp,PRJ-2024-00313,PRJ-2024-00313,erp_export_corrupted.csv,2026-09-27T15:02:36.406842
erp,PRJ-2024-00314,PRJ-2024-00314,erp_export_corrupted.csv,2026-09-27T15:02:36.406842
erp,PRJ-2024-00315,PRJ-2024-00315,erp_export_corrupted.csv,2026-09-27T15:02:36.406842
erp,PRJ-2024-00316,PRJ-2024-00316,erp_export_corrupted.csv,2026-09-27T15:02:36.406842
erp,PRJ-2024-00317,PRJ-2024-00317,erp_export_corrupted.csv,2026-09-27T15:02:36.406842
erp,PRJ-2024-00318,PRJ-2024-00318,erp_export_corrupted.csv,2026-09-27T15:02:36.406842
erp,PRJ-2024-00319,PRJ-2024-00319,erp_export_corrupted.csv,2026-09-27T15:02:36.406842
erp,PRJ-2024-00320,PRJ-2024-00320,erp_export_corrupted.csv,2026-09-27T15:02:36.406842
erp,PRJ-2024-00321,PRJ-2024-00321,erp_export_corrupted.csv,2026-09-27T15:02:36.406842
erp,PRJ-2024-00322,PRJ-2024-00322,erp_export_corrupted.csv,2026-09-27T15:02:36.406842
erp,PRJ-2024-00323,PRJ-2024-00323,erp_export_corrupted.csv,2026-09-27T15:02:36.406842
erp,PRJ-2024-00324,PRJ-2024-00324,erp_export_corrupted.csv,2026-09-27T15:02:36.406842
erp,PRJ-2024-00325,PRJ-2024-00325,erp_export_corrupted.csv,2026-09-27T15:02:36.406842
erp,PRJ-2024-00326,PRJ-2024-00326,erp_export_corrupted.csv,2026-09-27T15:02:36.406842
erp,PRJ-2024-00327,PRJ-2024-00327,erp_export_corrupted.csv,2026-09-27T15:02:36.406842
erp,PRJ-2024-00328,PRJ-2024-00328,erp_export_corrupted.csv,2026-09-27T15:02:36.406842
erp,PRJ-2024-00329,PRJ-2024-00329,erp_export_corrupted.csv,2026-09-27T15:02:36.406842
erp,PRJ-2024-00330,PRJ-2024-00330,erp_export_corrupted.csv,2026-09-27T15:02:36.406842
erp,PRJ-2024-00331,PRJ-2024-00331,erp_export_corrupted.csv,2026-09-27T15:02:36.406842
erp,PRJ-2024-00332,PRJ-2024-00332,erp_export_corrupted.csv,2026-09-27T15:02:36.406842
erp,PRJ-2024-00333,PRJ-2024-00333,erp_export_corrupted.csv,2026-09-27T15:02:36.406842
erp,PRJ-2024-00334,PRJ-2024-00334,erp_export_corrupted.csv,2026-09-27T15:02:36.406842
erp,PRJ-2024-00335,PRJ-2024-00335,erp_export_corrupted.csv,2026-09-27T15:02:36.406842
erp,PRJ-2024-00336,PRJ-2024-00336,erp_export_corrupted.csv,2026-09-27T15:02:36.406842
erp,PRJ-2024-00337,PRJ-2024-00337,erp_export_corrupted.csv,2026-09-27T15:02:36.406842
erp,PRJ-2024-00338,PRJ-2024-00338,erp_export_corrupted.csv,2026-09-27T15:02:36.406842
erp,PRJ-2024-00339,PRJ-2024-00339,erp_export_corrupted.csv,2026-09-27T15:02:36.406842
erp,PRJ-2024-00340,PRJ-2024-00340,erp_export_corrupted.csv,2026-09-27T15:02:36.406842
erp,PRJ-2024-00341,PRJ-2024-00341,erp_export_corrupted.csv,2026-09-27T15:02:36.406842
erp,PRJ-2024-00342,PRJ-2024-00342,erp_export_corrupted.csv,2026-09-27T15:02:36.406842
erp,PRJ-2024-00343,PRJ-2024-00343,erp_export_corrupted.csv,2026-09-27T15:02:36.406842
erp,PRJ-2024-00344,PRJ-2024-00344,erp_export_corrupted.csv,2026-09-27T15:02:36.406842
erp,PRJ-2024-00345,PRJ-2024-00345,erp_export_corrupted.csv,2026-09-27T15:02:36.406842
erp,PRJ-2024-00346,PRJ-2024-00346,erp_export_corrupted.csv,2026-09-27T15:02:36.406842
erp,PRJ-2024-00347,PRJ-2024-00347,erp_export_corrupted.csv,2026-09-27T15:02:36.406842
erp,PRJ-2024-00348,PRJ-2024-00348,erp_export_corrupted.csv,2026-09-27T15:02:36.406842
erp,PRJ-2024-00349,PRJ-2024-00349,erp_export_corrupted.csv,2026-09-27T15:02:36.406842
erp,PRJ-2024-00350,PRJ-2024-00350,erp_export_corrupted.csv,2026-09-27T15:02:36.406842
erp,PRJ-2024-00351,PRJ-2024-00351,erp_export_corrupted.csv,2026-09-27T15:02:36.406842
erp,PRJ-2024-00352,PRJ-2024-00352,erp_export_corrupted.csv,2026-09-27T15:02:36.406842
erp,PRJ-2024-00353,PRJ-2024-00353,erp_export_corrupted.csv,2026-09-27T15:02:36.406842
erp,prj-2024-00354,prj-2024-00354,erp_export_corrupted.csv,2026-09-27T15:02:36.406842
erp,PRJ-2024-00355,PRJ-2024-00355,erp_export_corrupted.csv,2026-09-27T15:02:36.406842
erp,PRJ-2024-00356,PRJ-2024-00356,erp_export_corrupted.csv,2026-09-27T15:02:36.406842
erp,PRJ-2024-00357,PRJ-2024-00357,erp_export_corrupted.csv,2026-09-27T15:02:36.406842
erp,PRJ-2024-00358,PRJ-2024-00358,erp_export_corrupted.csv,2026-09-27T15:02:36.406842
erp,PRJ-2024-00359,PRJ-2024-00359,erp_export_corrupted.csv,2026-09-27T15:02:36.406842
erp,PRJ-2024-00360,PRJ-2024-00360,erp_export_corrupted.csv,2026-09-27T15:02:36.406842
erp,PRJ-2024-00361,PRJ-2024-00361,erp_export_corrupted.csv,2026-09-27T15:02:36.406842
erp,PRJ-2024-00362,PRJ-2024-00362,erp_export_corrupted.csv,2026-09-27T15:02:36.406842
erp,PRJ-2024-00363,PRJ-2024-00363,erp_export_corrupted.csv,2026-09-27T15:02:36.406842
erp,PRJ-2024-00364,PRJ-2024-00364,erp_export_corrupted.csv,2026-09-27T15:02:36.406842
erp,PRJ-2024-00365,PRJ-2024-00365,erp_export_corrupted.csv,2026-09-27T15:02:36.406842
erp,PRJ-2024-00366,PRJ-2024-00366,erp_export_corrupted.csv,2026-09-27T15:02:36.406842
erp,PRJ-2024-00367,PRJ-2024-00367,erp_export_corrupted.csv,2026-09-27T15:02:36.406842
erp,PRJ-2024-00368,PRJ-2024-00368,erp_export_corrupted.csv,2026-09-27T15:02:36.406842
erp,PRJ-2024-00369,PRJ-2024-00369,erp_export_corrupted.csv,2026-09-27T15:02:36.406842
erp,PRJ-2024-00370,PRJ-2024-00370,erp_export_corrupted.csv,2026-09-27T15:02:36.406842
erp,PRJ-2024-00371,PRJ-2024-00371,erp_export_corrupted.csv,2026-09-27T15:02:36.406842
erp,PRJ-2024-00372,PRJ-2024-00372,erp_export_corrupted.csv,2026-09-27T15:02:36.406842
erp,PRJ-2024-00373,PRJ-2024-00373,erp_export_corrupted.csv,2026-09-27T15:02:36.406842
erp,PRJ-2024-00374,PRJ-2024-00374,erp_export_corrupted.csv,2026-09-27T15:02:36.406842
erp,PRJ-2024-00375,PRJ-2024-00375,erp_export_corrupted.csv,2026-09-27T15:02:36.406842
erp,PRJ-2024-00376,PRJ-2024-00376,erp_export_corrupted.csv,2026-09-27T15:02:36.406842
erp,PRJ-2024-00377,PRJ-2024-00377,erp_export_corrupted.csv,2026-09-27T15:02:36.406842
erp,PRJ-2024-00378,PRJ-2024-00378,erp_export_corrupted.csv,2026-09-27T15:02:36.406842
erp,PRJ-2024-00379,PRJ-2024-00379,erp_export_corrupted.csv,2026-09-27T15:02:36.406842
erp,PRJ-2024-00380,PRJ-2024-00380,erp_export_corrupted.csv,2026-09-27T15:02:36.406842
erp,PRJ-2024-00381,PRJ-2024-00381,erp_export_corrupted.csv,2026-09-27T15:02:36.406842
erp,PRJ-2024-00382,PRJ-2024-00382,erp_export_corrupted.csv,2026-09-27T15:02:36.406842
erp,PRJ-2024-00383,PRJ-2024-00383,erp_export_corrupted.csv,2026-09-27T15:02:36.406842
erp,PRJ-2024-00384,PRJ-2024-00384,erp_export_corrupted.csv,2026-09-27T15:02:36.406842
erp,PRJ-2024-00385,PRJ-2024-00385,erp_export_corrupted.csv,2026-09-27T15:02:36.406842
erp,PRJ-2024-00386,PRJ-2024-00386,erp_export_corrupted.csv,2026-09-27T15:02:36.406842
erp,PRJ-2024-00387,PRJ-2024-00387,erp_export_corrupted.csv,2026-09-27T15:02:36.406842
erp,PRJ-2024-00388,PRJ-2024-00388,erp_export_corrupted.csv,2026-09-27T15:02:36.406842
erp,PRJ-2024-00389,PRJ-2024-00389,erp_export_corrupted.csv,2026-09-27T15:02:36.406842
erp,PRJ-2024-00390,PRJ-2024-00390,erp_export_corrupted.csv,2026-09-27T15:02:36.406842
erp,PRJ-2024-00391,PRJ-2024-00391,erp_export_corrupted.csv,2026-09-27T15:02:36.406842
erp,PRJ-2024-00392,PRJ-2024-00392,erp_export_corrupted.csv,2026-09-27T15:02:36.406842
erp,PRJ-2024-00393,PRJ-2024-00393,erp_export_corrupted.csv,2026-09-27T15:02:36.406842
erp,PRJ-2024-00394,PRJ-2024-00394,erp_export_corrupted.csv,2026-09-27T15:02:36.406842
erp,PRJ-2024-00395,PRJ-2024-00395,erp_export_corrupted.csv,2026-09-27T15:02:36.406842
erp,PRJ-2024-00396,PRJ-2024-00396,erp_export_corrupted.csv,2026-09-27T15:02:36.406842
erp,PRJ-2024-00397,PRJ-2024-00397,erp_export_corrupted.csv,2026-09-27T15:02:36.406842
erp,PRJ-2024-00398,PRJ-2024-00398,erp_export_corrupted.csv,2026-09-27T15:02:36.406842
erp,PRJ-2024-00399,PRJ-2024-00399,erp_export_corrupted.csv,2026-09-27T15:02:36.406842
erp,PRJ-2024-00400,PRJ-2024-00400,erp_export_corrupted.csv,2026-09-27T15:02:36.406842
erp,PRJ-2024-00401,PRJ-2024-00401,erp_export_corrupted.csv,2026-09-27T15:02:36.406842
erp,PRJ-2024-00402,PRJ-2024-00402,erp_export_corrupted.csv,2026-09-27T15:02:36.406842
erp,PRJ-2024-00403,PRJ-2024-00403,erp_export_corrupted.csv,2026-09-27T15:02:36.406842
erp,PRJ-2024-00404,PRJ-2024-00404,erp_export_corrupted.csv,2026-09-27T15:02:36.406842
erp,PRJ-2024-00405,PRJ-2024-00405,erp_export_corrupted.csv,2026-09-27T15:02:36.406842
erp,PRJ-2024-00406,PRJ-2024-00406,erp_export_corrupted.csv,2026-09-27T15:02:36.406842
erp,PRJ-2024-00407,PRJ-2024-00407,erp_export_corrupted.csv,2026-09-27T15:02:36.406842
erp,PRJ-2024-00408,PRJ-2024-00408,erp_export_corrupted.csv,2026-09-27T15:02:36.406842
erp,PRJ-2024-00409,PRJ-2024-00409,erp_export_corrupted.csv,2026-09-27T15:02:36.406842
erp,PRJ-2024-00410,PRJ-2024-00410,erp_export_corrupted.csv,2026-09-27T15:02:36.406842
erp,PRJ-2024-00411,PRJ-2024-00411,erp_export_corrupted.csv,2026-09-27T15:02:36.406842
erp,PRJ-2024-00412,PRJ-2024-00412,erp_export_corrupted.csv,2026-09-27T15:02:36.406842
erp,PRJ-2024-00413,PRJ-2024-00413,erp_export_corrupted.csv,2026-09-27T15:02:36.406842
erp,PRJ-2024-00414,PRJ-2024-00414,erp_export_corrupted.csv,2026-09-27T15:02:36.406842
erp,PRJ-2024-00415,PRJ-2024-00415,erp_export_corrupted.csv,2026-09-27T15:02:36.406842
erp,PRJ-2024-00416,PRJ-2024-00416,erp_export_corrupted.csv,2026-09-27T15:02:36.406842
erp,PRJ-2024-00417,PRJ-2024-00417,erp_export_corrupted.csv,2026-09-27T15:02:36.406842
erp,PRJ-2024-00418,PRJ-2024-00418,erp_export_corrupted.csv,2026-09-27T15:02:36.406842
erp,PRJ-2024-00419,PRJ-2024-00419,erp_export_corrupted.csv,2026-09-27T15:02:36.406842
erp,PRJ-2024-00420,PRJ-2024-00420,erp_export_corrupted.csv,2026-09-27T15:02:36.406842
erp,PRJ-2024-00421,PRJ-2024-00421,erp_export_corrupted.csv,2026-09-27T15:02:36.406842
erp,PRJ-2024-00422,PRJ-2024-00422,erp_export_corrupted.csv,2026-09-27T15:02:36.406842
erp,PRJ-2024-00423,PRJ-2024-00423,erp_export_corrupted.csv,2026-09-27T15:02:36.406842
erp,PRJ-2024-00424,PRJ-2024-00424,erp_export_corrupted.csv,2026-09-27T15:02:36.406842
erp,PRJ-2024-00425,PRJ-2024-00425,erp_export_corrupted.csv,2026-09-27T15:02:36.406842
erp,PRJ-2024-00426,PRJ-2024-00426,erp_export_corrupted.csv,2026-09-27T15:02:36.406842
erp,PRJ-2024-00427,PRJ-2024-00427,erp_export_corrupted.csv,2026-09-27T15:02:36.406842
erp,PRJ-2024-00428,PRJ-2024-00428,erp_export_corrupted.csv,2026-09-27T15:02:36.406842
erp,PRJ-2024-00429,PRJ-2024-00429,erp_export_corrupted.csv,2026-09-27T15:02:36.406842
erp,PRJ-2024-00430,PRJ-2024-00430,erp_export_corrupted.csv,2026-09-27T15:02:36.406842
erp,PRJ-2024-00431,PRJ-2024-00431,erp_export_corrupted.csv,2026-09-27T15:02:36.406842
erp,PRJ-2024-00432,PRJ-2024-00432,erp_export_corrupted.csv,2026-09-27T15:02:36.406842
erp,PRJ-2024-00433,PRJ-2024-00433,erp_export_corrupted.csv,2026-09-27T15:02:36.406842
erp,PRJ-2024-00434,PRJ-2024-00434,erp_export_corrupted.csv,2026-09-27T15:02:36.406842
erp,PRJ-2024-00435,PRJ-2024-00435,erp_export_corrupted.csv,2026-09-27T15:02:36.406842
erp,PRJ-2024-00436,PRJ-2024-00436,erp_export_corrupted.csv,2026-09-27T15:02:36.406842
erp,PRJ-2024-00437,PRJ-2024-00437,erp_export_corrupted.csv,2026-09-27T15:02:36.406842
erp,PRJ-2024-00438,PRJ-2024-00438,erp_export_corrupted.csv,2026-09-27T15:02:36.406842
erp,PRJ-2024-00439,PRJ-2024-00439,erp_export_corrupted.csv,2026-09-27T15:02:36.406842
erp,PRJ-2024-00440,PRJ-2024-00440,erp_export_corrupted.csv,2026-09-27T15:02:36.406842
erp,PRJ-2024-00441,PRJ-2024-00441,erp_export_corrupted.csv,2026-09-27T15:02:36.406842
erp,PRJ-2024-00442,PRJ-2024-00442,erp_export_corrupted.csv,2026-09-27T15:02:36.406842
erp,PRJ-2024-00443,PRJ-2024-00443,erp_export_corrupted.csv,2026-09-27T15:02:36.406842
erp,PRJ-2024-00444,PRJ-2024-00444,erp_export_corrupted.csv,2026-09-27T15:02:36.406842
erp,nan,nan,erp_export_corrupted.csv,2026-09-27T15:02:36.406842
erp,PRJ-2024-00446,PRJ-2024-00446,erp_export_corrupted.csv,2026-09-27T15:02:36.406842
erp,PRJ-2024-00447,PRJ-2024-00447,erp_export_corrupted.csv,2026-09-27T15:02:36.406842
erp,PRJ-2024-00448,PRJ-2024-00448,erp_export_corrupted.csv,2026-09-27T15:02:36.406842
erp,PRJ-2024-00449,PRJ-2024-00449,erp_export_corrupted.csv,2026-09-27T15:02:36.406842
erp,PRJ-2024-00450,PRJ-2024-00450,erp_export_corrupted.csv,2026-09-27T15:02:36.406842
erp,PRJ-2024-00451,PRJ-2024-00451,erp_export_corrupted.csv,2026-09-27T15:02:36.406842
erp,PRJ-2024-00452,PRJ-2024-00452,erp_export_corrupted.csv,2026-09-27T15:02:36.406842
erp,PRJ-2024-00453,PRJ-2024-00453,erp_export_corrupted.csv,2026-09-27T15:02:36.406842
erp,PRJ-2024-00454,PRJ-2024-00454,erp_export_corrupted.csv,2026-09-27T15:02:36.406842
erp,PRJ-2024-00455,PRJ-2024-00455,erp_export_corrupted.csv,2026-09-27T15:02:36.406842
erp,PRJ-2024-00456,PRJ-2024-00456,erp_export_corrupted.csv,2026-09-27T15:02:36.406842
erp,PRJ-2024-00457,PRJ-2024-00457,erp_export_corrupted.csv,2026-09-27T15:02:36.406842
erp,PRJ-2024-00458,PRJ-2024-00458,erp_export_corrupted.csv,2026-09-27T15:02:36.406842
erp,PRJ-2024-00459,PRJ-2024-00459,erp_export_corrupted.csv,2026-09-27T15:02:36.406842
erp,PRJ-2024-00460,PRJ-2024-00460,erp_export_corrupted.csv,2026-09-27T15:02:36.406842
erp,PRJ-2024-00461,PRJ-2024-00461,erp_export_corrupted.csv,2026-09-27T15:02:36.406842
erp,PRJ-2024-00462,PRJ-2024-00462,erp_export_corrupted.csv,2026-09-27T15:02:36.406842
erp,PRJ-2024-00463,PRJ-2024-00463,erp_export_corrupted.csv,2026-09-27T15:02:36.406842
erp,PRJ-2024-00464,PRJ-2024-00464,erp_export_corrupted.csv,2026-09-27T15:02:36.406842
erp,PRJ-2024-00465,PRJ-2024-00465,erp_export_corrupted.csv,2026-09-27T15:02:36.406842
erp,PRJ-2024-00466,PRJ-2024-00466,erp_export_corrupted.csv,2026-09-27T15:02:36.406842
erp,PRJ-2024-00467,PRJ-2024-00467,erp_export_corrupted.csv,2026-09-27T15:02:36.406842
erp,PRJ-2024-00468,PRJ-2024-00468,erp_export_corrupted.csv,2026-09-27T15:02:36.406842
erp,PRJ-2024-00469,PRJ-2024-00469,erp_export_corrupted.csv,2026-09-27T15:02:36.406842
erp,PRJ-2024-00470,PRJ-2024-00470,erp_export_corrupted.csv,2026-09-27T15:02:36.406842
erp,PRJ-2024-00471,PRJ-2024-00471,erp_export_corrupted.csv,2026-09-27T15:02:36.406842
erp,PRJ-2024-00472,PRJ-2024-00472,erp_export_corrupted.csv,2026-09-27T15:02:36.406842
erp,PRJ-2024-00473,PRJ-2024-00473,erp_export_corrupted.csv,2026-09-27T15:02:36.406842
erp,PRJ-2024-00474,PRJ-2024-00474,erp_export_corrupted.csv,2026-09-27T15:02:36.406842
erp,PRJ-2024-00475,PRJ-2024-00475,erp_export_corrupted.csv,2026-09-27T15:02:36.406842
erp,PRJ-2024-00476,PRJ-2024-00476,erp_export_corrupted.csv,2026-09-27T15:02:36.406842
erp,PRJ-2024-00477,PRJ-2024-00477,erp_export_corrupted.csv,2026-09-27T15:02:36.406842
erp,PRJ-2024-00478,PRJ-2024-00478,erp_export_corrupted.csv,2026-09-27T15:02:36.406842
erp,PRJ-2024-00479,PRJ-2024-00479,erp_export_corrupted.csv,2026-09-27T15:02:36.406842
erp,PRJ-2024-00480,PRJ-2024-00480,erp_export_corrupted.csv,2026-09-27T15:02:36.406842
erp,PRJ-2024-00481,PRJ-2024-00481,erp_export_corrupted.csv,2026-09-27T15:02:36.406842
erp,PRJ-2024-00482,PRJ-2024-00482,erp_export_corrupted.csv,2026-09-27T15:02:36.406842
erp,PRJ-2024-00483,PRJ-2024-00483,erp_export_corrupted.csv,2026-09-27T15:02:36.406842
erp,PRJ-2024-00484,PRJ-2024-00484,erp_export_corrupted.csv,2026-09-27T15:02:36.406842
erp,PRJ-2024-00485,PRJ-2024-00485,erp_export_corrupted.csv,2026-09-27T15:02:36.406842
erp,PRJ-2024-00486,PRJ-2024-00486,erp_export_corrupted.csv,2026-09-27T15:02:36.406842
erp,PRJ-2024-00487,PRJ-2024-00487,erp_export_corrupted.csv,2026-09-27T15:02:36.406842
erp,PRJ-2024-00488,PRJ-2024-00488,erp_export_corrupted.csv,2026-09-27T15:02:36.406842
erp,PRJ-2024-00489,PRJ-2024-00489,erp_export_corrupted.csv,2026-09-27T15:02:36.406842
erp,PRJ-2024-00490,PRJ-2024-00490,erp_export_corrupted.csv,2026-09-27T15:02:36.406842
erp,PRJ-2024-00491,PRJ-2024-00491,erp_export_corrupted.csv,2026-09-27T15:02:36.406842
erp,PRJ-2024-00492,PRJ-2024-00492,erp_export_corrupted.csv,2026-09-27T15:02:36.406842
erp,PRJ-2024-00493,PRJ-2024-00493,erp_export_corrupted.csv,2026-09-27T15:02:36.406842
erp,PRJ-2024-00494,PRJ-2024-00494,erp_export_corrupted.csv,2026-09-27T15:02:36.406842
erp,PRJ-2024-00495,PRJ-2024-00495,erp_export_corrupted.csv,2026-09-27T15:02:36.406842
erp,PRJ-2024-00496,PRJ-2024-00496,erp_export_corrupted.csv,2026-09-27T15:02:36.406842
erp,PRJ-2024-00497,PRJ-2024-00497,erp_export_corrupted.csv,2026-09-27T15:02:36.406842
erp,PRJ-2024-00498,PRJ-2024-00498,erp_export_corrupted.csv,2026-09-27T15:02:36.406842
erp,PRJ-2024-00499,PRJ-2024-00499,erp_export_corrupted.csv,2026-09-27T15:02:36.406842
erp,PRJ-2024-00500,PRJ-2024-00500,erp_export_corrupted.csv,2026-09-27T15:02:36.406842
partner,PRJ-2024-00001,PRJ-2024-00001,partner_export_corrupted.xlsx,2026-09-27T15:02:36.837173
partner,PRJ-2024-00002,PRJ-2024-00002,partner_export_corrupted.xlsx,2026-09-27T15:02:36.837173
partner,PRJ-2024-00003,PRJ-2024-00003,partner_export_corrupted.xlsx,2026-09-27T15:02:36.837173
partner,PRJ-2024-00004,PRJ-2024-00004,partner_export_corrupted.xlsx,2026-09-27T15:02:36.837173
partner,PRJ-2024-00005,PRJ-2024-00005,partner_export_corrupted.xlsx,2026-09-27T15:02:36.837173
partner,PRJ-2024-00006,PRJ-2024-00006,partner_export_corrupted.xlsx,2026-09-27T15:02:36.837173
partner,PRJ-2024-00007,PRJ-2024-00007,partner_export_corrupted.xlsx,2026-09-27T15:02:36.837173
partner,PRJ-2024-00008,PRJ-2024-00008,partner_export_corrupted.xlsx,2026-09-27T15:02:36.837173
partner,PRJ-2024-00009,PRJ-2024-00009,partner_export_corrupted.xlsx,2026-09-27T15:02:36.837173
partner,PRJ-2024-00010,PRJ-2024-00010,partner_export_corrupted.xlsx,2026-09-27T15:02:36.837173
partner,PRJ-2024-00011,PRJ-2024-00011,partner_export_corrupted.xlsx,2026-09-27T15:02:36.837173
partner,PRJ-2024-00012,PRJ-2024-00012,partner_export_corrupted.xlsx,2026-09-27T15:02:36.837173
partner,PRJ-2024-00013,PRJ-2024-00013,partner_export_corrupted.xlsx,2026-09-27T15:02:36.837173
partner,PRJ-2024-00014,PRJ-2024-00014,partner_export_corrupted.xlsx,2026-09-27T15:02:36.837173
partner,PRJ-2024-00015,PRJ-2024-00015,partner_export_corrupted.xlsx,2026-09-27T15:02:36.837173
partner,PRJ-2024-00016,PRJ-2024-00016,partner_export_corrupted.xlsx,2026-09-27T15:02:36.837173
partner,PRJ-2024-00017,PRJ-2024-00017,partner_export_corrupted.xlsx,2026-09-27T15:02:36.837173
partner,PRJ-2024-00018,PRJ-2024-00018,partner_export_corrupted.xlsx,2026-09-27T15:02:36.837173
partner,PRJ-2024-00019,PRJ-2024-00019,partner_export_corrupted.xlsx,2026-09-27T15:02:36.837173
partner,PRJ-2024-00020,PRJ-2024-00020,partner_export_corrupted.xlsx,2026-09-27T15:02:36.837173
partner,PRJ-2024-00021,PRJ-2024-00021,partner_export_corrupted.xlsx,2026-09-27T15:02:36.837173
partner,PRJ-2024-00022,PRJ-2024-00022,partner_export_corrupted.xlsx,2026-09-27T15:02:36.837173
partner,PRJ-2024-00023,PRJ-2024-00023,partner_export_corrupted.xlsx,2026-09-27T15:02:36.837173
partner,PRJ-2024-00024,PRJ-2024-00024,partner_export_corrupted.xlsx,2026-09-27T15:02:36.837173
partner,PRJ-2024-00025,PRJ-2024-00025,partner_export_corrupted.xlsx,2026-09-27T15:02:36.837173
partner,PRJ-2024-00026,PRJ-2024-00026,partner_export_corrupted.xlsx,2026-09-27T15:02:36.837173
partner,PRJ-2024-00027,PRJ-2024-00027,partner_export_corrupted.xlsx,2026-09-27T15:02:36.837173
partner,PRJ-2024-00028,PRJ-2024-00028,partner_export_corrupted.xlsx,2026-09-27T15:02:36.837173
partner,PRJ-2024-00029,PRJ-2024-00029,partner_export_corrupted.xlsx,2026-09-27T15:02:36.837173
partner,PRJ-2024-00030,PRJ-2024-00030,partner_export_corrupted.xlsx,2026-09-27T15:02:36.837173
partner,PRJ-2024-00031,PRJ-2024-00031,partner_export_corrupted.xlsx,2026-09-27T15:02:36.837173
partner,PRJ-2024-00032,PRJ-2024-00032,partner_export_corrupted.xlsx,2026-09-27T15:02:36.837173
partner,PRJ-2024-00033,PRJ-2024-00033,partner_export_corrupted.xlsx,2026-09-27T15:02:36.837173
partner,PRJ-2024-00034,PRJ-2024-00034,partner_export_corrupted.xlsx,2026-09-27T15:02:36.837173
partner,PRJ-2024-00035,PRJ-2024-00035,partner_export_corrupted.xlsx,2026-09-27T15:02:36.837173
partner,PRJ-2024-00036,PRJ-2024-00036,partner_export_corrupted.xlsx,2026-09-27T15:02:36.837173
partner,PRJ-2024-00037,PRJ-2024-00037,partner_export_corrupted.xlsx,2026-09-27T15:02:36.837173
partner,PRJ-2024-00038,PRJ-2024-00038,partner_export_corrupted.xlsx,2026-09-27T15:02:36.837173
partner,PRJ-2024-00039,PRJ-2024-00039,partner_export_corrupted.xlsx,2026-09-27T15:02:36.837173
partner,PRJ-2024-00040,PRJ-2024-00040,partner_export_corrupted.xlsx,2026-09-27T15:02:36.837173
partner,PRJ-2024-00041,PRJ-2024-00041,partner_export_corrupted.xlsx,2026-09-27T15:02:36.837173
partner,PRJ-2024-00042,PRJ-2024-00042,partner_export_corrupted.xlsx,2026-09-27T15:02:36.837173
partner,PRJ-2024-00043,PRJ-2024-00043,partner_export_corrupted.xlsx,2026-09-27T15:02:36.837173
partner,PRJ-2024-00044,PRJ-2024-00044,partner_export_corrupted.xlsx,2026-09-27T15:02:36.837173
partner,PRJ-2024-00045,PRJ-2024-00045,partner_export_corrupted.xlsx,2026-09-27T15:02:36.837173
partner,PRJ-2024-00046,PRJ-2024-00046,partner_export_corrupted.xlsx,2026-09-27T15:02:36.837173
partner,PRJ-2024-00047,PRJ-2024-00047,partner_export_corrupted.xlsx,2026-09-27T15:02:36.837173
partner,PRJ-2024-00048,PRJ-2024-00048,partner_export_corrupted.xlsx,2026-09-27T15:02:36.837173
partner,PRJ-2024-00049,PRJ-2024-00049,partner_export_corrupted.xlsx,2026-09-27T15:02:36.837173
partner,PRJ-2024-00050,PRJ-2024-00050,partner_export_corrupted.xlsx,2026-09-27T15:02:36.837173
partner,PRJ-2024-00051,PRJ-2024-00051,partner_export_corrupted.xlsx,2026-09-27T15:02:36.837173
partner,PRJ-2024-00052,PRJ-2024-00052,partner_export_corrupted.xlsx,2026-09-27T15:02:36.837173
partner,PRJ-2024-00053,PRJ-2024-00053,partner_export_corrupted.xlsx,2026-09-27T15:02:36.837173
partner,PRJ-2024-00054,PRJ-2024-00054,partner_export_corrupted.xlsx,2026-09-27T15:02:36.837173
partner,PRJ-2024-00055,PRJ-2024-00055,partner_export_corrupted.xlsx,2026-09-27T15:02:36.837173
partner,PRJ-2024-00056,PRJ-2024-00056,partner_export_corrupted.xlsx,2026-09-27T15:02:36.837173
partner,PRJ-2024-00057,PRJ-2024-00057,partner_export_corrupted.xlsx,2026-09-27T15:02:36.837173
partner,PRJ-2024-00058,PRJ-2024-00058,partner_export_corrupted.xlsx,2026-09-27T15:02:36.837173
partner,PRJ-2024-00059,PRJ-2024-00059,partner_export_corrupted.xlsx,2026-09-27T15:02:36.837173
partner,PRJ-2024-00060,PRJ-2024-00060,partner_export_corrupted.xlsx,2026-09-27T15:02:36.837173
partner,PRJ-2024-00061,PRJ-2024-00061,partner_export_corrupted.xlsx,2026-09-27T15:02:36.837173
partner,PRJ-2024-00062,PRJ-2024-00062,partner_export_corrupted.xlsx,2026-09-27T15:02:36.837173
partner,PRJ-2024-00063,PRJ-2024-00063,partner_export_corrupted.xlsx,2026-09-27T15:02:36.837173
partner,PRJ-2024-00064,PRJ-2024-00064,partner_export_corrupted.xlsx,2026-09-27T15:02:36.837173
partner,PRJ-2024-00065,PRJ-2024-00065,partner_export_corrupted.xlsx,2026-09-27T15:02:36.837173
partner,PRJ-2024-00066,PRJ-2024-00066,partner_export_corrupted.xlsx,2026-09-27T15:02:36.837173
partner,PRJ-2024-00067,PRJ-2024-00067,partner_export_corrupted.xlsx,2026-09-27T15:02:36.837173
partner,PRJ-2024-00068,PRJ-2024-00068,partner_export_corrupted.xlsx,2026-09-27T15:02:36.837173
partner,PRJ-2024-00069,PRJ-2024-00069,partner_export_corrupted.xlsx,2026-09-27T15:02:36.837173
partner,PRJ-2024-00070,PRJ-2024-00070,partner_export_corrupted.xlsx,2026-09-27T15:02:36.837173
partner,PRJ-2024-00071,PRJ-2024-00071,partner_export_corrupted.xlsx,2026-09-27T15:02:36.837173
partner,PRJ-2024-00072,PRJ-2024-00072,partner_export_corrupted.xlsx,2026-09-27T15:02:36.837173
partner,PRJ-2024-00073,PRJ-2024-00073,partner_export_corrupted.xlsx,2026-09-27T15:02:36.837173
partner,PRJ-2024-00074,PRJ-2024-00074,partner_export_corrupted.xlsx,2026-09-27T15:02:36.837173
partner,PRJ-2024-00075,PRJ-2024-00075,partner_export_corrupted.xlsx,2026-09-27T15:02:36.837173
partner,PRJ-2024-00076,PRJ-2024-00076,partner_export_corrupted.xlsx,2026-09-27T15:02:36.837173
partner,PRJ-2024-00077,PRJ-2024-00077,partner_export_corrupted.xlsx,2026-09-27T15:02:36.837173
partner,PRJ-2024-00078,PRJ-2024-00078,partner_export_corrupted.xlsx,2026-09-27T15:02:36.837173
partner,PRJ-2024-00079,PRJ-2024-00079,partner_export_corrupted.xlsx,2026-09-27T15:02:36.837173
partner,PRJ-2024-00080,PRJ-2024-00080,partner_export_corrupted.xlsx,2026-09-27T15:02:36.837173
partner,PRJ-2024-00081,PRJ-2024-00081,partner_export_corrupted.xlsx,2026-09-27T15:02:36.837173
partner,PRJ-2024-00082,PRJ-2024-00082,partner_export_corrupted.xlsx,2026-09-27T15:02:36.837173
partner,PRJ-2024-00083,PRJ-2024-00083,partner_export_corrupted.xlsx,2026-09-27T15:02:36.837173
partner,PRJ-2024-00084,PRJ-2024-00084,partner_export_corrupted.xlsx,2026-09-27T15:02:36.837173
partner,PRJ-2024-00085,PRJ-2024-00085,partner_export_corrupted.xlsx,2026-09-27T15:02:36.837173
partner,PRJ-2024-00086,PRJ-2024-00086,partner_export_corrupted.xlsx,2026-09-27T15:02:36.837173
partner,PRJ-2024-00087,PRJ-2024-00087,partner_export_corrupted.xlsx,2026-09-27T15:02:36.837173
partner,PRJ-2024-00088,PRJ-2024-00088,partner_export_corrupted.xlsx,2026-09-27T15:02:36.837173
partner,PRJ-2024-00089,PRJ-2024-00089,partner_export_corrupted.xlsx,2026-09-27T15:02:36.837173
partner,PRJ-2024-00090,PRJ-2024-00090,partner_export_corrupted.xlsx,2026-09-27T15:02:36.837173
partner,PRJ-2024-00091,PRJ-2024-00091,partner_export_corrupted.xlsx,2026-09-27T15:02:36.837173
partner,PRJ-2024-00092,PRJ-2024-00092,partner_export_corrupted.xlsx,2026-09-27T15:02:36.837173
partner,PRJ-2024-00093,PRJ-2024-00093,partner_export_corrupted.xlsx,2026-09-27T15:02:36.837173
partner,PRJ-2024-00094,PRJ-2024-00094,partner_export_corrupted.xlsx,2026-09-27T15:02:36.837173
partner,PRJ-2024-00095,PRJ-2024-00095,partner_export_corrupted.xlsx,2026-09-27T15:02:36.837173
partner,PRJ-2024-00096,PRJ-2024-00096,partner_export_corrupted.xlsx,2026-09-27T15:02:36.837173
partner,PRJ-2024-00097,PRJ-2024-00097,partner_export_corrupted.xlsx,2026-09-27T15:02:36.837173
partner,PRJ-2024-00098,PRJ-2024-00098,partner_export_corrupted.xlsx,2026-09-27T15:02:36.837173
partner,PRJ-2024-00099,PRJ-2024-00099,partner_export_corrupted.xlsx,2026-09-27T15:02:36.837173
partner,PRJ-2024-00100,PRJ-2024-00100,partner_export_corrupted.xlsx,2026-09-27T15:02:36.837173
partner,PRJ-2024-00101,PRJ-2024-00101,partner_export_corrupted.xlsx,2026-09-27T15:02:36.837173
partner,PRJ-2024-00102,PRJ-2024-00102,partner_export_corrupted.xlsx,2026-09-27T15:02:36.837173
partner,PRJ-2024-00103,PRJ-2024-00103,partner_export_corrupted.xlsx,2026-09-27T15:02:36.837173
partner,PRJ-2024-00104,PRJ-2024-00104,partner_export_corrupted.xlsx,2026-09-27T15:02:36.837173
partner,PRJ-2024-00105,PRJ-2024-00105,partner_export_corrupted.xlsx,2026-09-27T15:02:36.837173
partner,PRJ-2024-00106,PRJ-2024-00106,partner_export_corrupted.xlsx,2026-09-27T15:02:36.837173
partner,PRJ-2024-00107,PRJ-2024-00107,partner_export_corrupted.xlsx,2026-09-27T15:02:36.837173
partner,PRJ-2024-00108,PRJ-2024-00108,partner_export_corrupted.xlsx,2026-09-27T15:02:36.837173
partner,PRJ-2024-00109,PRJ-2024-00109,partner_export_corrupted.xlsx,2026-09-27T15:02:36.837173
partner,PRJ-2024-00110,PRJ-2024-00110,partner_export_corrupted.xlsx,2026-09-27T15:02:36.837173
partner,PRJ-2024-00111,PRJ-2024-00111,partner_export_corrupted.xlsx,2026-09-27T15:02:36.837173
partner,PRJ-2024-00112,PRJ-2024-00112,partner_export_corrupted.xlsx,2026-09-27T15:02:36.837173
partner,PRJ-2024-00113,PRJ-2024-00113,partner_export_corrupted.xlsx,2026-09-27T15:02:36.837173
partner,PRJ-2024-00114,PRJ-2024-00114,partner_export_corrupted.xlsx,2026-09-27T15:02:36.837173
partner,PRJ-2024-00115,PRJ-2024-00115,partner_export_corrupted.xlsx,2026-09-27T15:02:36.837173
partner,PRJ-2024-00116,PRJ-2024-00116,partner_export_corrupted.xlsx,2026-09-27T15:02:36.837173
partner,PRJ-2024-00117,PRJ-2024-00117,partner_export_corrupted.xlsx,2026-09-27T15:02:36.837173
partner,PRJ-2024-00118,PRJ-2024-00118,partner_export_corrupted.xlsx,2026-09-27T15:02:36.837173
partner,PRJ-2024-00119,PRJ-2024-00119,partner_export_corrupted.xlsx,2026-09-27T15:02:36.837173
partner,PRJ-2024-00120,PRJ-2024-00120,partner_export_corrupted.xlsx,2026-09-27T15:02:36.837173
partner,PRJ-2024-00121,PRJ-2024-00121,partner_export_corrupted.xlsx,2026-09-27T15:02:36.837173
partner,PRJ-2024-00122,PRJ-2024-00122,partner_export_corrupted.xlsx,2026-09-27T15:02:36.837173
partner,PRJ-2024-00123,PRJ-2024-00123,partner_export_corrupted.xlsx,2026-09-27T15:02:36.837173
partner,PRJ-2024-00124,PRJ-2024-00124,partner_export_corrupted.xlsx,2026-09-27T15:02:36.837173
partner,PRJ-2024-00125,PRJ-2024-00125,partner_export_corrupted.xlsx,2026-09-27T15:02:36.837173
partner,PRJ-2024-00126,PRJ-2024-00126,partner_export_corrupted.xlsx,2026-09-27T15:02:36.837173
partner,PRJ-2024-00127,PRJ-2024-00127,partner_export_corrupted.xlsx,2026-09-27T15:02:36.837173
partner,PRJ-2024-00128,PRJ-2024-00128,partner_export_corrupted.xlsx,2026-09-27T15:02:36.837173
partner,PRJ-2024-00129,PRJ-2024-00129,partner_export_corrupted.xlsx,2026-09-27T15:02:36.837173
partner,PRJ-2024-00130,PRJ-2024-00130,partner_export_corrupted.xlsx,2026-09-27T15:02:36.837173
partner,PRJ-2024-00131,PRJ-2024-00131,partner_export_corrupted.xlsx,2026-09-27T15:02:36.837173
partner,PRJ-2024-00132,PRJ-2024-00132,partner_export_corrupted.xlsx,2026-09-27T15:02:36.837173
partner,PRJ-2024-00133,PRJ-2024-00133,partner_export_corrupted.xlsx,2026-09-27T15:02:36.837173
partner,PRJ-2024-00134,PRJ-2024-00134,partner_export_corrupted.xlsx,2026-09-27T15:02:36.837173
partner,PRJ-2024-00135,PRJ-2024-00135,partner_export_corrupted.xlsx,2026-09-27T15:02:36.837173
partner,PRJ-2024-00136,PRJ-2024-00136,partner_export_corrupted.xlsx,2026-09-27T15:02:36.837173
partner,PRJ-2024-00137,PRJ-2024-00137,partner_export_corrupted.xlsx,2026-09-27T15:02:36.837173
partner,PRJ-2024-00138,PRJ-2024-00138,partner_export_corrupted.xlsx,2026-09-27T15:02:36.837173
partner,PRJ-2024-00139,PRJ-2024-00139,partner_export_corrupted.xlsx,2026-09-27T15:02:36.837173
partner,PRJ-2024-00140,PRJ-2024-00140,partner_export_corrupted.xlsx,2026-09-27T15:02:36.837173
partner,PRJ-2024-00141,PRJ-2024-00141,partner_export_corrupted.xlsx,2026-09-27T15:02:36.837173
partner,PRJ-2024-00142,PRJ-2024-00142,partner_export_corrupted.xlsx,2026-09-27T15:02:36.837173
partner,PRJ-2024-00143,PRJ-2024-00143,partner_export_corrupted.xlsx,2026-09-27T15:02:36.837173
partner,PRJ-2024-00144,PRJ-2024-00144,partner_export_corrupted.xlsx,2026-09-27T15:02:36.837173
partner,PRJ-2024-00145,PRJ-2024-00145,partner_export_corrupted.xlsx,2026-09-27T15:02:36.837173
partner,PRJ-2024-00146,PRJ-2024-00146,partner_export_corrupted.xlsx,2026-09-27T15:02:36.837173
partner,PRJ-2024-00147,PRJ-2024-00147,partner_export_corrupted.xlsx,2026-09-27T15:02:36.837173
partner,PRJ-2024-00148,PRJ-2024-00148,partner_export_corrupted.xlsx,2026-09-27T15:02:36.837173
partner,PRJ-2024-00149,PRJ-2024-00149,partner_export_corrupted.xlsx,2026-09-27T15:02:36.837173
partner,PRJ-2024-00150,PRJ-2024-00150,partner_export_corrupted.xlsx,2026-09-27T15:02:36.837173
partner,PRJ-2024-00151,PRJ-2024-00151,partner_export_corrupted.xlsx,2026-09-27T15:02:36.837173
partner,PRJ-2024-00152,PRJ-2024-00152,partner_export_corrupted.xlsx,2026-09-27T15:02:36.837173
partner,PRJ-2024-00153,PRJ-2024-00153,partner_export_corrupted.xlsx,2026-09-27T15:02:36.837173
partner,PRJ-2024-00154,PRJ-2024-00154,partner_export_corrupted.xlsx,2026-09-27T15:02:36.837173
partner,PRJ-2024-00155,PRJ-2024-00155,partner_export_corrupted.xlsx,2026-09-27T15:02:36.837173
partner,PRJ-2024-00156,PRJ-2024-00156,partner_export_corrupted.xlsx,2026-09-27T15:02:36.837173
partner,PRJ-2024-00157,PRJ-2024-00157,partner_export_corrupted.xlsx,2026-09-27T15:02:36.837173
partner,PRJ-2024-00158,PRJ-2024-00158,partner_export_corrupted.xlsx,2026-09-27T15:02:36.837173
partner,PRJ-2024-00159,PRJ-2024-00159,partner_export_corrupted.xlsx,2026-09-27T15:02:36.837173
partner,PRJ-2024-00160,PRJ-2024-00160,partner_export_corrupted.xlsx,2026-09-27T15:02:36.837173
partner,PRJ-2024-00161,PRJ-2024-00161,partner_export_corrupted.xlsx,2026-09-27T15:02:36.837173
partner,PRJ-2024-00162,PRJ-2024-00162,partner_export_corrupted.xlsx,2026-09-27T15:02:36.837173
partner,PRJ-2024-00163,PRJ-2024-00163,partner_export_corrupted.xlsx,2026-09-27T15:02:36.837173
partner,PRJ-2024-00164,PRJ-2024-00164,partner_export_corrupted.xlsx,2026-09-27T15:02:36.837173
partner,PRJ-2024-00165,PRJ-2024-00165,partner_export_corrupted.xlsx,2026-09-27T15:02:36.837173
partner,PRJ-2024-00166,PRJ-2024-00166,partner_export_corrupted.xlsx,2026-09-27T15:02:36.837173
partner,PRJ-2024-00167,PRJ-2024-00167,partner_export_corrupted.xlsx,2026-09-27T15:02:36.837173
partner,PRJ-2024-00168,PRJ-2024-00168,partner_export_corrupted.xlsx,2026-09-27T15:02:36.837173
partner,PRJ-2024-00169,PRJ-2024-00169,partner_export_corrupted.xlsx,2026-09-27T15:02:36.837173
partner,PRJ-2024-00170,PRJ-2024-00170,partner_export_corrupted.xlsx,2026-09-27T15:02:36.837173
partner,PRJ-2024-00171,PRJ-2024-00171,partner_export_corrupted.xlsx,2026-09-27T15:02:36.837173
partner,PRJ-2024-00172,PRJ-2024-00172,partner_export_corrupted.xlsx,2026-09-27T15:02:36.837173
partner,PRJ-2024-00173,PRJ-2024-00173,partner_export_corrupted.xlsx,2026-09-27T15:02:36.837173
partner,PRJ-2024-00174,PRJ-2024-00174,partner_export_corrupted.xlsx,2026-09-27T15:02:36.837173
partner,PRJ-2024-00175,PRJ-2024-00175,partner_export_corrupted.xlsx,2026-09-27T15:02:36.837173
partner,PRJ-2024-00176,PRJ-2024-00176,partner_export_corrupted.xlsx,2026-09-27T15:02:36.837173
partner,PRJ-2024-00177,PRJ-2024-00177,partner_export_corrupted.xlsx,2026-09-27T15:02:36.837173
partner,PRJ-2024-00178,PRJ-2024-00178,partner_export_corrupted.xlsx,2026-09-27T15:02:36.837173
partner,PRJ-2024-00179,PRJ-2024-00179,partner_export_corrupted.xlsx,2026-09-27T15:02:36.837173
partner,PRJ-2024-00180,PRJ-2024-00180,partner_export_corrupted.xlsx,2026-09-27T15:02:36.837173
partner,PRJ-2024-00181,PRJ-2024-00181,partner_export_corrupted.xlsx,2026-09-27T15:02:36.837173
partner,PRJ-2024-00182,PRJ-2024-00182,partner_export_corrupted.xlsx,2026-09-27T15:02:36.837173
partner,PRJ-2024-00183,PRJ-2024-00183,partner_export_corrupted.xlsx,2026-09-27T15:02:36.837173
partner,PRJ-2024-00184,PRJ-2024-00184,partner_export_corrupted.xlsx,2026-09-27T15:02:36.837173
partner,PRJ-2024-00185,PRJ-2024-00185,partner_export_corrupted.xlsx,2026-09-27T15:02:36.837173
partner,PRJ-2024-00186,PRJ-2024-00186,partner_export_corrupted.xlsx,2026-09-27T15:02:36.837173
partner,PRJ-2024-00187,PRJ-2024-00187,partner_export_corrupted.xlsx,2026-09-27T15:02:36.837173
partner,PRJ-2024-00188,PRJ-2024-00188,partner_export_corrupted.xlsx,2026-09-27T15:02:36.837173
partner,PRJ-2024-00189,PRJ-2024-00189,partner_export_corrupted.xlsx,2026-09-27T15:02:36.837173
partner,PRJ-2024-00190,PRJ-2024-00190,partner_export_corrupted.xlsx,2026-09-27T15:02:36.837173
partner,PRJ-2024-00191,PRJ-2024-00191,partner_export_corrupted.xlsx,2026-09-27T15:02:36.837173
partner,PRJ-2024-00192,PRJ-2024-00192,partner_export_corrupted.xlsx,2026-09-27T15:02:36.837173
partner,PRJ-2024-00193,PRJ-2024-00193,partner_export_corrupted.xlsx,2026-09-27T15:02:36.837173
partner,PRJ-2024-00194,PRJ-2024-00194,partner_export_corrupted.xlsx,2026-09-27T15:02:36.837173
partner,PRJ-2024-00195,PRJ-2024-00195,partner_export_corrupted.xlsx,2026-09-27T15:02:36.837173
partner,PRJ-2024-00196,PRJ-2024-00196,partner_export_corrupted.xlsx,2026-09-27T15:02:36.837173
partner,PRJ-2024-00197,PRJ-2024-00197,partner_export_corrupted.xlsx,2026-09-27T15:02:36.837173
partner,PRJ-2024-00198,PRJ-2024-00198,partner_export_corrupted.xlsx,2026-09-27T15:02:36.837173
partner,PRJ-2024-00199,PRJ-2024-00199,partner_export_corrupted.xlsx,2026-09-27T15:02:36.837173
partner,PRJ-2024-00200,PRJ-2024-00200,partner_export_corrupted.xlsx,2026-09-27T15:02:36.837173
partner,PRJ-2024-00201,PRJ-2024-00201,partner_export_corrupted.xlsx,2026-09-27T15:02:36.837173
partner,PRJ-2024-00202,PRJ-2024-00202,partner_export_corrupted.xlsx,2026-09-27T15:02:36.837173
partner,PRJ-2024-00203,PRJ-2024-00203,partner_export_corrupted.xlsx,2026-09-27T15:02:36.837173
partner,PRJ-2024-00204,PRJ-2024-00204,partner_export_corrupted.xlsx,2026-09-27T15:02:36.837173
partner,PRJ-2024-00205,PRJ-2024-00205,partner_export_corrupted.xlsx,2026-09-27T15:02:36.837173
partner,PRJ-2024-00206,PRJ-2024-00206,partner_export_corrupted.xlsx,2026-09-27T15:02:36.837173
partner,PRJ-2024-00207,PRJ-2024-00207,partner_export_corrupted.xlsx,2026-09-27T15:02:36.837173
partner,PRJ-2024-00208,PRJ-2024-00208,partner_export_corrupted.xlsx,2026-09-27T15:02:36.837173
partner,PRJ-2024-00209,PRJ-2024-00209,partner_export_corrupted.xlsx,2026-09-27T15:02:36.837173
partner,PRJ-2024-00210,PRJ-2024-00210,partner_export_corrupted.xlsx,2026-09-27T15:02:36.837173
partner,PRJ-2024-00211,PRJ-2024-00211,partner_export_corrupted.xlsx,2026-09-27T15:02:36.837173
partner,PRJ-2024-00212,PRJ-2024-00212,partner_export_corrupted.xlsx,2026-09-27T15:02:36.837173
partner,PRJ-2024-00213,PRJ-2024-00213,partner_export_corrupted.xlsx,2026-09-27T15:02:36.837173
partner,PRJ-2024-00214,PRJ-2024-00214,partner_export_corrupted.xlsx,2026-09-27T15:02:36.837173
partner,PRJ-2024-00215,PRJ-2024-00215,partner_export_corrupted.xlsx,2026-09-27T15:02:36.837173
partner,PRJ-2024-00216,PRJ-2024-00216,partner_export_corrupted.xlsx,2026-09-27T15:02:36.837173
partner,PRJ-2024-00217,PRJ-2024-00217,partner_export_corrupted.xlsx,2026-09-27T15:02:36.837173
partner,PRJ-2024-00218,PRJ-2024-00218,partner_export_corrupted.xlsx,2026-09-27T15:02:36.837173
partner,PRJ-2024-00219,PRJ-2024-00219,partner_export_corrupted.xlsx,2026-09-27T15:02:36.837173
partner,PRJ-2024-00220,PRJ-2024-00220,partner_export_corrupted.xlsx,2026-09-27T15:02:36.837173
partner,PRJ-2024-00221,PRJ-2024-00221,partner_export_corrupted.xlsx,2026-09-27T15:02:36.837173
partner,PRJ-2024-00222,PRJ-2024-00222,partner_export_corrupted.xlsx,2026-09-27T15:02:36.837173
partner,PRJ-2024-00223,PRJ-2024-00223,partner_export_corrupted.xlsx,2026-09-27T15:02:36.837173
partner,PRJ-2024-00224,PRJ-2024-00224,partner_export_corrupted.xlsx,2026-09-27T15:02:36.837173
partner,PRJ-2024-00225,PRJ-2024-00225,partner_export_corrupted.xlsx,2026-09-27T15:02:36.837173
partner,PRJ-2024-00226,PRJ-2024-00226,partner_export_corrupted.xlsx,2026-09-27T15:02:36.837173
partner,PRJ-2024-00227,PRJ-2024-00227,partner_export_corrupted.xlsx,2026-09-27T15:02:36.837173
partner,PRJ-2024-00228,PRJ-2024-00228,partner_export_corrupted.xlsx,2026-09-27T15:02:36.837173
partner,PRJ-2024-00229,PRJ-2024-00229,partner_export_corrupted.xlsx,2026-09-27T15:02:36.837173
partner,PRJ-2024-00230,PRJ-2024-00230,partner_export_corrupted.xlsx,2026-09-27T15:02:36.837173
partner,PRJ-2024-00231,PRJ-2024-00231,partner_export_corrupted.xlsx,2026-09-27T15:02:36.837173
partner,PRJ-2024-00232,PRJ-2024-00232,partner_export_corrupted.xlsx,2026-09-27T15:02:36.837173
partner,PRJ-2024-00233,PRJ-2024-00233,partner_export_corrupted.xlsx,2026-09-27T15:02:36.837173
partner,PRJ-2024-00234,PRJ-2024-00234,partner_export_corrupted.xlsx,2026-09-27T15:02:36.837173
partner,PRJ-2024-00235,PRJ-2024-00235,partner_export_corrupted.xlsx,2026-09-27T15:02:36.837173
partner,PRJ-2024-00236,PRJ-2024-00236,partner_export_corrupted.xlsx,2026-09-27T15:02:36.837173
partner,PRJ-2024-00237,PRJ-2024-00237,partner_export_corrupted.xlsx,2026-09-27T15:02:36.837173
partner,PRJ-2024-00238,PRJ-2024-00238,partner_export_corrupted.xlsx,2026-09-27T15:02:36.837173
partner,PRJ-2024-00239,PRJ-2024-00239,partner_export_corrupted.xlsx,2026-09-27T15:02:36.837173
partner,PRJ-2024-00240,PRJ-2024-00240,partner_export_corrupted.xlsx,2026-09-27T15:02:36.837173
partner,PRJ-2024-00241,PRJ-2024-00241,partner_export_corrupted.xlsx,2026-09-27T15:02:36.837173
partner,PRJ-2024-00242,PRJ-2024-00242,partner_export_corrupted.xlsx,2026-09-27T15:02:36.837173
partner,PRJ-2024-00243,PRJ-2024-00243,partner_export_corrupted.xlsx,2026-09-27T15:02:36.837173
partner,PRJ-2024-00244,PRJ-2024-00244,partner_export_corrupted.xlsx,2026-09-27T15:02:36.837173
partner,PRJ-2024-00245,PRJ-2024-00245,partner_export_corrupted.xlsx,2026-09-27T15:02:36.837173
partner,PRJ-2024-00246,PRJ-2024-00246,partner_export_corrupted.xlsx,2026-09-27T15:02:36.837173
partner,PRJ-2024-00247,PRJ-2024-00247,partner_export_corrupted.xlsx,2026-09-27T15:02:36.837173
partner,PRJ-2024-00248,PRJ-2024-00248,partner_export_corrupted.xlsx,2026-09-27T15:02:36.837173
partner,PRJ-2024-00249,PRJ-2024-00249,partner_export_corrupted.xlsx,2026-09-27T15:02:36.837173
partner,PRJ-2024-00250,PRJ-2024-00250,partner_export_corrupted.xlsx,2026-09-27T15:02:36.837173
partner,PRJ-2024-00251,PRJ-2024-00251,partner_export_corrupted.xlsx,2026-09-27T15:02:36.837173
partner,PRJ-2024-00252,PRJ-2024-00252,partner_export_corrupted.xlsx,2026-09-27T15:02:36.837173
partner,PRJ-2024-00253,PRJ-2024-00253,partner_export_corrupted.xlsx,2026-09-27T15:02:36.837173
partner,PRJ-2024-00254,PRJ-2024-00254,partner_export_corrupted.xlsx,2026-09-27T15:02:36.837173
partner,PRJ-2024-00255,PRJ-2024-00255,partner_export_corrupted.xlsx,2026-09-27T15:02:36.837173
partner,PRJ-2024-00256,PRJ-2024-00256,partner_export_corrupted.xlsx,2026-09-27T15:02:36.837173
partner,PRJ-2024-00257,PRJ-2024-00257,partner_export_corrupted.xlsx,2026-09-27T15:02:36.837173
partner,PRJ-2024-00258,PRJ-2024-00258,partner_export_corrupted.xlsx,2026-09-27T15:02:36.837173
partner,PRJ-2024-00259,PRJ-2024-00259,partner_export_corrupted.xlsx,2026-09-27T15:02:36.837173
partner,PRJ-2024-00260,PRJ-2024-00260,partner_export_corrupted.xlsx,2026-09-27T15:02:36.837173
partner,PRJ-2024-00261,PRJ-2024-00261,partner_export_corrupted.xlsx,2026-09-27T15:02:36.837173
partner,PRJ-2024-00262,PRJ-2024-00262,partner_export_corrupted.xlsx,2026-09-27T15:02:36.837173
partner,PRJ-2024-00263,PRJ-2024-00263,partner_export_corrupted.xlsx,2026-09-27T15:02:36.837173
partner,PRJ-2024-00264,PRJ-2024-00264,partner_export_corrupted.xlsx,2026-09-27T15:02:36.837173
partner,PRJ-2024-00265,PRJ-2024-00265,partner_export_corrupted.xlsx,2026-09-27T15:02:36.837173
partner,PRJ-2024-00266,PRJ-2024-00266,partner_export_corrupted.xlsx,2026-09-27T15:02:36.837173
partner,PRJ-2024-00267,PRJ-2024-00267,partner_export_corrupted.xlsx,2026-09-27T15:02:36.837173
partner,PRJ-2024-00268,PRJ-2024-00268,partner_export_corrupted.xlsx,2026-09-27T15:02:36.837173
partner,PRJ-2024-00269,PRJ-2024-00269,partner_export_corrupted.xlsx,2026-09-27T15:02:36.837173
partner,PRJ-2024-00270,PRJ-2024-00270,partner_export_corrupted.xlsx,2026-09-27T15:02:36.837173
partner,PRJ-2024-00271,PRJ-2024-00271,partner_export_corrupted.xlsx,2026-09-27T15:02:36.837173
partner,PRJ-2024-00272,PRJ-2024-00272,partner_export_corrupted.xlsx,2026-09-27T15:02:36.837173
partner,PRJ-2024-00273,PRJ-2024-00273,partner_export_corrupted.xlsx,2026-09-27T15:02:36.837173
partner,PRJ-2024-00274,PRJ-2024-00274,partner_export_corrupted.xlsx,2026-09-27T15:02:36.837173
partner,PRJ-2024-00275,PRJ-2024-00275,partner_export_corrupted.xlsx,2026-09-27T15:02:36.837173
partner,PRJ-2024-00276,PRJ-2024-00276,partner_export_corrupted.xlsx,2026-09-27T15:02:36.837173
partner,PRJ-2024-00277,PRJ-2024-00277,partner_export_corrupted.xlsx,2026-09-27T15:02:36.837173
partner,PRJ-2024-00278,PRJ-2024-00278,partner_export_corrupted.xlsx,2026-09-27T15:02:36.837173
partner,PRJ-2024-00279,PRJ-2024-00279,partner_export_corrupted.xlsx,2026-09-27T15:02:36.837173
partner,PRJ-2024-00280,PRJ-2024-00280,partner_export_corrupted.xlsx,2026-09-27T15:02:36.837173
partner,PRJ-2024-00281,PRJ-2024-00281,partner_export_corrupted.xlsx,2026-09-27T15:02:36.837173
partner,PRJ-2024-00282,PRJ-2024-00282,partner_export_corrupted.xlsx,2026-09-27T15:02:36.837173
partner,PRJ-2024-00283,PRJ-2024-00283,partner_export_corrupted.xlsx,2026-09-27T15:02:36.837173
partner,PRJ-2024-00284,PRJ-2024-00284,partner_export_corrupted.xlsx,2026-09-27T15:02:36.837173
partner,PRJ-2024-00285,PRJ-2024-00285,partner_export_corrupted.xlsx,2026-09-27T15:02:36.837173
partner,PRJ-2024-00286,PRJ-2024-00286,partner_export_corrupted.xlsx,2026-09-27T15:02:36.837173
partner,PRJ-2024-00287,PRJ-2024-00287,partner_export_corrupted.xlsx,2026-09-27T15:02:36.837173
partner,PRJ-2024-00288,PRJ-2024-00288,partner_export_corrupted.xlsx,2026-09-27T15:02:36.837173
partner,PRJ-2024-00289,PRJ-2024-00289,partner_export_corrupted.xlsx,2026-09-27T15:02:36.837173
partner,PRJ-2024-00290,PRJ-2024-00290,partner_export_corrupted.xlsx,2026-09-27T15:02:36.837173
partner,PRJ-2024-00291,PRJ-2024-00291,partner_export_corrupted.xlsx,2026-09-27T15:02:36.837173
partner,PRJ-2024-00292,PRJ-2024-00292,partner_export_corrupted.xlsx,2026-09-27T15:02:36.837173
partner,PRJ-2024-00293,PRJ-2024-00293,partner_export_corrupted.xlsx,2026-09-27T15:02:36.837173
partner,PRJ-2024-00294,PRJ-2024-00294,partner_export_corrupted.xlsx,2026-09-27T15:02:36.837173
partner,PRJ-2024-00295,PRJ-2024-00295,partner_export_corrupted.xlsx,2026-09-27T15:02:36.837173
partner,PRJ-2024-00296,PRJ-2024-00296,partner_export_corrupted.xlsx,2026-09-27T15:02:36.837173
partner,PRJ-2024-00297,PRJ-2024-00297,partner_export_corrupted.xlsx,2026-09-27T15:02:36.837173
partner,PRJ-2024-00298,PRJ-2024-00298,partner_export_corrupted.xlsx,2026-09-27T15:02:36.837173
partner,PRJ-2024-00299,PRJ-2024-00299,partner_export_corrupted.xlsx,2026-09-27T15:02:36.837173
partner,PRJ-2024-00300,PRJ-2024-00300,partner_export_corrupted.xlsx,2026-09-27T15:02:36.837173
partner,PRJ-2024-00301,PRJ-2024-00301,partner_export_corrupted.xlsx,2026-09-27T15:02:36.837173
partner,PRJ-2024-00302,PRJ-2024-00302,partner_export_corrupted.xlsx,2026-09-27T15:02:36.837173
partner,PRJ-2024-00303,PRJ-2024-00303,partner_export_corrupted.xlsx,2026-09-27T15:02:36.837173
partner,PRJ-2024-00304,PRJ-2024-00304,partner_export_corrupted.xlsx,2026-09-27T15:02:36.837173
partner,PRJ-2024-00305,PRJ-2024-00305,partner_export_corrupted.xlsx,2026-09-27T15:02:36.837173
partner,PRJ-2024-00306,PRJ-2024-00306,partner_export_corrupted.xlsx,2026-09-27T15:02:36.837173
partner,PRJ-2024-00307,PRJ-2024-00307,partner_export_corrupted.xlsx,2026-09-27T15:02:36.837173
partner,PRJ-2024-00308,PRJ-2024-00308,partner_export_corrupted.xlsx,2026-09-27T15:02:36.837173
partner,PRJ-2024-00309,PRJ-2024-00309,partner_export_corrupted.xlsx,2026-09-27T15:02:36.837173
partner,PRJ-2024-00310,PRJ-2024-00310,partner_export_corrupted.xlsx,2026-09-27T15:02:36.837173
partner,PRJ-2024-00311,PRJ-2024-00311,partner_export_corrupted.xlsx,2026-09-27T15:02:36.837173
partner,PRJ-2024-00312,PRJ-2024-00312,partner_export_corrupted.xlsx,2026-09-27T15:02:36.837173
partner,PRJ-2024-00313,PRJ-2024-00313,partner_export_corrupted.xlsx,2026-09-27T15:02:36.837173
partner,PRJ-2024-00314,PRJ-2024-00314,partner_export_corrupted.xlsx,2026-09-27T15:02:36.837173
partner,PRJ-2024-00315,PRJ-2024-00315,partner_export_corrupted.xlsx,2026-09-27T15:02:36.837173
partner,PRJ-2024-00316,PRJ-2024-00316,partner_export_corrupted.xlsx,2026-09-27T15:02:36.837173
partner,PRJ-2024-00317,PRJ-2024-00317,partner_export_corrupted.xlsx,2026-09-27T15:02:36.837173
partner,PRJ-2024-00318,PRJ-2024-00318,partner_export_corrupted.xlsx,2026-09-27T15:02:36.837173
partner,PRJ-2024-00319,PRJ-2024-00319,partner_export_corrupted.xlsx,2026-09-27T15:02:36.837173
partner,PRJ-2024-00320,PRJ-2024-00320,partner_export_corrupted.xlsx,2026-09-27T15:02:36.837173
partner,PRJ-2024-00321,PRJ-2024-00321,partner_export_corrupted.xlsx,2026-09-27T15:02:36.837173
partner,PRJ-2024-00322,PRJ-2024-00322,partner_export_corrupted.xlsx,2026-09-27T15:02:36.837173
partner,PRJ-2024-00323,PRJ-2024-00323,partner_export_corrupted.xlsx,2026-09-27T15:02:36.837173
partner,PRJ-2024-00324,PRJ-2024-00324,partner_export_corrupted.xlsx,2026-09-27T15:02:36.837173
partner,PRJ-2024-00325,PRJ-2024-00325,partner_export_corrupted.xlsx,2026-09-27T15:02:36.837173
partner,PRJ-2024-00326,PRJ-2024-00326,partner_export_corrupted.xlsx,2026-09-27T15:02:36.837173
partner,PRJ-2024-00327,PRJ-2024-00327,partner_export_corrupted.xlsx,2026-09-27T15:02:36.837173
partner,PRJ-2024-00328,PRJ-2024-00328,partner_export_corrupted.xlsx,2026-09-27T15:02:36.837173
partner,PRJ-2024-00329,PRJ-2024-00329,partner_export_corrupted.xlsx,2026-09-27T15:02:36.837173
partner,PRJ-2024-00330,PRJ-2024-00330,partner_export_corrupted.xlsx,2026-09-27T15:02:36.837173
partner,PRJ-2024-00331,PRJ-2024-00331,partner_export_corrupted.xlsx,2026-09-27T15:02:36.837173
partner,PRJ-2024-00332,PRJ-2024-00332,partner_export_corrupted.xlsx,2026-09-27T15:02:36.837173
partner,PRJ-2024-00333,PRJ-2024-00333,partner_export_corrupted.xlsx,2026-09-27T15:02:36.837173
partner,PRJ-2024-00334,PRJ-2024-00334,partner_export_corrupted.xlsx,2026-09-27T15:02:36.837173
partner,PRJ-2024-00335,PRJ-2024-00335,partner_export_corrupted.xlsx,2026-09-27T15:02:36.837173
partner,PRJ-2024-00336,PRJ-2024-00336,partner_export_corrupted.xlsx,2026-09-27T15:02:36.837173
partner,PRJ-2024-00337,PRJ-2024-00337,partner_export_corrupted.xlsx,2026-09-27T15:02:36.837173
partner,PRJ-2024-00338,PRJ-2024-00338,partner_export_corrupted.xlsx,2026-09-27T15:02:36.837173
partner,PRJ-2024-00339,PRJ-2024-00339,partner_export_corrupted.xlsx,2026-09-27T15:02:36.837173
partner,PRJ-2024-00340,PRJ-2024-00340,partner_export_corrupted.xlsx,2026-09-27T15:02:36.837173
partner,PRJ-2024-00341,PRJ-2024-00341,partner_export_corrupted.xlsx,2026-09-27T15:02:36.837173
partner,PRJ-2024-00342,PRJ-2024-00342,partner_export_corrupted.xlsx,2026-09-27T15:02:36.837173
partner,PRJ-2024-00343,PRJ-2024-00343,partner_export_corrupted.xlsx,2026-09-27T15:02:36.837173
partner,PRJ-2024-00344,PRJ-2024-00344,partner_export_corrupted.xlsx,2026-09-27T15:02:36.837173
partner,PRJ-2024-00345,PRJ-2024-00345,partner_export_corrupted.xlsx,2026-09-27T15:02:36.837173
partner,PRJ-2024-00346,PRJ-2024-00346,partner_export_corrupted.xlsx,2026-09-27T15:02:36.837173
partner,PRJ-2024-00347,PRJ-2024-00347,partner_export_corrupted.xlsx,2026-09-27T15:02:36.837173
partner,PRJ-2024-00348,PRJ-2024-00348,partner_export_corrupted.xlsx,2026-09-27T15:02:36.837173
partner,PRJ-2024-00349,PRJ-2024-00349,partner_export_corrupted.xlsx,2026-09-27T15:02:36.837173
partner,PRJ-2024-00350,PRJ-2024-00350,partner_export_corrupted.xlsx,2026-09-27T15:02:36.837173
partner,PRJ-2024-00351,PRJ-2024-00351,partner_export_corrupted.xlsx,2026-09-27T15:02:36.837173
partner,PRJ-2024-00352,PRJ-2024-00352,partner_export_corrupted.xlsx,2026-09-27T15:02:36.837173
partner,PRJ-2024-00353,PRJ-2024-00353,partner_export_corrupted.xlsx,2026-09-27T15:02:36.837173
partner,PRJ-2024-00354,PRJ-2024-00354,partner_export_corrupted.xlsx,2026-09-27T15:02:36.837173
partner,PRJ-2024-00355,PRJ-2024-00355,partner_export_corrupted.xlsx,2026-09-27T15:02:36.837173
partner,PRJ-2024-00356,PRJ-2024-00356,partner_export_corrupted.xlsx,2026-09-27T15:02:36.837173
partner,PRJ-2024-00357,PRJ-2024-00357,partner_export_corrupted.xlsx,2026-09-27T15:02:36.837173
partner,PRJ-2024-00358,PRJ-2024-00358,partner_export_corrupted.xlsx,2026-09-27T15:02:36.837173
partner,PRJ-2024-00359,PRJ-2024-00359,partner_export_corrupted.xlsx,2026-09-27T15:02:36.837173
partner,PRJ-2024-00360,PRJ-2024-00360,partner_export_corrupted.xlsx,2026-09-27T15:02:36.837173
partner,PRJ-2024-00361,PRJ-2024-00361,partner_export_corrupted.xlsx,2026-09-27T15:02:36.837173
partner,PRJ-2024-00362,PRJ-2024-00362,partner_export_corrupted.xlsx,2026-09-27T15:02:36.837173
partner,PRJ-2024-00363,PRJ-2024-00363,partner_export_corrupted.xlsx,2026-09-27T15:02:36.837173
partner,PRJ-2024-00364,PRJ-2024-00364,partner_export_corrupted.xlsx,2026-09-27T15:02:36.837173
partner,PRJ-2024-00365,PRJ-2024-00365,partner_export_corrupted.xlsx,2026-09-27T15:02:36.837173
partner,PRJ-2024-00366,PRJ-2024-00366,partner_export_corrupted.xlsx,2026-09-27T15:02:36.837173
partner,PRJ-2024-00367,PRJ-2024-00367,partner_export_corrupted.xlsx,2026-09-27T15:02:36.837173
partner,PRJ-2024-00368,PRJ-2024-00368,partner_export_corrupted.xlsx,2026-09-27T15:02:36.837173
partner,PRJ-2024-00369,PRJ-2024-00369,partner_export_corrupted.xlsx,2026-09-27T15:02:36.837173
partner,PRJ-2024-00370,PRJ-2024-00370,partner_export_corrupted.xlsx,2026-09-27T15:02:36.837173
partner,PRJ-2024-00371,PRJ-2024-00371,partner_export_corrupted.xlsx,2026-09-27T15:02:36.837173
partner,PRJ-2024-00372,PRJ-2024-00372,partner_export_corrupted.xlsx,2026-09-27T15:02:36.837173
partner,PRJ-2024-00373,PRJ-2024-00373,partner_export_corrupted.xlsx,2026-09-27T15:02:36.837173
partner,PRJ-2024-00374,PRJ-2024-00374,partner_export_corrupted.xlsx,2026-09-27T15:02:36.837173
partner,PRJ-2024-00375,PRJ-2024-00375,partner_export_corrupted.xlsx,2026-09-27T15:02:36.837173
partner,PRJ-2024-00376,PRJ-2024-00376,partner_export_corrupted.xlsx,2026-09-27T15:02:36.837173
partner,PRJ-2024-00377,PRJ-2024-00377,partner_export_corrupted.xlsx,2026-09-27T15:02:36.837173
partner,PRJ-2024-00378,PRJ-2024-00378,partner_export_corrupted.xlsx,2026-09-27T15:02:36.837173
partner,PRJ-2024-00379,PRJ-2024-00379,partner_export_corrupted.xlsx,2026-09-27T15:02:36.837173
partner,PRJ-2024-00380,PRJ-2024-00380,partner_export_corrupted.xlsx,2026-09-27T15:02:36.837173
partner,PRJ-2024-00381,PRJ-2024-00381,partner_export_corrupted.xlsx,2026-09-27T15:02:36.837173
partner,PRJ-2024-00382,PRJ-2024-00382,partner_export_corrupted.xlsx,2026-09-27T15:02:36.837173
partner,PRJ-2024-00383,PRJ-2024-00383,partner_export_corrupted.xlsx,2026-09-27T15:02:36.837173
partner,PRJ-2024-00384,PRJ-2024-00384,partner_export_corrupted.xlsx,2026-09-27T15:02:36.837173
partner,PRJ-2024-00385,PRJ-2024-00385,partner_export_corrupted.xlsx,2026-09-27T15:02:36.837173
partner,PRJ-2024-00386,PRJ-2024-00386,partner_export_corrupted.xlsx,2026-09-27T15:02:36.837173
partner,PRJ-2024-00387,PRJ-2024-00387,partner_export_corrupted.xlsx,2026-09-27T15:02:36.837173
partner,PRJ-2024-00388,PRJ-2024-00388,partner_export_corrupted.xlsx,2026-09-27T15:02:36.837173
partner,PRJ-2024-00389,PRJ-2024-00389,partner_export_corrupted.xlsx,2026-09-27T15:02:36.837173
partner,PRJ-2024-00390,PRJ-2024-00390,partner_export_corrupted.xlsx,2026-09-27T15:02:36.837173
partner,PRJ-2024-00391,PRJ-2024-00391,partner_export_corrupted.xlsx,2026-09-27T15:02:36.837173
partner,PRJ-2024-00392,PRJ-2024-00392,partner_export_corrupted.xlsx,2026-09-27T15:02:36.837173
partner,PRJ-2024-00393,PRJ-2024-00393,partner_export_corrupted.xlsx,2026-09-27T15:02:36.837173
partner,PRJ-2024-00394,PRJ-2024-00394,partner_export_corrupted.xlsx,2026-09-27T15:02:36.837173
partner,PRJ-2024-00395,PRJ-2024-00395,partner_export_corrupted.xlsx,2026-09-27T15:02:36.837173
partner,PRJ-2024-00396,PRJ-2024-00396,partner_export_corrupted.xlsx,2026-09-27T15:02:36.837173
partner,PRJ-2024-00397,PRJ-2024-00397,partner_export_corrupted.xlsx,2026-09-27T15:02:36.837173
partner,PRJ-2024-00398,PRJ-2024-00398,partner_export_corrupted.xlsx,2026-09-27T15:02:36.837173
partner,PRJ-2024-00399,PRJ-2024-00399,partner_export_corrupted.xlsx,2026-09-27T15:02:36.837173
partner,PRJ-2024-00400,PRJ-2024-00400,partner_export_corrupted.xlsx,2026-09-27T15:02:36.837173
partner,PRJ-2024-00401,PRJ-2024-00401,partner_export_corrupted.xlsx,2026-09-27T15:02:36.837173
partner,PRJ-2024-00402,PRJ-2024-00402,partner_export_corrupted.xlsx,2026-09-27T15:02:36.837173
partner,PRJ-2024-00403,PRJ-2024-00403,partner_export_corrupted.xlsx,2026-09-27T15:02:36.837173
partner,PRJ-2024-00404,PRJ-2024-00404,partner_export_corrupted.xlsx,2026-09-27T15:02:36.837173
partner,PRJ-2024-00405,PRJ-2024-00405,partner_export_corrupted.xlsx,2026-09-27T15:02:36.837173
partner,PRJ-2024-00406,PRJ-2024-00406,partner_export_corrupted.xlsx,2026-09-27T15:02:36.837173
partner,PRJ-2024-00407,PRJ-2024-00407,partner_export_corrupted.xlsx,2026-09-27T15:02:36.837173
partner,PRJ-2024-00408,PRJ-2024-00408,partner_export_corrupted.xlsx,2026-09-27T15:02:36.837173
partner,PRJ-2024-00409,PRJ-2024-00409,partner_export_corrupted.xlsx,2026-09-27T15:02:36.837173
partner,PRJ-2024-00410,PRJ-2024-00410,partner_export_corrupted.xlsx,2026-09-27T15:02:36.837173
partner,PRJ-2024-00411,PRJ-2024-00411,partner_export_corrupted.xlsx,2026-09-27T15:02:36.837173
partner,PRJ-2024-00412,PRJ-2024-00412,partner_export_corrupted.xlsx,2026-09-27T15:02:36.837173
partner,PRJ-2024-00413,PRJ-2024-00413,partner_export_corrupted.xlsx,2026-09-27T15:02:36.837173
partner,PRJ-2024-00414,PRJ-2024-00414,partner_export_corrupted.xlsx,2026-09-27T15:02:36.837173
partner,PRJ-2024-00415,PRJ-2024-00415,partner_export_corrupted.xlsx,2026-09-27T15:02:36.837173
partner,PRJ-2024-00416,PRJ-2024-00416,partner_export_corrupted.xlsx,2026-09-27T15:02:36.837173
partner,PRJ-2024-00417,PRJ-2024-00417,partner_export_corrupted.xlsx,2026-09-27T15:02:36.837173
partner,PRJ-2024-00418,PRJ-2024-00418,partner_export_corrupted.xlsx,2026-09-27T15:02:36.837173
partner,PRJ-2024-00419,PRJ-2024-00419,partner_export_corrupted.xlsx,2026-09-27T15:02:36.837173
partner,PRJ-2024-00420,PRJ-2024-00420,partner_export_corrupted.xlsx,2026-09-27T15:02:36.837173
partner,PRJ-2024-00421,PRJ-2024-00421,partner_export_corrupted.xlsx,2026-09-27T15:02:36.837173
partner,PRJ-2024-00422,PRJ-2024-00422,partner_export_corrupted.xlsx,2026-09-27T15:02:36.837173
partner,PRJ-2024-00423,PRJ-2024-00423,partner_export_corrupted.xlsx,2026-09-27T15:02:36.837173
partner,PRJ-2024-00424,PRJ-2024-00424,partner_export_corrupted.xlsx,2026-09-27T15:02:36.837173
partner,PRJ-2024-00425,PRJ-2024-00425,partner_export_corrupted.xlsx,2026-09-27T15:02:36.837173
partner,PRJ-2024-00426,PRJ-2024-00426,partner_export_corrupted.xlsx,2026-09-27T15:02:36.837173
partner,PRJ-2024-00427,PRJ-2024-00427,partner_export_corrupted.xlsx,2026-09-27T15:02:36.837173
partner,PRJ-2024-00428,PRJ-2024-00428,partner_export_corrupted.xlsx,2026-09-27T15:02:36.837173
partner,PRJ-2024-00429,PRJ-2024-00429,partner_export_corrupted.xlsx,2026-09-27T15:02:36.837173
partner,PRJ-2024-00430,PRJ-2024-00430,partner_export_corrupted.xlsx,2026-09-27T15:02:36.837173
partner,PRJ-2024-00431,PRJ-2024-00431,partner_export_corrupted.xlsx,2026-09-27T15:02:36.837173
partner,PRJ-2024-00432,PRJ-2024-00432,partner_export_corrupted.xlsx,2026-09-27T15:02:36.837173
partner,PRJ-2024-00433,PRJ-2024-00433,partner_export_corrupted.xlsx,2026-09-27T15:02:36.837173
partner,PRJ-2024-00434,PRJ-2024-00434,partner_export_corrupted.xlsx,2026-09-27T15:02:36.837173
partner,PRJ-2024-00435,PRJ-2024-00435,partner_export_corrupted.xlsx,2026-09-27T15:02:36.837173
partner,PRJ-2024-00436,PRJ-2024-00436,partner_export_corrupted.xlsx,2026-09-27T15:02:36.837173
partner,PRJ-2024-00437,PRJ-2024-00437,partner_export_corrupted.xlsx,2026-09-27T15:02:36.837173
partner,PRJ-2024-00438,PRJ-2024-00438,partner_export_corrupted.xlsx,2026-09-27T15:02:36.837173
partner,PRJ-2024-00439,PRJ-2024-00439,partner_export_corrupted.xlsx,2026-09-27T15:02:36.837173
partner,PRJ-2024-00440,PRJ-2024-00440,partner_export_corrupted.xlsx,2026-09-27T15:02:36.837173
partner,PRJ-2024-00441,PRJ-2024-00441,partner_export_corrupted.xlsx,2026-09-27T15:02:36.837173
partner,PRJ-2024-00442,PRJ-2024-00442,partner_export_corrupted.xlsx,2026-09-27T15:02:36.837173
partner,PRJ-2024-00443,PRJ-2024-00443,partner_export_corrupted.xlsx,2026-09-27T15:02:36.837173
partner,PRJ-2024-00444,PRJ-2024-00444,partner_export_corrupted.xlsx,2026-09-27T15:02:36.837173
partner,PRJ-2024-00445,PRJ-2024-00445,partner_export_corrupted.xlsx,2026-09-27T15:02:36.837173
partner,PRJ-2024-00446,PRJ-2024-00446,partner_export_corrupted.xlsx,2026-09-27T15:02:36.837173
partner,PRJ-2024-00447,PRJ-2024-00447,partner_export_corrupted.xlsx,2026-09-27T15:02:36.837173
partner,PRJ-2024-00448,PRJ-2024-00448,partner_export_corrupted.xlsx,2026-09-27T15:02:36.837173
partner,PRJ-2024-00449,PRJ-2024-00449,partner_export_corrupted.xlsx,2026-09-27T15:02:36.837173
partner,PRJ-2024-00450,PRJ-2024-00450,partner_export_corrupted.xlsx,2026-09-27T15:02:36.837173
partner,PRJ-2024-00451,PRJ-2024-00451,partner_export_corrupted.xlsx,2026-09-27T15:02:36.837173
partner,PRJ-2024-00452,PRJ-2024-00452,partner_export_corrupted.xlsx,2026-09-27T15:02:36.837173
partner,PRJ-2024-00453,PRJ-2024-00453,partner_export_corrupted.xlsx,2026-09-27T15:02:36.837173
partner,PRJ-2024-00454,PRJ-2024-00454,partner_export_corrupted.xlsx,2026-09-27T15:02:36.837173
partner,PRJ-2024-00455,PRJ-2024-00455,partner_export_corrupted.xlsx,2026-09-27T15:02:36.837173
partner,PRJ-2024-00456,PRJ-2024-00456,partner_export_corrupted.xlsx,2026-09-27T15:02:36.837173
partner,PRJ-2024-00457,PRJ-2024-00457,partner_export_corrupted.xlsx,2026-09-27T15:02:36.837173
partner,PRJ-2024-00458,PRJ-2024-00458,partner_export_corrupted.xlsx,2026-09-27T15:02:36.837173
partner,PRJ-2024-00459,PRJ-2024-00459,partner_export_corrupted.xlsx,2026-09-27T15:02:36.837173
partner,PRJ-2024-00460,PRJ-2024-00460,partner_export_corrupted.xlsx,2026-09-27T15:02:36.837173
partner,PRJ-2024-00461,PRJ-2024-00461,partner_export_corrupted.xlsx,2026-09-27T15:02:36.837173
partner,PRJ-2024-00462,PRJ-2024-00462,partner_export_corrupted.xlsx,2026-09-27T15:02:36.837173
partner,PRJ-2024-00463,PRJ-2024-00463,partner_export_corrupted.xlsx,2026-09-27T15:02:36.837173
partner,PRJ-2024-00464,PRJ-2024-00464,partner_export_corrupted.xlsx,2026-09-27T15:02:36.837173
partner,PRJ-2024-00465,PRJ-2024-00465,partner_export_corrupted.xlsx,2026-09-27T15:02:36.837173
partner,PRJ-2024-00466,PRJ-2024-00466,partner_export_corrupted.xlsx,2026-09-27T15:02:36.837173
partner,PRJ-2024-00467,PRJ-2024-00467,partner_export_corrupted.xlsx,2026-09-27T15:02:36.837173
partner,PRJ-2024-00468,PRJ-2024-00468,partner_export_corrupted.xlsx,2026-09-27T15:02:36.837173
partner,PRJ-2024-00469,PRJ-2024-00469,partner_export_corrupted.xlsx,2026-09-27T15:02:36.837173
partner,PRJ-2024-00470,PRJ-2024-00470,partner_export_corrupted.xlsx,2026-09-27T15:02:36.837173
partner,PRJ-2024-00471,PRJ-2024-00471,partner_export_corrupted.xlsx,2026-09-27T15:02:36.837173
partner,PRJ-2024-00472,PRJ-2024-00472,partner_export_corrupted.xlsx,2026-09-27T15:02:36.837173
partner,PRJ-2024-00473,PRJ-2024-00473,partner_export_corrupted.xlsx,2026-09-27T15:02:36.837173
partner,PRJ-2024-00474,PRJ-2024-00474,partner_export_corrupted.xlsx,2026-09-27T15:02:36.837173
partner,PRJ-2024-00475,PRJ-2024-00475,partner_export_corrupted.xlsx,2026-09-27T15:02:36.837173
partner,PRJ-2024-00476,PRJ-2024-00476,partner_export_corrupted.xlsx,2026-09-27T15:02:36.837173
partner,PRJ-2024-00477,PRJ-2024-00477,partner_export_corrupted.xlsx,2026-09-27T15:02:36.837173
partner,PRJ-2024-00478,PRJ-2024-00478,partner_export_corrupted.xlsx,2026-09-27T15:02:36.837173
partner,PRJ-2024-00479,PRJ-2024-00479,partner_export_corrupted.xlsx,2026-09-27T15:02:36.837173
partner,PRJ-2024-00480,PRJ-2024-00480,partner_export_corrupted.xlsx,2026-09-27T15:02:36.837173
partner,PRJ-2024-00481,PRJ-2024-00481,partner_export_corrupted.xlsx,2026-09-27T15:02:36.837173
partner,PRJ-2024-00482,PRJ-2024-00482,partner_export_corrupted.xlsx,2026-09-27T15:02:36.837173
partner,PRJ-2024-00483,PRJ-2024-00483,partner_export_corrupted.xlsx,2026-09-27T15:02:36.837173
partner,PRJ-2024-00484,PRJ-2024-00484,partner_export_corrupted.xlsx,2026-09-27T15:02:36.837173
partner,PRJ-2024-00485,PRJ-2024-00485,partner_export_corrupted.xlsx,2026-09-27T15:02:36.837173
partner,PRJ-2024-00486,PRJ-2024-00486,partner_export_corrupted.xlsx,2026-09-27T15:02:36.837173
partner,PRJ-2024-00487,PRJ-2024-00487,partner_export_corrupted.xlsx,2026-09-27T15:02:36.837173
partner,PRJ-2024-00488,PRJ-2024-00488,partner_export_corrupted.xlsx,2026-09-27T15:02:36.837173
partner,PRJ-2024-00489,PRJ-2024-00489,partner_export_corrupted.xlsx,2026-09-27T15:02:36.837173
partner,PRJ-2024-00490,PRJ-2024-00490,partner_export_corrupted.xlsx,2026-09-27T15:02:36.837173
partner,PRJ-2024-00491,PRJ-2024-00491,partner_export_corrupted.xlsx,2026-09-27T15:02:36.837173
partner,PRJ-2024-00492,PRJ-2024-00492,partner_export_corrupted.xlsx,2026-09-27T15:02:36.837173
partner,PRJ-2024-00493,PRJ-2024-00493,partner_export_corrupted.xlsx,2026-09-27T15:02:36.837173
partner,PRJ-2024-00494,PRJ-2024-00494,partner_export_corrupted.xlsx,2026-09-27T15:02:36.837173
partner,PRJ-2024-00495,PRJ-2024-00495,partner_export_corrupted.xlsx,2026-09-27T15:02:36.837173
partner,PRJ-2024-00496,PRJ-2024-00496,partner_export_corrupted.xlsx,2026-09-27T15:02:36.837173
partner,PRJ-2024-00497,PRJ-2024-00497,partner_export_corrupted.xlsx,2026-09-27T15:02:36.837173
partner,PRJ-2024-00498,PRJ-2024-00498,partner_export_corrupted.xlsx,2026-09-27T15:02:36.837173
partner,PRJ-2024-00499,PRJ-2024-00499,partner_export_corrupted.xlsx,2026-09-27T15:02:36.837173
partner,PRJ-2024-00500,PRJ-2024-00500,partner_export_corrupted.xlsx,2026-09-27T15:02:36.837173
document,PRJ-2024-00001,PRJ-2024-00001,document_metadata_corrupted.csv,2026-09-27T15:02:36.843188
document,PRJ-2024-00002,PRJ-2024-00002,document_metadata_corrupted.csv,2026-09-27T15:02:36.843188
document,PRJ-2024-00003,PRJ-2024-00003,document_metadata_corrupted.csv,2026-09-27T15:02:36.843188
document,PRJ-2024-00004,PRJ-2024-00004,document_metadata_corrupted.csv,2026-09-27T15:02:36.843188
document,PRJ-2024-00005,PRJ-2024-00005,document_metadata_corrupted.csv,2026-09-27T15:02:36.843188
document,PRJ-2024-00006,PRJ-2024-00006,document_metadata_corrupted.csv,2026-09-27T15:02:36.843188
document,PRJ-2024-00007,PRJ-2024-00007,document_metadata_corrupted.csv,2026-09-27T15:02:36.843188
document,PRJ-2024-00008,PRJ-2024-00008,document_metadata_corrupted.csv,2026-09-27T15:02:36.843188
document,PRJ-2024-00009,PRJ-2024-00009,document_metadata_corrupted.csv,2026-09-27T15:02:36.843188
document,PRJ-2024-00010,PRJ-2024-00010,document_metadata_corrupted.csv,2026-09-27T15:02:36.843188
document,PRJ-2024-00011,PRJ-2024-00011,document_metadata_corrupted.csv,2026-09-27T15:02:36.843188
document,PRJ-2024-00012,PRJ-2024-00012,document_metadata_corrupted.csv,2026-09-27T15:02:36.843188
document,PRJ-2024-00013,PRJ-2024-00013,document_metadata_corrupted.csv,2026-09-27T15:02:36.843188
document,PRJ-2024-00014,PRJ-2024-00014,document_metadata_corrupted.csv,2026-09-27T15:02:36.843188
document,PRJ-2024-00015,PRJ-2024-00015,document_metadata_corrupted.csv,2026-09-27T15:02:36.843188
document,PRJ-2024-00016,PRJ-2024-00016,document_metadata_corrupted.csv,2026-09-27T15:02:36.843188
document,PRJ-2024-00017,PRJ-2024-00017,document_metadata_corrupted.csv,2026-09-27T15:02:36.843188
document,PRJ-2024-00018,PRJ-2024-00018,document_metadata_corrupted.csv,2026-09-27T15:02:36.843188
document,PRJ-2024-00019,PRJ-2024-00019,document_metadata_corrupted.csv,2026-09-27T15:02:36.843188
document,PRJ-2024-00020,PRJ-2024-00020,document_metadata_corrupted.csv,2026-09-27T15:02:36.843188
document,PRJ-2024-00021,PRJ-2024-00021,document_metadata_corrupted.csv,2026-09-27T15:02:36.843188
document,PRJ-2024-00022,PRJ-2024-00022,document_metadata_corrupted.csv,2026-09-27T15:02:36.843188
document,PRJ-2024-00023,PRJ-2024-00023,document_metadata_corrupted.csv,2026-09-27T15:02:36.843188
document,PRJ-2024-00024,PRJ-2024-00024,document_metadata_corrupted.csv,2026-09-27T15:02:36.843188
document,PRJ-2024-00025,PRJ-2024-00025,document_metadata_corrupted.csv,2026-09-27T15:02:36.843188
document,PRJ-2024-00026,PRJ-2024-00026,document_metadata_corrupted.csv,2026-09-27T15:02:36.843188
document,PRJ-2024-00027,PRJ-2024-00027,document_metadata_corrupted.csv,2026-09-27T15:02:36.843188
document,PRJ-2024-00028,PRJ-2024-00028,document_metadata_corrupted.csv,2026-09-27T15:02:36.843188
document,PRJ-2024-00029,PRJ-2024-00029,document_metadata_corrupted.csv,2026-09-27T15:02:36.843188
document,PRJ-2024-00030,PRJ-2024-00030,document_metadata_corrupted.csv,2026-09-27T15:02:36.843188
document,PRJ-2024-00031,PRJ-2024-00031,document_metadata_corrupted.csv,2026-09-27T15:02:36.843188
document,PRJ-2024-00032,PRJ-2024-00032,document_metadata_corrupted.csv,2026-09-27T15:02:36.843188
document,PRJ-2024-00033,PRJ-2024-00033,document_metadata_corrupted.csv,2026-09-27T15:02:36.843188
document,PRJ-2024-00034,PRJ-2024-00034,document_metadata_corrupted.csv,2026-09-27T15:02:36.843188
document,PRJ-2024-00035,PRJ-2024-00035,document_metadata_corrupted.csv,2026-09-27T15:02:36.843188
document,PRJ-2024-00036,PRJ-2024-00036,document_metadata_corrupted.csv,2026-09-27T15:02:36.843188
document,PRJ-2024-00037,PRJ-2024-00037,document_metadata_corrupted.csv,2026-09-27T15:02:36.843188
document,PRJ-2024-00038,PRJ-2024-00038,document_metadata_corrupted.csv,2026-09-27T15:02:36.843188
document,PRJ-2024-00039,PRJ-2024-00039,document_metadata_corrupted.csv,2026-09-27T15:02:36.843188
document,PRJ-2024-00040,PRJ-2024-00040,document_metadata_corrupted.csv,2026-09-27T15:02:36.843188
document,PRJ-2024-00041,PRJ-2024-00041,document_metadata_corrupted.csv,2026-09-27T15:02:36.843188
document,prj-2024-00042,prj-2024-00042,document_metadata_corrupted.csv,2026-09-27T15:02:36.843188
document,PRJ-2024-00043,PRJ-2024-00043,document_metadata_corrupted.csv,2026-09-27T15:02:36.843188
document,PRJ-2024-00044,PRJ-2024-00044,document_metadata_corrupted.csv,2026-09-27T15:02:36.843188
document,PRJ-2024-00045,PRJ-2024-00045,document_metadata_corrupted.csv,2026-09-27T15:02:36.843188
document,PRJ-2024-00046,PRJ-2024-00046,document_metadata_corrupted.csv,2026-09-27T15:02:36.843188
document,PRJ-2024-00047,PRJ-2024-00047,document_metadata_corrupted.csv,2026-09-27T15:02:36.843188
document,PRJ-2024-00048,PRJ-2024-00048,document_metadata_corrupted.csv,2026-09-27T15:02:36.843188
document,PRJ-2024-00049,PRJ-2024-00049,document_metadata_corrupted.csv,2026-09-27T15:02:36.843188
document,PRJ-2024-00050,PRJ-2024-00050,document_metadata_corrupted.csv,2026-09-27T15:02:36.843188
document,PRJ-2024-00051,PRJ-2024-00051,document_metadata_corrupted.csv,2026-09-27T15:02:36.843188
document,PRJ-2024-00052,PRJ-2024-00052,document_metadata_corrupted.csv,2026-09-27T15:02:36.843188
document,PRJ-2024-00053,PRJ-2024-00053,document_metadata_corrupted.csv,2026-09-27T15:02:36.843188
document,PRJ-2024-00054,PRJ-2024-00054,document_metadata_corrupted.csv,2026-09-27T15:02:36.843188
document,PRJ-2024-00055,PRJ-2024-00055,document_metadata_corrupted.csv,2026-09-27T15:02:36.843188
document,PRJ-2024-00056,PRJ-2024-00056,document_metadata_corrupted.csv,2026-09-27T15:02:36.843188
document,PRJ-2024-00057,PRJ-2024-00057,document_metadata_corrupted.csv,2026-09-27T15:02:36.843188
document,PRJ-2024-00058,PRJ-2024-00058,document_metadata_corrupted.csv,2026-09-27T15:02:36.843188
document,PRJ-2024-00059,PRJ-2024-00059,document_metadata_corrupted.csv,2026-09-27T15:02:36.843188
document,PRJ-2024-00060,PRJ-2024-00060,document_metadata_corrupted.csv,2026-09-27T15:02:36.843188
document,PRJ-2024-00061,PRJ-2024-00061,document_metadata_corrupted.csv,2026-09-27T15:02:36.843188
document,PRJ-2024-00062,PRJ-2024-00062,document_metadata_corrupted.csv,2026-09-27T15:02:36.843188
document,PRJ-2024-00063,PRJ-2024-00063,document_metadata_corrupted.csv,2026-09-27T15:02:36.843188
document,PRJ-2024-00064,PRJ-2024-00064,document_metadata_corrupted.csv,2026-09-27T15:02:36.843188
document,PRJ-2024-00065,PRJ-2024-00065,document_metadata_corrupted.csv,2026-09-27T15:02:36.843188
document,PRJ-2024-00066,PRJ-2024-00066,document_metadata_corrupted.csv,2026-09-27T15:02:36.843188
document,PRJ-2024-00067,PRJ-2024-00067,document_metadata_corrupted.csv,2026-09-27T15:02:36.843188
document,PRJ-2024-00068,PRJ-2024-00068,document_metadata_corrupted.csv,2026-09-27T15:02:36.843188
document,PRJ-2024-00069,PRJ-2024-00069,document_metadata_corrupted.csv,2026-09-27T15:02:36.843188
document,PRJ-2024-00070,PRJ-2024-00070,document_metadata_corrupted.csv,2026-09-27T15:02:36.843188
document,PRJ-2024-00071,PRJ-2024-00071,document_metadata_corrupted.csv,2026-09-27T15:02:36.843188
document,PRJ-2024-00072,PRJ-2024-00072,document_metadata_corrupted.csv,2026-09-27T15:02:36.843188
document,PRJ-2024-00073,PRJ-2024-00073,document_metadata_corrupted.csv,2026-09-27T15:02:36.843188
document,PRJ-2024-00074,PRJ-2024-00074,document_metadata_corrupted.csv,2026-09-27T15:02:36.843188
document,PRJ-2024-00075,PRJ-2024-00075,document_metadata_corrupted.csv,2026-09-27T15:02:36.843188
document,PRJ-2024-00076,PRJ-2024-00076,document_metadata_corrupted.csv,2026-09-27T15:02:36.843188
document,PRJ-2024-00077,PRJ-2024-00077,document_metadata_corrupted.csv,2026-09-27T15:02:36.843188
document,PRJ-2024-00078,PRJ-2024-00078,document_metadata_corrupted.csv,2026-09-27T15:02:36.843188
document,PRJ-2024-00079,PRJ-2024-00079,document_metadata_corrupted.csv,2026-09-27T15:02:36.843188
document,PRJ-2024-00080,PRJ-2024-00080,document_metadata_corrupted.csv,2026-09-27T15:02:36.843188
document,PRJ-2024-00081,PRJ-2024-00081,document_metadata_corrupted.csv,2026-09-27T15:02:36.843188
document,PRJ-2024-00082,PRJ-2024-00082,document_metadata_corrupted.csv,2026-09-27T15:02:36.843188
document,PRJ-2024-00083,PRJ-2024-00083,document_metadata_corrupted.csv,2026-09-27T15:02:36.843188
document,PRJ-2024-00084,PRJ-2024-00084,document_metadata_corrupted.csv,2026-09-27T15:02:36.843188
document,PRJ-2024-00085,PRJ-2024-00085,document_metadata_corrupted.csv,2026-09-27T15:02:36.843188
document,PRJ-2024-00086,PRJ-2024-00086,document_metadata_corrupted.csv,2026-09-27T15:02:36.843188
document,PRJ-2024-00087,PRJ-2024-00087,document_metadata_corrupted.csv,2026-09-27T15:02:36.843188
document,PRJ-2024-00088,PRJ-2024-00088,document_metadata_corrupted.csv,2026-09-27T15:02:36.843188
document,PRJ-2024-00089,PRJ-2024-00089,document_metadata_corrupted.csv,2026-09-27T15:02:36.843188
document,PRJ-2024-00090,PRJ-2024-00090,document_metadata_corrupted.csv,2026-09-27T15:02:36.843188
document,PRJ-2024-00091,PRJ-2024-00091,document_metadata_corrupted.csv,2026-09-27T15:02:36.843188
document,PRJ-2024-00092,PRJ-2024-00092,document_metadata_corrupted.csv,2026-09-27T15:02:36.843188
document,PRJ-2024-00093,PRJ-2024-00093,document_metadata_corrupted.csv,2026-09-27T15:02:36.843188
document,PRJ-2024-00094,PRJ-2024-00094,document_metadata_corrupted.csv,2026-09-27T15:02:36.843188
document,PRJ-2024-00095,PRJ-2024-00095,document_metadata_corrupted.csv,2026-09-27T15:02:36.843188
document,PRJ-2024-00096,PRJ-2024-00096,document_metadata_corrupted.csv,2026-09-27T15:02:36.843188
document,PRJ-2024-00097,PRJ-2024-00097,document_metadata_corrupted.csv,2026-09-27T15:02:36.843188
document,PRJ-2024-00098,PRJ-2024-00098,document_metadata_corrupted.csv,2026-09-27T15:02:36.843188
document,PRJ-2024-00099,PRJ-2024-00099,document_metadata_corrupted.csv,2026-09-27T15:02:36.843188
document,PRJ-2024-00100,PRJ-2024-00100,document_metadata_corrupted.csv,2026-09-27T15:02:36.843188
document,PRJ-2024-00101,PRJ-2024-00101,document_metadata_corrupted.csv,2026-09-27T15:02:36.843188
document,PRJ-2024-00102,PRJ-2024-00102,document_metadata_corrupted.csv,2026-09-27T15:02:36.843188
document,PRJ-2024-00103,PRJ-2024-00103,document_metadata_corrupted.csv,2026-09-27T15:02:36.843188
document,PRJ-2024-00104,PRJ-2024-00104,document_metadata_corrupted.csv,2026-09-27T15:02:36.843188
document,PRJ-2024-00105,PRJ-2024-00105,document_metadata_corrupted.csv,2026-09-27T15:02:36.843188
document,PRJ-2024-00106,PRJ-2024-00106,document_metadata_corrupted.csv,2026-09-27T15:02:36.843188
document,PRJ-2024-00107,PRJ-2024-00107,document_metadata_corrupted.csv,2026-09-27T15:02:36.843188
document,PRJ-2024-00108,PRJ-2024-00108,document_metadata_corrupted.csv,2026-09-27T15:02:36.843188
document,PRJ-2024-00109,PRJ-2024-00109,document_metadata_corrupted.csv,2026-09-27T15:02:36.843188
document,PRJ-2024-00110,PRJ-2024-00110,document_metadata_corrupted.csv,2026-09-27T15:02:36.843188
document,PRJ-2024-00111,PRJ-2024-00111,document_metadata_corrupted.csv,2026-09-27T15:02:36.843188
document,PRJ-2024-00112,PRJ-2024-00112,document_metadata_corrupted.csv,2026-09-27T15:02:36.843188
document,PRJ-2024-00113,PRJ-2024-00113,document_metadata_corrupted.csv,2026-09-27T15:02:36.843188
document,PRJ-2024-00114,PRJ-2024-00114,document_metadata_corrupted.csv,2026-09-27T15:02:36.843188
document,PRJ-2024-00115,PRJ-2024-00115,document_metadata_corrupted.csv,2026-09-27T15:02:36.843188
document,PRJ-2024-00116,PRJ-2024-00116,document_metadata_corrupted.csv,2026-09-27T15:02:36.843188
document,PRJ-2024-00117,PRJ-2024-00117,document_metadata_corrupted.csv,2026-09-27T15:02:36.843188
document,PRJ-2024-00118,PRJ-2024-00118,document_metadata_corrupted.csv,2026-09-27T15:02:36.843188
document,PRJ-2024-00119,PRJ-2024-00119,document_metadata_corrupted.csv,2026-09-27T15:02:36.843188
document,PRJ-2024-00120,PRJ-2024-00120,document_metadata_corrupted.csv,2026-09-27T15:02:36.843188
document,PRJ-2024-00121,PRJ-2024-00121,document_metadata_corrupted.csv,2026-09-27T15:02:36.843188
document,PRJ-2024-00122,PRJ-2024-00122,document_metadata_corrupted.csv,2026-09-27T15:02:36.843188
document,PRJ-2024-00123,PRJ-2024-00123,document_metadata_corrupted.csv,2026-09-27T15:02:36.843188
document,PRJ-2024-00124,PRJ-2024-00124,document_metadata_corrupted.csv,2026-09-27T15:02:36.843188
document,PRJ-2024-00125,PRJ-2024-00125,document_metadata_corrupted.csv,2026-09-27T15:02:36.843188
document,PRJ-2024-00126,PRJ-2024-00126,document_metadata_corrupted.csv,2026-09-27T15:02:36.843188
document,PRJ-2024-00127,PRJ-2024-00127,document_metadata_corrupted.csv,2026-09-27T15:02:36.843188
document,PRJ-2024-00128,PRJ-2024-00128,document_metadata_corrupted.csv,2026-09-27T15:02:36.843188
document,PRJ-2024-00129,PRJ-2024-00129,document_metadata_corrupted.csv,2026-09-27T15:02:36.843188
document,PRJ-2024-00130,PRJ-2024-00130,document_metadata_corrupted.csv,2026-09-27T15:02:36.843188
document,PRJ-2024-00131,PRJ-2024-00131,document_metadata_corrupted.csv,2026-09-27T15:02:36.843188
document,PRJ-2024-00132,PRJ-2024-00132,document_metadata_corrupted.csv,2026-09-27T15:02:36.843188
document,PRJ-2024-00133,PRJ-2024-00133,document_metadata_corrupted.csv,2026-09-27T15:02:36.843188
document,PRJ-2024-00134,PRJ-2024-00134,document_metadata_corrupted.csv,2026-09-27T15:02:36.843188
document,PRJ-2024-00135,PRJ-2024-00135,document_metadata_corrupted.csv,2026-09-27T15:02:36.843188
document,PRJ-2024-00136,PRJ-2024-00136,document_metadata_corrupted.csv,2026-09-27T15:02:36.843188
document,PRJ-2024-00137,PRJ-2024-00137,document_metadata_corrupted.csv,2026-09-27T15:02:36.843188
document,PRJ-2024-00138,PRJ-2024-00138,document_metadata_corrupted.csv,2026-09-27T15:02:36.843188
document,PRJ-2024-00139,PRJ-2024-00139,document_metadata_corrupted.csv,2026-09-27T15:02:36.843188
document,PRJ-2024-00140,PRJ-2024-00140,document_metadata_corrupted.csv,2026-09-27T15:02:36.843188
document,PRJ-2024-00141,PRJ-2024-00141,document_metadata_corrupted.csv,2026-09-27T15:02:36.843188
document,PRJ-2024-00142,PRJ-2024-00142,document_metadata_corrupted.csv,2026-09-27T15:02:36.843188
document,PRJ-2024-00143,PRJ-2024-00143,document_metadata_corrupted.csv,2026-09-27T15:02:36.843188
document,PRJ-2024-00144,PRJ-2024-00144,document_metadata_corrupted.csv,2026-09-27T15:02:36.843188
document,PRJ-2024-00145,PRJ-2024-00145,document_metadata_corrupted.csv,2026-09-27T15:02:36.843188
document,PRJ-2024-00146,PRJ-2024-00146,document_metadata_corrupted.csv,2026-09-27T15:02:36.843188
document,PRJ-2024-00147,PRJ-2024-00147,document_metadata_corrupted.csv,2026-09-27T15:02:36.843188
document,PRJ-2024-00148,PRJ-2024-00148,document_metadata_corrupted.csv,2026-09-27T15:02:36.843188
document,PRJ-2024-00149,PRJ-2024-00149,document_metadata_corrupted.csv,2026-09-27T15:02:36.843188
document,PRJ-2024-00150,PRJ-2024-00150,document_metadata_corrupted.csv,2026-09-27T15:02:36.843188
document,PRJ-2024-00151,PRJ-2024-00151,document_metadata_corrupted.csv,2026-09-27T15:02:36.843188
document,PRJ-2024-00152,PRJ-2024-00152,document_metadata_corrupted.csv,2026-09-27T15:02:36.843188
document,PRJ-2024-00153,PRJ-2024-00153,document_metadata_corrupted.csv,2026-09-27T15:02:36.843188
document,PRJ-2024-00154,PRJ-2024-00154,document_metadata_corrupted.csv,2026-09-27T15:02:36.843188
document,PRJ-2024-00155,PRJ-2024-00155,document_metadata_corrupted.csv,2026-09-27T15:02:36.843188
document,PRJ-2024-00156,PRJ-2024-00156,document_metadata_corrupted.csv,2026-09-27T15:02:36.843188
document,PRJ-2024-00157,PRJ-2024-00157,document_metadata_corrupted.csv,2026-09-27T15:02:36.843188
document,PRJ-2024-00158,PRJ-2024-00158,document_metadata_corrupted.csv,2026-09-27T15:02:36.843188
document,PRJ-2024-00159,PRJ-2024-00159,document_metadata_corrupted.csv,2026-09-27T15:02:36.843188
document,PRJ-2024-00160,PRJ-2024-00160,document_metadata_corrupted.csv,2026-09-27T15:02:36.843188
document,PRJ-2024-00161,PRJ-2024-00161,document_metadata_corrupted.csv,2026-09-27T15:02:36.843188
document,PRJ-2024-00162,PRJ-2024-00162,document_metadata_corrupted.csv,2026-09-27T15:02:36.843188
document,PRJ-2024-00163,PRJ-2024-00163,document_metadata_corrupted.csv,2026-09-27T15:02:36.843188
document,PRJ-2024-00164,PRJ-2024-00164,document_metadata_corrupted.csv,2026-09-27T15:02:36.843188
document,PRJ-2024-00165,PRJ-2024-00165,document_metadata_corrupted.csv,2026-09-27T15:02:36.843188
document,PRJ-2024-00166,PRJ-2024-00166,document_metadata_corrupted.csv,2026-09-27T15:02:36.843188
document,PRJ-2024-00167,PRJ-2024-00167,document_metadata_corrupted.csv,2026-09-27T15:02:36.843188
document,PRJ-2024-00168,PRJ-2024-00168,document_metadata_corrupted.csv,2026-09-27T15:02:36.843188
document,PRJ-2024-00169,PRJ-2024-00169,document_metadata_corrupted.csv,2026-09-27T15:02:36.843188
document,PRJ-2024-00170,PRJ-2024-00170,document_metadata_corrupted.csv,2026-09-27T15:02:36.843188
document,PRJ-2024-00171,PRJ-2024-00171,document_metadata_corrupted.csv,2026-09-27T15:02:36.843188
document,PRJ-2024-00172,PRJ-2024-00172,document_metadata_corrupted.csv,2026-09-27T15:02:36.843188
document,PRJ-2024-00173,PRJ-2024-00173,document_metadata_corrupted.csv,2026-09-27T15:02:36.843188
document,PRJ-2024-00174,PRJ-2024-00174,document_metadata_corrupted.csv,2026-09-27T15:02:36.843188
document,PRJ-2024-00175,PRJ-2024-00175,document_metadata_corrupted.csv,2026-09-27T15:02:36.843188
document,PRJ-2024-00176,PRJ-2024-00176,document_metadata_corrupted.csv,2026-09-27T15:02:36.843188
document,PRJ-2024-00177,PRJ-2024-00177,document_metadata_corrupted.csv,2026-09-27T15:02:36.843188
document,PRJ-2024-00178,PRJ-2024-00178,document_metadata_corrupted.csv,2026-09-27T15:02:36.843188
document,PRJ-2024-00179,PRJ-2024-00179,document_metadata_corrupted.csv,2026-09-27T15:02:36.843188
document,PRJ-2024-00180,PRJ-2024-00180,document_metadata_corrupted.csv,2026-09-27T15:02:36.843188
document,PRJ-2024-00181,PRJ-2024-00181,document_metadata_corrupted.csv,2026-09-27T15:02:36.843188
document,PRJ-2024-00182,PRJ-2024-00182,document_metadata_corrupted.csv,2026-09-27T15:02:36.843188
document,PRJ-2024-00183,PRJ-2024-00183,document_metadata_corrupted.csv,2026-09-27T15:02:36.843188
document,PRJ-2024-00184,PRJ-2024-00184,document_metadata_corrupted.csv,2026-09-27T15:02:36.843188
document,PRJ-2024-00185,PRJ-2024-00185,document_metadata_corrupted.csv,2026-09-27T15:02:36.843188
document,PRJ-2024-00186,PRJ-2024-00186,document_metadata_corrupted.csv,2026-09-27T15:02:36.843188
document,PRJ-2024-00187,PRJ-2024-00187,document_metadata_corrupted.csv,2026-09-27T15:02:36.843188
document,PRJ-2024-00188,PRJ-2024-00188,document_metadata_corrupted.csv,2026-09-27T15:02:36.843188
document,PRJ-2024-00189,PRJ-2024-00189,document_metadata_corrupted.csv,2026-09-27T15:02:36.843188
document,PRJ-2024-00190,PRJ-2024-00190,document_metadata_corrupted.csv,2026-09-27T15:02:36.843188
document,PRJ-2024-00191,PRJ-2024-00191,document_metadata_corrupted.csv,2026-09-27T15:02:36.843188
document,PRJ-2024-00192,PRJ-2024-00192,document_metadata_corrupted.csv,2026-09-27T15:02:36.843188
document,PRJ-2024-00193,PRJ-2024-00193,document_metadata_corrupted.csv,2026-09-27T15:02:36.843188
document,PRJ-2024-00194,PRJ-2024-00194,document_metadata_corrupted.csv,2026-09-27T15:02:36.843188
document,PRJ-2024-00195,PRJ-2024-00195,document_metadata_corrupted.csv,2026-09-27T15:02:36.843188
document,PRJ-2024-00196,PRJ-2024-00196,document_metadata_corrupted.csv,2026-09-27T15:02:36.843188
document,PRJ-2024-00197,PRJ-2024-00197,document_metadata_corrupted.csv,2026-09-27T15:02:36.843188
document,PRJ-2024-00198,PRJ-2024-00198,document_metadata_corrupted.csv,2026-09-27T15:02:36.843188
document,PRJ-2024-00199,PRJ-2024-00199,document_metadata_corrupted.csv,2026-09-27T15:02:36.843188
document,PRJ-2024-00200,PRJ-2024-00200,document_metadata_corrupted.csv,2026-09-27T15:02:36.843188
document,PRJ-2024-00201,PRJ-2024-00201,document_metadata_corrupted.csv,2026-09-27T15:02:36.843188
document,PRJ-2024-00202,PRJ-2024-00202,document_metadata_corrupted.csv,2026-09-27T15:02:36.843188
document,PRJ-2024-00203,PRJ-2024-00203,document_metadata_corrupted.csv,2026-09-27T15:02:36.843188
document,PRJ-2024-00204,PRJ-2024-00204,document_metadata_corrupted.csv,2026-09-27T15:02:36.843188
document,PRJ-2024-00205,PRJ-2024-00205,document_metadata_corrupted.csv,2026-09-27T15:02:36.843188
document,PRJ-2024-00206,PRJ-2024-00206,document_metadata_corrupted.csv,2026-09-27T15:02:36.843188
document,PRJ-2024-00207,PRJ-2024-00207,document_metadata_corrupted.csv,2026-09-27T15:02:36.843188
document,PRJ-2024-00208,PRJ-2024-00208,document_metadata_corrupted.csv,2026-09-27T15:02:36.843188
document,PRJ-2024-00209,PRJ-2024-00209,document_metadata_corrupted.csv,2026-09-27T15:02:36.843188
document,PRJ-2024-00210,PRJ-2024-00210,document_metadata_corrupted.csv,2026-09-27T15:02:36.843188
document,PRJ-2024-00211,PRJ-2024-00211,document_metadata_corrupted.csv,2026-09-27T15:02:36.843188
document,prj-2024-00212,prj-2024-00212,document_metadata_corrupted.csv,2026-09-27T15:02:36.843188
document,PRJ-2024-00213,PRJ-2024-00213,document_metadata_corrupted.csv,2026-09-27T15:02:36.843188
document,PRJ-2024-00214,PRJ-2024-00214,document_metadata_corrupted.csv,2026-09-27T15:02:36.843188
document,PRJ-2024-00215,PRJ-2024-00215,document_metadata_corrupted.csv,2026-09-27T15:02:36.843188
document,PRJ-2024-00216,PRJ-2024-00216,document_metadata_corrupted.csv,2026-09-27T15:02:36.843188
document,PRJ-2024-00217,PRJ-2024-00217,document_metadata_corrupted.csv,2026-09-27T15:02:36.843188
document,PRJ-2024-00218,PRJ-2024-00218,document_metadata_corrupted.csv,2026-09-27T15:02:36.843188
document,PRJ-2024-00219,PRJ-2024-00219,document_metadata_corrupted.csv,2026-09-27T15:02:36.843188
document,PRJ-2024-00220,PRJ-2024-00220,document_metadata_corrupted.csv,2026-09-27T15:02:36.843188
document,PRJ-2024-00221,PRJ-2024-00221,document_metadata_corrupted.csv,2026-09-27T15:02:36.843188
document,PRJ-2024-00222,PRJ-2024-00222,document_metadata_corrupted.csv,2026-09-27T15:02:36.843188
document,PRJ-2024-00223,PRJ-2024-00223,document_metadata_corrupted.csv,2026-09-27T15:02:36.843188
document,PRJ-2024-00224,PRJ-2024-00224,document_metadata_corrupted.csv,2026-09-27T15:02:36.843188
document,PRJ-2024-00225,PRJ-2024-00225,document_metadata_corrupted.csv,2026-09-27T15:02:36.843188
document,PRJ-2024-00226,PRJ-2024-00226,document_metadata_corrupted.csv,2026-09-27T15:02:36.843188
document,PRJ-2024-00227,PRJ-2024-00227,document_metadata_corrupted.csv,2026-09-27T15:02:36.843188
document,PRJ-2024-00228,PRJ-2024-00228,document_metadata_corrupted.csv,2026-09-27T15:02:36.843188
document,PRJ-2024-00229,PRJ-2024-00229,document_metadata_corrupted.csv,2026-09-27T15:02:36.843188
document,PRJ-2024-00230,PRJ-2024-00230,document_metadata_corrupted.csv,2026-09-27T15:02:36.843188
document,PRJ-2024-00231,PRJ-2024-00231,document_metadata_corrupted.csv,2026-09-27T15:02:36.843188
document,PRJ-2024-00232,PRJ-2024-00232,document_metadata_corrupted.csv,2026-09-27T15:02:36.843188
document,PRJ-2024-00233,PRJ-2024-00233,document_metadata_corrupted.csv,2026-09-27T15:02:36.843188
document,PRJ-2024-00234,PRJ-2024-00234,document_metadata_corrupted.csv,2026-09-27T15:02:36.843188
document,PRJ-2024-00235,PRJ-2024-00235,document_metadata_corrupted.csv,2026-09-27T15:02:36.843188
document,PRJ-2024-00236,PRJ-2024-00236,document_metadata_corrupted.csv,2026-09-27T15:02:36.843188
document,PRJ-2024-00237,PRJ-2024-00237,document_metadata_corrupted.csv,2026-09-27T15:02:36.843188
document,PRJ-2024-00238,PRJ-2024-00238,document_metadata_corrupted.csv,2026-09-27T15:02:36.843188
document,PRJ-2024-00239,PRJ-2024-00239,document_metadata_corrupted.csv,2026-09-27T15:02:36.843188
document,PRJ-2024-00240,PRJ-2024-00240,document_metadata_corrupted.csv,2026-09-27T15:02:36.843188
document,PRJ-2024-00241,PRJ-2024-00241,document_metadata_corrupted.csv,2026-09-27T15:02:36.843188
document,PRJ-2024-00242,PRJ-2024-00242,document_metadata_corrupted.csv,2026-09-27T15:02:36.843188
document,PRJ-2024-00243,PRJ-2024-00243,document_metadata_corrupted.csv,2026-09-27T15:02:36.843188
document,PRJ-2024-00244,PRJ-2024-00244,document_metadata_corrupted.csv,2026-09-27T15:02:36.843188
document,PRJ-2024-00245,PRJ-2024-00245,document_metadata_corrupted.csv,2026-09-27T15:02:36.843188
document,PRJ-2024-00246,PRJ-2024-00246,document_metadata_corrupted.csv,2026-09-27T15:02:36.843188
document,PRJ-2024-00247,PRJ-2024-00247,document_metadata_corrupted.csv,2026-09-27T15:02:36.843188
document,PRJ-2024-00248,PRJ-2024-00248,document_metadata_corrupted.csv,2026-09-27T15:02:36.843188
document,PRJ-2024-00249,PRJ-2024-00249,document_metadata_corrupted.csv,2026-09-27T15:02:36.843188
document,PRJ-2024-00250,PRJ-2024-00250,document_metadata_corrupted.csv,2026-09-27T15:02:36.843188
document,PRJ-2024-00251,PRJ-2024-00251,document_metadata_corrupted.csv,2026-09-27T15:02:36.843188
document,PRJ-2024-00252,PRJ-2024-00252,document_metadata_corrupted.csv,2026-09-27T15:02:36.843188
document,PRJ-2024-00253,PRJ-2024-00253,document_metadata_corrupted.csv,2026-09-27T15:02:36.843188
document,PRJ-2024-00254,PRJ-2024-00254,document_metadata_corrupted.csv,2026-09-27T15:02:36.843188
document,PRJ-2024-00255,PRJ-2024-00255,document_metadata_corrupted.csv,2026-09-27T15:02:36.843188
document,PRJ-2024-00256,PRJ-2024-00256,document_metadata_corrupted.csv,2026-09-27T15:02:36.843188
document,PRJ-2024-00257,PRJ-2024-00257,document_metadata_corrupted.csv,2026-09-27T15:02:36.843188
document,PRJ-2024-00258,PRJ-2024-00258,document_metadata_corrupted.csv,2026-09-27T15:02:36.843188
document,PRJ-2024-00259,PRJ-2024-00259,document_metadata_corrupted.csv,2026-09-27T15:02:36.843188
document,PRJ-2024-00260,PRJ-2024-00260,document_metadata_corrupted.csv,2026-09-27T15:02:36.843188
document,PRJ-2024-00261,PRJ-2024-00261,document_metadata_corrupted.csv,2026-09-27T15:02:36.843188
document,PRJ-2024-00262,PRJ-2024-00262,document_metadata_corrupted.csv,2026-09-27T15:02:36.843188
document,PRJ-2024-00263,PRJ-2024-00263,document_metadata_corrupted.csv,2026-09-27T15:02:36.843188
document,PRJ-2024-00264,PRJ-2024-00264,document_metadata_corrupted.csv,2026-09-27T15:02:36.843188
document,PRJ-2024-00265,PRJ-2024-00265,document_metadata_corrupted.csv,2026-09-27T15:02:36.843188
document,PRJ-2024-00266,PRJ-2024-00266,document_metadata_corrupted.csv,2026-09-27T15:02:36.843188
document,PRJ-2024-00267,PRJ-2024-00267,document_metadata_corrupted.csv,2026-09-27T15:02:36.843188
document,PRJ-2024-00268,PRJ-2024-00268,document_metadata_corrupted.csv,2026-09-27T15:02:36.843188
document,PRJ-2024-00269,PRJ-2024-00269,document_metadata_corrupted.csv,2026-09-27T15:02:36.843188
document,PRJ-2024-00270,PRJ-2024-00270,document_metadata_corrupted.csv,2026-09-27T15:02:36.843188
document,PRJ-2024-00271,PRJ-2024-00271,document_metadata_corrupted.csv,2026-09-27T15:02:36.843188
document,PRJ-2024-00272,PRJ-2024-00272,document_metadata_corrupted.csv,2026-09-27T15:02:36.843188
document,PRJ-2024-00273,PRJ-2024-00273,document_metadata_corrupted.csv,2026-09-27T15:02:36.843188
document,PRJ-2024-00274,PRJ-2024-00274,document_metadata_corrupted.csv,2026-09-27T15:02:36.843188
document,PRJ-2024-00275,PRJ-2024-00275,document_metadata_corrupted.csv,2026-09-27T15:02:36.843188
document,PRJ-2024-00276,PRJ-2024-00276,document_metadata_corrupted.csv,2026-09-27T15:02:36.843188
document,PRJ-2024-00277,PRJ-2024-00277,document_metadata_corrupted.csv,2026-09-27T15:02:36.843188
document,PRJ-2024-00278,PRJ-2024-00278,document_metadata_corrupted.csv,2026-09-27T15:02:36.843188
document,PRJ-2024-00279,PRJ-2024-00279,document_metadata_corrupted.csv,2026-09-27T15:02:36.843188
document,PRJ-2024-00280,PRJ-2024-00280,document_metadata_corrupted.csv,2026-09-27T15:02:36.843188
document,PRJ-2024-00281,PRJ-2024-00281,document_metadata_corrupted.csv,2026-09-27T15:02:36.843188
document,PRJ-2024-00282,PRJ-2024-00282,document_metadata_corrupted.csv,2026-09-27T15:02:36.843188
document,PRJ-2024-00283,PRJ-2024-00283,document_metadata_corrupted.csv,2026-09-27T15:02:36.843188
document,PRJ-2024-00284,PRJ-2024-00284,document_metadata_corrupted.csv,2026-09-27T15:02:36.843188
document,PRJ-2024-00285,PRJ-2024-00285,document_metadata_corrupted.csv,2026-09-27T15:02:36.843188
document,PRJ-2024-00286,PRJ-2024-00286,document_metadata_corrupted.csv,2026-09-27T15:02:36.843188
document,PRJ-2024-00287,PRJ-2024-00287,document_metadata_corrupted.csv,2026-09-27T15:02:36.843188
document,PRJ-2024-00288,PRJ-2024-00288,document_metadata_corrupted.csv,2026-09-27T15:02:36.843188
document,PRJ-2024-00289,PRJ-2024-00289,document_metadata_corrupted.csv,2026-09-27T15:02:36.843188
document,PRJ-2024-00290,PRJ-2024-00290,document_metadata_corrupted.csv,2026-09-27T15:02:36.843188
document,PRJ-2024-00291,PRJ-2024-00291,document_metadata_corrupted.csv,2026-09-27T15:02:36.843188
document,PRJ-2024-00292,PRJ-2024-00292,document_metadata_corrupted.csv,2026-09-27T15:02:36.843188
document,PRJ-2024-00293,PRJ-2024-00293,document_metadata_corrupted.csv,2026-09-27T15:02:36.843188
document,PRJ-2024-00294,PRJ-2024-00294,document_metadata_corrupted.csv,2026-09-27T15:02:36.843188
document,PRJ-2024-00295,PRJ-2024-00295,document_metadata_corrupted.csv,2026-09-27T15:02:36.843188
document,PRJ-2024-00296,PRJ-2024-00296,document_metadata_corrupted.csv,2026-09-27T15:02:36.843188
document,PRJ-2024-00297,PRJ-2024-00297,document_metadata_corrupted.csv,2026-09-27T15:02:36.843188
document,PRJ-2024-00298,PRJ-2024-00298,document_metadata_corrupted.csv,2026-09-27T15:02:36.843188
document,PRJ-2024-00299,PRJ-2024-00299,document_metadata_corrupted.csv,2026-09-27T15:02:36.843188
document,PRJ-2024-00300,PRJ-2024-00300,document_metadata_corrupted.csv,2026-09-27T15:02:36.843188
document,PRJ-2024-00301,PRJ-2024-00301,document_metadata_corrupted.csv,2026-09-27T15:02:36.843188
document,PRJ-2024-00302,PRJ-2024-00302,document_metadata_corrupted.csv,2026-09-27T15:02:36.843188
document,PRJ-2024-00303,PRJ-2024-00303,document_metadata_corrupted.csv,2026-09-27T15:02:36.843188
document,PRJ-2024-00304,PRJ-2024-00304,document_metadata_corrupted.csv,2026-09-27T15:02:36.843188
document,PRJ-2024-00305,PRJ-2024-00305,document_metadata_corrupted.csv,2026-09-27T15:02:36.843188
document,PRJ-2024-00306,PRJ-2024-00306,document_metadata_corrupted.csv,2026-09-27T15:02:36.843188
document,PRJ-2024-00307,PRJ-2024-00307,document_metadata_corrupted.csv,2026-09-27T15:02:36.843188
document,PRJ-2024-00308,PRJ-2024-00308,document_metadata_corrupted.csv,2026-09-27T15:02:36.843188
document,PRJ-2024-00309,PRJ-2024-00309,document_metadata_corrupted.csv,2026-09-27T15:02:36.843188
document,PRJ-2024-00310,PRJ-2024-00310,document_metadata_corrupted.csv,2026-09-27T15:02:36.843188
document,PRJ-2024-00311,PRJ-2024-00311,document_metadata_corrupted.csv,2026-09-27T15:02:36.843188
document,PRJ-2024-00312,PRJ-2024-00312,document_metadata_corrupted.csv,2026-09-27T15:02:36.843188
document,PRJ-2024-00313,PRJ-2024-00313,document_metadata_corrupted.csv,2026-09-27T15:02:36.843188
document,PRJ-2024-00314,PRJ-2024-00314,document_metadata_corrupted.csv,2026-09-27T15:02:36.843188
document,PRJ-2024-00315,PRJ-2024-00315,document_metadata_corrupted.csv,2026-09-27T15:02:36.843188
document,PRJ-2024-00316,PRJ-2024-00316,document_metadata_corrupted.csv,2026-09-27T15:02:36.843188
document,PRJ-2024-00317,PRJ-2024-00317,document_metadata_corrupted.csv,2026-09-27T15:02:36.843188
document,PRJ-2024-00318,PRJ-2024-00318,document_metadata_corrupted.csv,2026-09-27T15:02:36.843188
document,PRJ-2024-00319,PRJ-2024-00319,document_metadata_corrupted.csv,2026-09-27T15:02:36.843188
document,PRJ-2024-00320,PRJ-2024-00320,document_metadata_corrupted.csv,2026-09-27T15:02:36.843188
document,PRJ-2024-00321,PRJ-2024-00321,document_metadata_corrupted.csv,2026-09-27T15:02:36.843188
document,PRJ-2024-00322,PRJ-2024-00322,document_metadata_corrupted.csv,2026-09-27T15:02:36.843188
document,PRJ-2024-00323,PRJ-2024-00323,document_metadata_corrupted.csv,2026-09-27T15:02:36.843188
document,PRJ-2024-00324,PRJ-2024-00324,document_metadata_corrupted.csv,2026-09-27T15:02:36.843188
document,PRJ-2024-00325,PRJ-2024-00325,document_metadata_corrupted.csv,2026-09-27T15:02:36.843188
document,PRJ-2024-00326,PRJ-2024-00326,document_metadata_corrupted.csv,2026-09-27T15:02:36.843188
document,PRJ-2024-00327,PRJ-2024-00327,document_metadata_corrupted.csv,2026-09-27T15:02:36.843188
document,PRJ-2024-00328,PRJ-2024-00328,document_metadata_corrupted.csv,2026-09-27T15:02:36.843188
document,PRJ-2024-00329,PRJ-2024-00329,document_metadata_corrupted.csv,2026-09-27T15:02:36.843188
document,PRJ-2024-00330,PRJ-2024-00330,document_metadata_corrupted.csv,2026-09-27T15:02:36.843188
document,PRJ-2024-00331,PRJ-2024-00331,document_metadata_corrupted.csv,2026-09-27T15:02:36.843188
document,PRJ-2024-00332,PRJ-2024-00332,document_metadata_corrupted.csv,2026-09-27T15:02:36.843188
document,PRJ-2024-00333,PRJ-2024-00333,document_metadata_corrupted.csv,2026-09-27T15:02:36.843188
document,PRJ-2024-00334,PRJ-2024-00334,document_metadata_corrupted.csv,2026-09-27T15:02:36.843188
document,PRJ-2024-00335,PRJ-2024-00335,document_metadata_corrupted.csv,2026-09-27T15:02:36.843188
document,PRJ-2024-00336,PRJ-2024-00336,document_metadata_corrupted.csv,2026-09-27T15:02:36.843188
document,PRJ-2024-00337,PRJ-2024-00337,document_metadata_corrupted.csv,2026-09-27T15:02:36.843188
document,PRJ-2024-00338,PRJ-2024-00338,document_metadata_corrupted.csv,2026-09-27T15:02:36.843188
document,PRJ-2024-00339,PRJ-2024-00339,document_metadata_corrupted.csv,2026-09-27T15:02:36.843188
document,PRJ-2024-00340,PRJ-2024-00340,document_metadata_corrupted.csv,2026-09-27T15:02:36.843188
document,PRJ-2024-00341,PRJ-2024-00341,document_metadata_corrupted.csv,2026-09-27T15:02:36.843188
document,PRJ-2024-00342,PRJ-2024-00342,document_metadata_corrupted.csv,2026-09-27T15:02:36.843188
document,PRJ-2024-00343,PRJ-2024-00343,document_metadata_corrupted.csv,2026-09-27T15:02:36.843188
document,PRJ-2024-00344,PRJ-2024-00344,document_metadata_corrupted.csv,2026-09-27T15:02:36.843188
document,PRJ-2024-00345,PRJ-2024-00345,document_metadata_corrupted.csv,2026-09-27T15:02:36.843188
document,PRJ-2024-00346,PRJ-2024-00346,document_metadata_corrupted.csv,2026-09-27T15:02:36.843188
document,PRJ-2024-00347,PRJ-2024-00347,document_metadata_corrupted.csv,2026-09-27T15:02:36.843188
document,PRJ-2024-00348,PRJ-2024-00348,document_metadata_corrupted.csv,2026-09-27T15:02:36.843188
document,PRJ-2024-00349,PRJ-2024-00349,document_metadata_corrupted.csv,2026-09-27T15:02:36.843188
document,PRJ-2024-00350,PRJ-2024-00350,document_metadata_corrupted.csv,2026-09-27T15:02:36.843188
document,PRJ-2024-00351,PRJ-2024-00351,document_metadata_corrupted.csv,2026-09-27T15:02:36.843188
document,PRJ-2024-00352,PRJ-2024-00352,document_metadata_corrupted.csv,2026-09-27T15:02:36.843188
document,PRJ-2024-00353,PRJ-2024-00353,document_metadata_corrupted.csv,2026-09-27T15:02:36.843188
document,PRJ-2024-00354,PRJ-2024-00354,document_metadata_corrupted.csv,2026-09-27T15:02:36.843188
document,PRJ-2024-00355,PRJ-2024-00355,document_metadata_corrupted.csv,2026-09-27T15:02:36.843188
document,PRJ-2024-00356,PRJ-2024-00356,document_metadata_corrupted.csv,2026-09-27T15:02:36.843188
document,PRJ-2024-00357,PRJ-2024-00357,document_metadata_corrupted.csv,2026-09-27T15:02:36.843188
document,PRJ-2024-00358,PRJ-2024-00358,document_metadata_corrupted.csv,2026-09-27T15:02:36.843188
document,PRJ-2024-00359,PRJ-2024-00359,document_metadata_corrupted.csv,2026-09-27T15:02:36.843188
document,PRJ-2024-00360,PRJ-2024-00360,document_metadata_corrupted.csv,2026-09-27T15:02:36.843188
document,PRJ-2024-00361,PRJ-2024-00361,document_metadata_corrupted.csv,2026-09-27T15:02:36.843188
document,PRJ-2024-00362,PRJ-2024-00362,document_metadata_corrupted.csv,2026-09-27T15:02:36.843188
document,PRJ-2024-00363,PRJ-2024-00363,document_metadata_corrupted.csv,2026-09-27T15:02:36.843188
document,PRJ-2024-00364,PRJ-2024-00364,document_metadata_corrupted.csv,2026-09-27T15:02:36.843188
document,PRJ-2024-00365,PRJ-2024-00365,document_metadata_corrupted.csv,2026-09-27T15:02:36.843188
document,PRJ-2024-00366,PRJ-2024-00366,document_metadata_corrupted.csv,2026-09-27T15:02:36.843188
document,PRJ-2024-00367,PRJ-2024-00367,document_metadata_corrupted.csv,2026-09-27T15:02:36.843188
document,PRJ-2024-00368,PRJ-2024-00368,document_metadata_corrupted.csv,2026-09-27T15:02:36.843188
document,PRJ-2024-00369,PRJ-2024-00369,document_metadata_corrupted.csv,2026-09-27T15:02:36.843188
document,PRJ-2024-00370,PRJ-2024-00370,document_metadata_corrupted.csv,2026-09-27T15:02:36.843188
document,PRJ-2024-00371,PRJ-2024-00371,document_metadata_corrupted.csv,2026-09-27T15:02:36.843188
document,PRJ-2024-00372,PRJ-2024-00372,document_metadata_corrupted.csv,2026-09-27T15:02:36.843188
document,PRJ-2024-00373,PRJ-2024-00373,document_metadata_corrupted.csv,2026-09-27T15:02:36.843188
document,PRJ-2024-00374,PRJ-2024-00374,document_metadata_corrupted.csv,2026-09-27T15:02:36.843188
document,PRJ-2024-00375,PRJ-2024-00375,document_metadata_corrupted.csv,2026-09-27T15:02:36.843188
document,PRJ-2024-00376,PRJ-2024-00376,document_metadata_corrupted.csv,2026-09-27T15:02:36.843188
document,PRJ-2024-00377,PRJ-2024-00377,document_metadata_corrupted.csv,2026-09-27T15:02:36.843188
document,PRJ-2024-00378,PRJ-2024-00378,document_metadata_corrupted.csv,2026-09-27T15:02:36.843188
document,PRJ-2024-00379,PRJ-2024-00379,document_metadata_corrupted.csv,2026-09-27T15:02:36.843188
document,PRJ-2024-00380,PRJ-2024-00380,document_metadata_corrupted.csv,2026-09-27T15:02:36.843188
document,PRJ-2024-00381,PRJ-2024-00381,document_metadata_corrupted.csv,2026-09-27T15:02:36.843188
document,PRJ-2024-00382,PRJ-2024-00382,document_metadata_corrupted.csv,2026-09-27T15:02:36.843188
document,PRJ-2024-00383,PRJ-2024-00383,document_metadata_corrupted.csv,2026-09-27T15:02:36.843188
document,PRJ-2024-00384,PRJ-2024-00384,document_metadata_corrupted.csv,2026-09-27T15:02:36.843188
document,PRJ-2024-00385,PRJ-2024-00385,document_metadata_corrupted.csv,2026-09-27T15:02:36.843188
document,PRJ-2024-00386,PRJ-2024-00386,document_metadata_corrupted.csv,2026-09-27T15:02:36.843188
document,PRJ-2024-00387,PRJ-2024-00387,document_metadata_corrupted.csv,2026-09-27T15:02:36.843188
document,PRJ-2024-00388,PRJ-2024-00388,document_metadata_corrupted.csv,2026-09-27T15:02:36.843188
document,PRJ-2024-00389,PRJ-2024-00389,document_metadata_corrupted.csv,2026-09-27T15:02:36.843188
document,PRJ-2024-00390,PRJ-2024-00390,document_metadata_corrupted.csv,2026-09-27T15:02:36.843188
document,PRJ-2024-00391,PRJ-2024-00391,document_metadata_corrupted.csv,2026-09-27T15:02:36.843188
document,PRJ-2024-00392,PRJ-2024-00392,document_metadata_corrupted.csv,2026-09-27T15:02:36.843188
document,PRJ-2024-00393,PRJ-2024-00393,document_metadata_corrupted.csv,2026-09-27T15:02:36.843188
document,PRJ-2024-00394,PRJ-2024-00394,document_metadata_corrupted.csv,2026-09-27T15:02:36.843188
document,PRJ-2024-00395,PRJ-2024-00395,document_metadata_corrupted.csv,2026-09-27T15:02:36.843188
document,PRJ-2024-00396,PRJ-2024-00396,document_metadata_corrupted.csv,2026-09-27T15:02:36.843188
document,PRJ-2024-00397,PRJ-2024-00397,document_metadata_corrupted.csv,2026-09-27T15:02:36.843188
document,PRJ-2024-00398,PRJ-2024-00398,document_metadata_corrupted.csv,2026-09-27T15:02:36.843188
document,PRJ-2024-00399,PRJ-2024-00399,document_metadata_corrupted.csv,2026-09-27T15:02:36.843188
document,PRJ-2024-00400,PRJ-2024-00400,document_metadata_corrupted.csv,2026-09-27T15:02:36.843188
document,PRJ-2024-00401,PRJ-2024-00401,document_metadata_corrupted.csv,2026-09-27T15:02:36.843188
document,PRJ-2024-00402,PRJ-2024-00402,document_metadata_corrupted.csv,2026-09-27T15:02:36.843188
document,PRJ-2024-00403,PRJ-2024-00403,document_metadata_corrupted.csv,2026-09-27T15:02:36.843188
document,PRJ-2024-00404,PRJ-2024-00404,document_metadata_corrupted.csv,2026-09-27T15:02:36.843188
document,PRJ-2024-00405,PRJ-2024-00405,document_metadata_corrupted.csv,2026-09-27T15:02:36.843188
document,PRJ-2024-00406,PRJ-2024-00406,document_metadata_corrupted.csv,2026-09-27T15:02:36.843188
document,PRJ-2024-00407,PRJ-2024-00407,document_metadata_corrupted.csv,2026-09-27T15:02:36.843188
document,PRJ-2024-00408,PRJ-2024-00408,document_metadata_corrupted.csv,2026-09-27T15:02:36.843188
document,PRJ-2024-00409,PRJ-2024-00409,document_metadata_corrupted.csv,2026-09-27T15:02:36.843188
document,PRJ-2024-00410,PRJ-2024-00410,document_metadata_corrupted.csv,2026-09-27T15:02:36.843188
document,PRJ-2024-00411,PRJ-2024-00411,document_metadata_corrupted.csv,2026-09-27T15:02:36.843188
document,PRJ-2024-00412,PRJ-2024-00412,document_metadata_corrupted.csv,2026-09-27T15:02:36.843188
document,PRJ-2024-00413,PRJ-2024-00413,document_metadata_corrupted.csv,2026-09-27T15:02:36.843188
document,PRJ-2024-00414,PRJ-2024-00414,document_metadata_corrupted.csv,2026-09-27T15:02:36.843188
document,PRJ-2024-00415,PRJ-2024-00415,document_metadata_corrupted.csv,2026-09-27T15:02:36.843188
document,PRJ-2024-00416,PRJ-2024-00416,document_metadata_corrupted.csv,2026-09-27T15:02:36.843188
document,PRJ-2024-00417,PRJ-2024-00417,document_metadata_corrupted.csv,2026-09-27T15:02:36.843188
document,PRJ-2024-00418,PRJ-2024-00418,document_metadata_corrupted.csv,2026-09-27T15:02:36.843188
document,PRJ-2024-00419,PRJ-2024-00419,document_metadata_corrupted.csv,2026-09-27T15:02:36.843188
document,PRJ-2024-00420,PRJ-2024-00420,document_metadata_corrupted.csv,2026-09-27T15:02:36.843188
document,PRJ-2024-00421,PRJ-2024-00421,document_metadata_corrupted.csv,2026-09-27T15:02:36.843188
document,PRJ-2024-00422,PRJ-2024-00422,document_metadata_corrupted.csv,2026-09-27T15:02:36.843188
document,PRJ-2024-00423,PRJ-2024-00423,document_metadata_corrupted.csv,2026-09-27T15:02:36.843188
document,PRJ-2024-00424,PRJ-2024-00424,document_metadata_corrupted.csv,2026-09-27T15:02:36.843188
document,PRJ-2024-00425,PRJ-2024-00425,document_metadata_corrupted.csv,2026-09-27T15:02:36.843188
document,PRJ-2024-00426,PRJ-2024-00426,document_metadata_corrupted.csv,2026-09-27T15:02:36.843188
document,PRJ-2024-00427,PRJ-2024-00427,document_metadata_corrupted.csv,2026-09-27T15:02:36.843188
document,PRJ-2024-00428,PRJ-2024-00428,document_metadata_corrupted.csv,2026-09-27T15:02:36.843188
document,PRJ-2024-00429,PRJ-2024-00429,document_metadata_corrupted.csv,2026-09-27T15:02:36.843188
document,PRJ-2024-00430,PRJ-2024-00430,document_metadata_corrupted.csv,2026-09-27T15:02:36.843188
document,PRJ-2024-00431,PRJ-2024-00431,document_metadata_corrupted.csv,2026-09-27T15:02:36.843188
document,PRJ-2024-00432,PRJ-2024-00432,document_metadata_corrupted.csv,2026-09-27T15:02:36.843188
document,PRJ-2024-00433,PRJ-2024-00433,document_metadata_corrupted.csv,2026-09-27T15:02:36.843188
document,PRJ-2024-00434,PRJ-2024-00434,document_metadata_corrupted.csv,2026-09-27T15:02:36.843188
document,PRJ-2024-00435,PRJ-2024-00435,document_metadata_corrupted.csv,2026-09-27T15:02:36.843188
document,PRJ-2024-00436,PRJ-2024-00436,document_metadata_corrupted.csv,2026-09-27T15:02:36.843188
document,PRJ-2024-00437,PRJ-2024-00437,document_metadata_corrupted.csv,2026-09-27T15:02:36.843188
document,PRJ-2024-00438,PRJ-2024-00438,document_metadata_corrupted.csv,2026-09-27T15:02:36.843188
document,PRJ-2024-00439,PRJ-2024-00439,document_metadata_corrupted.csv,2026-09-27T15:02:36.843188
document,PRJ-2024-00440,PRJ-2024-00440,document_metadata_corrupted.csv,2026-09-27T15:02:36.843188
document,PRJ-2024-00441,PRJ-2024-00441,document_metadata_corrupted.csv,2026-09-27T15:02:36.843188
document,PRJ-2024-00442,PRJ-2024-00442,document_metadata_corrupted.csv,2026-09-27T15:02:36.843188
document,PRJ-2024-00443,PRJ-2024-00443,document_metadata_corrupted.csv,2026-09-27T15:02:36.843188
document,PRJ-2024-00444,PRJ-2024-00444,document_metadata_corrupted.csv,2026-09-27T15:02:36.843188
document,PRJ-2024-00445,PRJ-2024-00445,document_metadata_corrupted.csv,2026-09-27T15:02:36.843188
document,PRJ-2024-00446,PRJ-2024-00446,document_metadata_corrupted.csv,2026-09-27T15:02:36.843188
document,PRJ-2024-00447,PRJ-2024-00447,document_metadata_corrupted.csv,2026-09-27T15:02:36.843188
document,PRJ-2024-00448,PRJ-2024-00448,document_metadata_corrupted.csv,2026-09-27T15:02:36.843188
document,PRJ-2024-00449,PRJ-2024-00449,document_metadata_corrupted.csv,2026-09-27T15:02:36.843188
document,PRJ-2024-00450,PRJ-2024-00450,document_metadata_corrupted.csv,2026-09-27T15:02:36.843188
document,PRJ-2024-00451,PRJ-2024-00451,document_metadata_corrupted.csv,2026-09-27T15:02:36.843188
document,PRJ-2024-00452,PRJ-2024-00452,document_metadata_corrupted.csv,2026-09-27T15:02:36.843188
document,PRJ-2024-00453,PRJ-2024-00453,document_metadata_corrupted.csv,2026-09-27T15:02:36.843188
document,PRJ-2024-00454,PRJ-2024-00454,document_metadata_corrupted.csv,2026-09-27T15:02:36.843188
document,PRJ-2024-00455,PRJ-2024-00455,document_metadata_corrupted.csv,2026-09-27T15:02:36.843188
document,PRJ-2024-00456,PRJ-2024-00456,document_metadata_corrupted.csv,2026-09-27T15:02:36.843188
document,PRJ-2024-00457,PRJ-2024-00457,document_metadata_corrupted.csv,2026-09-27T15:02:36.843188
document,PRJ-2024-00458,PRJ-2024-00458,document_metadata_corrupted.csv,2026-09-27T15:02:36.843188
document,PRJ-2024-00459,PRJ-2024-00459,document_metadata_corrupted.csv,2026-09-27T15:02:36.843188
document,PRJ-2024-00460,PRJ-2024-00460,document_metadata_corrupted.csv,2026-09-27T15:02:36.843188
document,PRJ-2024-00461,PRJ-2024-00461,document_metadata_corrupted.csv,2026-09-27T15:02:36.843188
document,PRJ-2024-00462,PRJ-2024-00462,document_metadata_corrupted.csv,2026-09-27T15:02:36.843188
document,PRJ-2024-00463,PRJ-2024-00463,document_metadata_corrupted.csv,2026-09-27T15:02:36.843188
document,PRJ-2024-00464,PRJ-2024-00464,document_metadata_corrupted.csv,2026-09-27T15:02:36.843188
document,PRJ-2024-00465,PRJ-2024-00465,document_metadata_corrupted.csv,2026-09-27T15:02:36.843188
document,PRJ-2024-00466,PRJ-2024-00466,document_metadata_corrupted.csv,2026-09-27T15:02:36.843188
document,PRJ-2024-00467,PRJ-2024-00467,document_metadata_corrupted.csv,2026-09-27T15:02:36.843188
document,PRJ-2024-00468,PRJ-2024-00468,document_metadata_corrupted.csv,2026-09-27T15:02:36.843188
document,PRJ-2024-00469,PRJ-2024-00469,document_metadata_corrupted.csv,2026-09-27T15:02:36.843188
document,PRJ-2024-00470,PRJ-2024-00470,document_metadata_corrupted.csv,2026-09-27T15:02:36.843188
document,PRJ-2024-00471,PRJ-2024-00471,document_metadata_corrupted.csv,2026-09-27T15:02:36.843188
document,PRJ-2024-00472,PRJ-2024-00472,document_metadata_corrupted.csv,2026-09-27T15:02:36.843188
document,PRJ-2024-00473,PRJ-2024-00473,document_metadata_corrupted.csv,2026-09-27T15:02:36.843188
document,PRJ-2024-00474,PRJ-2024-00474,document_metadata_corrupted.csv,2026-09-27T15:02:36.843188
document,PRJ-2024-00475,PRJ-2024-00475,document_metadata_corrupted.csv,2026-09-27T15:02:36.843188
document,PRJ-2024-00476,PRJ-2024-00476,document_metadata_corrupted.csv,2026-09-27T15:02:36.843188
document,PRJ-2024-00477,PRJ-2024-00477,document_metadata_corrupted.csv,2026-09-27T15:02:36.843188
document,PRJ-2024-00478,PRJ-2024-00478,document_metadata_corrupted.csv,2026-09-27T15:02:36.843188
document,PRJ-2024-00479,PRJ-2024-00479,document_metadata_corrupted.csv,2026-09-27T15:02:36.843188
document,PRJ-2024-00480,PRJ-2024-00480,document_metadata_corrupted.csv,2026-09-27T15:02:36.843188
document,PRJ-2024-00481,PRJ-2024-00481,document_metadata_corrupted.csv,2026-09-27T15:02:36.843188
document,PRJ-2024-00482,PRJ-2024-00482,document_metadata_corrupted.csv,2026-09-27T15:02:36.843188
document,PRJ-2024-00483,PRJ-2024-00483,document_metadata_corrupted.csv,2026-09-27T15:02:36.843188
document,PRJ-2024-00484,PRJ-2024-00484,document_metadata_corrupted.csv,2026-09-27T15:02:36.843188
document,PRJ-2024-00485,PRJ-2024-00485,document_metadata_corrupted.csv,2026-09-27T15:02:36.843188
document,PRJ-2024-00486,PRJ-2024-00486,document_metadata_corrupted.csv,2026-09-27T15:02:36.843188
document,PRJ-2024-00487,PRJ-2024-00487,document_metadata_corrupted.csv,2026-09-27T15:02:36.843188
document,PRJ-2024-00488,PRJ-2024-00488,document_metadata_corrupted.csv,2026-09-27T15:02:36.843188
document,PRJ-2024-00489,PRJ-2024-00489,document_metadata_corrupted.csv,2026-09-27T15:02:36.843188
document,PRJ-2024-00490,PRJ-2024-00490,document_metadata_corrupted.csv,2026-09-27T15:02:36.843188
document,PRJ-2024-00491,PRJ-2024-00491,document_metadata_corrupted.csv,2026-09-27T15:02:36.843188
document,PRJ-2024-00492,PRJ-2024-00492,document_metadata_corrupted.csv,2026-09-27T15:02:36.843188
document,PRJ-2024-00493,PRJ-2024-00493,document_metadata_corrupted.csv,2026-09-27T15:02:36.843188
document,PRJ-2024-00494,PRJ-2024-00494,document_metadata_corrupted.csv,2026-09-27T15:02:36.843188
document,PRJ-2024-00495,PRJ-2024-00495,document_metadata_corrupted.csv,2026-09-27T15:02:36.843188
document,PRJ-2024-00496,PRJ-2024-00496,document_metadata_corrupted.csv,2026-09-27T15:02:36.843188
document,PRJ-2024-00497,PRJ-2024-00497,document_metadata_corrupted.csv,2026-09-27T15:02:36.843188
document,PRJ-2024-00498,PRJ-2024-00498,document_metadata_corrupted.csv,2026-09-27T15:02:36.843188
document,PRJ-2024-00499,PRJ-2024-00499,document_metadata_corrupted.csv,2026-09-27T15:02:36.843188
document,PRJ-2024-00500,PRJ-2024-00500,document_metadata_corrupted.csv,2026-09-27T15:02:36.843188
