pair_id,source_a,source_b,record_a_id,record_b_id,master_id_a,master_id_b,label
PAIR-000001,crm,erp,PRJ-2024-00001,PRJ-2024-00001,PRJ-2024-00001,PRJ-2024-00001,1
PAIR-000002,crm,partner,PRJ-2024-00001,PRJ-2024-00001,PRJ-2024-00001,PRJ-2024-00001,1
PAIR-000003,crm,document,PRJ-2024-00001,PRJ-2024-00001,PRJ-2024-00001,PRJ-2024-00001,1
PAIR-000004,erp,partner,PRJ-2024-00001,PRJ-2024-00001,PRJ-2024-00001,PRJ-2024-00001,1
PAIR-000005,erp,document,PRJ-2024-00001,PRJ-2024-00001,PRJ-2024-00001,PRJ-2024-00001,1
PAIR-000006,partner,document,PRJ-2024-00001,PRJ-2024-00001,PRJ-2024-00001,PRJ-2024-00001,1
PAIR-000007,crm,erp,PRJ-2024-00002,PRJ-2024-00002,PRJ-2024-00002,PRJ-2024-00002,1
PAIR-000008,crm,partner,PRJ-2024-00002,PRJ-2024-00002,PRJ-2024-00002,PRJ-2024-00002,1
PAIR-000009,crm,document,PRJ-2024-00002,PRJ-2024-00002,PRJ-2024-00002,PRJ-2024-00002,1
PAIR-000010,erp,partner,PRJ-2024-00002,PRJ-2024-00002,PRJ-2024-00002,PRJ-2024-00002,1
PAIR-000011,erp,document,PRJ-2024-00002,PRJ-2024-00002,PRJ-2024-00002,PRJ-2024-00002,1
PAIR-000012,partner,document,PRJ-2024-00002,PRJ-2024-00002,PRJ-2024-00002,PRJ-2024-00002,1
PAIR-000013,crm,erp,PRJ-2024-00003,PRJ-2024-00003,PRJ-2024-00003,PRJ-2024-00003,1
PAIR-000014,crm,partner,PRJ-2024-00003,PRJ-2024-00003,PRJ-2024-00003,PRJ-2024-00003,1
PAIR-000015,crm,document,PRJ-2024-00003,PRJ-2024-00003,PRJ-2024-00003,PRJ-2024-00003,1
PAIR-000016,erp,partner,PRJ-2024-00003,PRJ-2024-00003,PRJ-2024-00003,PRJ-2024-00003,1
PAIR-000017,erp,document,PRJ-2024-00003,PRJ-2024-00003,PRJ-2024-00003,PRJ-2024-00003,1
PAIR-000018,partner,document,PRJ-2024-00003,PRJ-2024-00003,PRJ-2024-00003,PRJ-2024-00003,1
PAIR-000019,crm,erp,PRJ-2024-00004,PRJ-2024-00004,PRJ-2024-00004,PRJ-2024-00004,1
PAIR-000020,crm,partner,PRJ-2024-00004,PRJ-2024-00004,PRJ-2024-00004,PRJ-2024-00004,1
PAIR-000021,crm,document,PRJ-2024-00004,PRJ-2024-00004,PRJ-2024-00004,PRJ-2024-00004,1
PAIR-000022,erp,partner,PRJ-2024-00004,PRJ-2024-00004,PRJ-2024-00004,PRJ-2024-00004,1
PAIR-000023,erp,document,PRJ-2024-00004,PRJ-2024-00004,PRJ-2024-00004,PRJ-2024-00004,1
PAIR-000024,partner,document,PRJ-2024-00004,PRJ-2024-00004,PRJ-2024-00004,PRJ-2024-00004,1
PAIR-000025,crm,erp,PRJ-2024-00005,PRJ-2024-00005,PRJ-2024-00005,PRJ-2024-00005,1
PAIR-000026,crm,partner,PRJ-2024-00005,PRJ-2024-00005,PRJ-2024-00005,PRJ-2024-00005,1
PAIR-000027,crm,document,PRJ-2024-00005,PRJ-2024-00005,PRJ-2024-00005,PRJ-2024-00005,1
PAIR-000028,erp,partner,PRJ-2024-00005,PRJ-2024-00005,PRJ-2024-00005,PRJ-2024-00005,1
PAIR-000029,erp,document,PRJ-2024-00005,PRJ-2024-00005,PRJ-2024-00005,PRJ-2024-00005,1
PAIR-000030,partner,document,PRJ-2024-00005,PRJ-2024-00005,PRJ-2024-00005,PRJ-2024-00005,1
PAIR-000031,crm,erp,PRJ-2024-00006,PRJ-2024-00006,PRJ-2024-00006,PRJ-2024-00006,1
PAIR-000032,crm,partner,PRJ-2024-00006,PRJ-2024-00006,PRJ-2024-00006,PRJ-2024-00006,1
PAIR-000033,crm,document,PRJ-2024-00006,PRJ-2024-00006,PRJ-2024-00006,PRJ-2024-00006,1
PAIR-000034,erp,partner,PRJ-2024-00006,PRJ-2024-00006,PRJ-2024-00006,PRJ-2024-00006,1
PAIR-000035,erp,document,PRJ-2024-00006,PRJ-2024-00006,PRJ-2024-00006,PRJ-2024-00006,1
PAIR-000036,partner,document,PRJ-2024-00006,PRJ-2024-00006,PRJ-2024-00006,PRJ-2024-00006,1
PAIR-000037,crm,erp,PRJ-2024-00007,PRJ-2024-00007,PRJ-2024-00007,PRJ-2024-00007,1
PAIR-000038,crm,partner,PRJ-2024-00007,PRJ-2024-00007,PRJ-2024-00007,PRJ-2024-00007,1
PAIR-000039,crm,document,PRJ-2024-00007,PRJ-2024-00007,PRJ-2024-00007,PRJ-2024-00007,1
PAIR-000040,erp,partner,PRJ-2024-00007,PRJ-2024-00007,PRJ-2024-00007,PRJ-2024-00007,1
PAIR-000041,erp,document,PRJ-2024-00007,PRJ-2024-00007,PRJ-2024-00007,PRJ-2024-00007,1
PAIR-000042,partner,document,PRJ-2024-00007,PRJ-2024-00007,PRJ-2024-00007,PRJ-2024-00007,1
PAIR-000043,crm,erp,PRJ-2024-00008,PRJ-2024-00008,PRJ-2024-00008,PRJ-2024-00008,1
PAIR-000044,crm,partner,PRJ-2024-00008,PRJ-2024-00008,PRJ-2024-00008,PRJ-2024-00008,1
PAIR-000045,crm,document,PRJ-2024-00008,PRJ-2024-00008,PRJ-2024-00008,PRJ-2024-00008,1
PAIR-000046,erp,partner,PRJ-2024-00008,PRJ-2024-00008,PRJ-2024-00008,PRJ-2024-00008,1
PAIR-000047,erp,document,PRJ-2024-00008,PRJ-2024-00008,PRJ-2024-00008,PRJ-2024-00008,1
PAIR-000048,partner,document,PRJ-2024-00008,PRJ-2024-00008,PRJ-2024-00008,PRJ-2024-00008,1
PAIR-000049,crm,erp,PRJ-2024-00009,PRJ-2024-00009,PRJ-2024-00009,PRJ-2024-00009,1
PAIR-000050,crm,partner,PRJ-2024-00009,PRJ-2024-00009,PRJ-2024-00009,PRJ-2024-00009,1
PAIR-000051,crm,document,PRJ-2024-00009,PRJ-2024-00009,PRJ-2024-00009,PRJ-2024-00009,1
PAIR-000052,erp,partner,PRJ-2024-00009,PRJ-2024-00009,PRJ-2024-00009,PRJ-2024-00009,1
PAIR-000053,erp,document,PRJ-2024-00009,PRJ-2024-00009,PRJ-2024-00009,PRJ-2024-00009,1
PAIR-000054,partner,document,PRJ-2024-00009,PRJ-2024-00009,PRJ-2024-00009,PRJ-2024-00009,1
PAIR-000055,crm,erp,PRJ-2024-00010,PRJ-2024-00010,PRJ-2024-00010,PRJ-2024-00010,1
PAIR-000056,crm,partner,PRJ-2024-00010,PRJ-2024-00010,PRJ-2024-00010,PRJ-2024-00010,1
PAIR-000057,crm,document,PRJ-2024-00010,PRJ-2024-00010,PRJ-2024-00010,PRJ-2024-00010,1
PAIR-000058,erp,partner,PRJ-2024-00010,PRJ-2024-00010,PRJ-2024-00010,PRJ-2024-00010,1
PAIR-000059,erp,document,PRJ-2024-00010,PRJ-2024-00010,PRJ-2024-00010,PRJ-2024-00010,1
PAIR-000060,partner,document,PRJ-2024-00010,PRJ-2024-00010,PRJ-2024-00010,PRJ-2024-00010,1
PAIR-000061,crm,erp,PRJ-2024-00011,PRJ-2024-00011,PRJ-2024-00011,PRJ-2024-00011,1
PAIR-000062,crm,partner,PRJ-2024-00011,PRJ-2024-00011,PRJ-2024-00011,PRJ-2024-00011,1
PAIR-000063,crm,document,PRJ-2024-00011,PRJ-2024-00011,PRJ-2024-00011,PRJ-2024-00011,1
PAIR-000064,erp,partner,PRJ-2024-00011,PRJ-2024-00011,PRJ-2024-00011,PRJ-2024-00011,1
PAIR-000065,erp,document,PRJ-2024-00011,PRJ-2024-00011,PRJ-2024-00011,PRJ-2024-00011,1
PAIR-000066,partner,document,PRJ-2024-00011,PRJ-2024-00011,PRJ-2024-00011,PRJ-2024-00011,1
PAIR-000067,crm,erp,PRJ-2024-00012,PRJ-2024-00012,PRJ-2024-00012,PRJ-2024-00012,1
PAIR-000068,crm,partner,PRJ-2024-00012,PRJ-2024-00012,PRJ-2024-00012,PRJ-2024-00012,1
PAIR-000069,crm,document,PRJ-2024-00012,PRJ-2024-00012,PRJ-2024-00012,PRJ-2024-00012,1
PAIR-000070,erp,partner,PRJ-2024-00012,PRJ-2024-00012,PRJ-2024-00012,PRJ-2024-00012,1
PAIR-000071,erp,document,PRJ-2024-00012,PRJ-2024-00012,PRJ-2024-00012,PRJ-2024-00012,1
PAIR-000072,partner,document,PRJ-2024-00012,PRJ-2024-00012,PRJ-2024-00012,PRJ-2024-00012,1
PAIR-000073,crm,erp,PRJ-2024-00013,PRJ-2024-00013,PRJ-2024-00013,PRJ-2024-00013,1
PAIR-000074,crm,partner,PRJ-2024-00013,PRJ-2024-00013,PRJ-2024-00013,PRJ-2024-00013,1
PAIR-000075,crm,document,PRJ-2024-00013,PRJ-2024-00013,PRJ-2024-00013,PRJ-2024-00013,1
PAIR-000076,erp,partner,PRJ-2024-00013,PRJ-2024-00013,PRJ-2024-00013,PRJ-2024-00013,1
PAIR-000077,erp,document,PRJ-2024-00013,PRJ-2024-00013,PRJ-2024-00013,PRJ-2024-00013,1
PAIR-000078,partner,document,PRJ-2024-00013,PRJ-2024-00013,PRJ-2024-00013,PRJ-2024-00013,1
PAIR-000079,crm,erp,PRJ-2024-00014,PRJ-2024-00014,PRJ-2024-00014,PRJ-2024-00014,1
PAIR-000080,crm,partner,PRJ-2024-00014,PRJ-2024-00014,PRJ-2024-00014,PRJ-2024-00014,1
PAIR-000081,crm,document,PRJ-2024-00014,PRJ-2024-00014,PRJ-2024-00014,PRJ-2024-00014,1
PAIR-000082,erp,partner,PRJ-2024-00014,PRJ-2024-00014,PRJ-2024-00014,PRJ-2024-00014,1
PAIR-000083,erp,document,PRJ-2024-00014,PRJ-2024-00014,PRJ-2024-00014,PRJ-2024-00014,1
PAIR-000084,partner,document,PRJ-2024-00014,PRJ-2024-00014,PRJ-2024-00014,PRJ-2024-00014,1
PAIR-000085,crm,erp,PRJ-2024-00015,PRJ-2024-00015,PRJ-2024-00015,PRJ-2024-00015,1
PAIR-000086,crm,partner,PRJ-2024-00015,PRJ-2024-00015,PRJ-2024-00015,PRJ-2024-00015,1
PAIR-000087,crm,document,PRJ-2024-00015,PRJ-2024-00015,PRJ-2024-00015,PRJ-2024-00015,1
PAIR-000088,erp,partner,PRJ-2024-00015,PRJ-2024-00015,PRJ-2024-00015,PRJ-2024-00015,1
PAIR-000089,erp,document,PRJ-2024-00015,PRJ-2024-00015,PRJ-2024-00015,PRJ-2024-00015,1
PAIR-000090,partner,document,PRJ-2024-00015,PRJ-2024-00015,PRJ-2024-00015,PRJ-2024-00015,1
PAIR-000091,crm,erp,PRJ-2024-00016,PRJ-2024-00016,PRJ-2024-00016,PRJ-2024-00016,1
PAIR-000092,crm,partner,PRJ-2024-00016,PRJ-2024-00016,PRJ-2024-00016,PRJ-2024-00016,1
PAIR-000093,crm,document,PRJ-2024-00016,PRJ-2024-00016,PRJ-2024-00016,PRJ-2024-00016,1
PAIR-000094,erp,partner,PRJ-2024-00016,PRJ-2024-00016,PRJ-2024-00016,PRJ-2024-00016,1
PAIR-000095,erp,document,PRJ-2024-00016,PRJ-2024-00016,PRJ-2024-00016,PRJ-2024-00016,1
PAIR-000096,partner,document,PRJ-2024-00016,PRJ-2024-00016,PRJ-2024-00016,PRJ-2024-00016,1
PAIR-000097,crm,erp,PRJ-2024-00017,PRJ-2024-00017,PRJ-2024-00017,PRJ-2024-00017,1
PAIR-000098,crm,partner,PRJ-2024-00017,PRJ-2024-00017,PRJ-2024-00017,PRJ-2024-00017,1
PAIR-000099,crm,document,PRJ-2024-00017,PRJ-2024-00017,PRJ-2024-00017,PRJ-2024-00017,1
PAIR-000100,erp,partner,PRJ-2024-00017,PRJ-2024-00017,PRJ-2024-00017,PRJ-2024-00017,1
PAIR-000101,erp,document,PRJ-2024-00017,PRJ-2024-00017,PRJ-2024-00017,PRJ-2024-00017,1
PAIR-000102,partner,document,PRJ-2024-00017,PRJ-2024-00017,PRJ-2024-00017,PRJ-2024-00017,1
PAIR-000103,crm,erp,PRJ-2024-00018,PRJ-2024-00018,PRJ-2024-00018,PRJ-2024-00018,1
PAIR-000104,crm,partner,PRJ-2024-00018,PRJ-2024-00018,PRJ-2024-00018,PRJ-2024-00018,1
PAIR-000105,crm,document,PRJ-2024-00018,PRJ-2024-00018,PRJ-2024-00018,PRJ-2024-00018,1
PAIR-000106,erp,partner,PRJ-2024-00018,PRJ-2024-00018,PRJ-2024-00018,PRJ-2024-00018,1
PAIR-000107,erp,document,PRJ-2024-00018,PRJ-2024-00018,PRJ-2024-00018,PRJ-2024-00018,1
PAIR-000108,partner,document,PRJ-2024-00018,PRJ-2024-00018,PRJ-2024-00018,PRJ-2024-00018,1
PAIR-000109,crm,erp,PRJ-2024-00019,PRJ-2024-00019,PRJ-2024-00019,PRJ-2024-00019,1
PAIR-000110,crm,partner,PRJ-2024-00019,PRJ-2024-00019,PRJ-2024-00019,PRJ-2024-00019,1
PAIR-000111,crm,document,PRJ-2024-00019,PRJ-2024-00019,PRJ-2024-00019,PRJ-2024-00019,1
PAIR-000112,erp,partner,PRJ-2024-00019,PRJ-2024-00019,PRJ-2024-00019,PRJ-2024-00019,1
PAIR-000113,erp,document,PRJ-2024-00019,PRJ-2024-00019,PRJ-2024-00019,PRJ-2024-00019,1
PAIR-000114,partner,document,PRJ-2024-00019,PRJ-2024-00019,PRJ-2024-00019,PRJ-2024-00019,1
PAIR-000115,crm,erp,PRJ-2024-00020,PRJ-2024-00020,PRJ-2024-00020,PRJ-2024-00020,1
PAIR-000116,crm,partner,PRJ-2024-00020,PRJ-2024-00020,PRJ-2024-00020,PRJ-2024-00020,1
PAIR-000117,crm,document,PRJ-2024-00020,PRJ-2024-00020,PRJ-2024-00020,PRJ-2024-00020,1
PAIR-000118,erp,partner,PRJ-2024-00020,PRJ-2024-00020,PRJ-2024-00020,PRJ-2024-00020,1
PAIR-000119,erp,document,PRJ-2024-00020,PRJ-2024-00020,PRJ-2024-00020,PRJ-2024-00020,1
PAIR-000120,partner,document,PRJ-2024-00020,PRJ-2024-00020,PRJ-2024-00020,PRJ-2024-00020,1
PAIR-000121,crm,erp,PRJ-2024-00021,PRJ-2024-00021,PRJ-2024-00021,PRJ-2024-00021,1
PAIR-000122,crm,partner,PRJ-2024-00021,PRJ-2024-00021,PRJ-2024-00021,PRJ-2024-00021,1
PAIR-000123,crm,document,PRJ-2024-00021,PRJ-2024-00021,PRJ-2024-00021,PRJ-2024-00021,1
PAIR-000124,erp,partner,PRJ-2024-00021,PRJ-2024-00021,PRJ-2024-00021,PRJ-2024-00021,1
PAIR-000125,erp,document,PRJ-2024-00021,PRJ-2024-00021,PRJ-2024-00021,PRJ-2024-00021,1
PAIR-000126,partner,document,PRJ-2024-00021,PRJ-2024-00021,PRJ-2024-00021,PRJ-2024-00021,1
PAIR-000127,crm,erp,PRJ-2024-00022,PRJ-2024-00022,PRJ-2024-00022,PRJ-2024-00022,1
PAIR-000128,crm,partner,PRJ-2024-00022,PRJ-2024-00022,PRJ-2024-00022,PRJ-2024-00022,1
PAIR-000129,crm,document,PRJ-2024-00022,PRJ-2024-00022,PRJ-2024-00022,PRJ-2024-00022,1
PAIR-000130,erp,partner,PRJ-2024-00022,PRJ-2024-00022,PRJ-2024-00022,PRJ-2024-00022,1
PAIR-000131,erp,document,PRJ-2024-00022,PRJ-2024-00022,PRJ-2024-00022,PRJ-2024-00022,1
PAIR-000132,partner,document,PRJ-2024-00022,PRJ-2024-00022,PRJ-2024-00022,PRJ-2024-00022,1
PAIR-000133,crm,erp,PRJ-2024-00023,PRJ-2024-00023,PRJ-2024-00023,PRJ-2024-00023,1
PAIR-000134,crm,partner,PRJ-2024-00023,PRJ-2024-00023,PRJ-2024-00023,PRJ-2024-00023,1
PAIR-000135,crm,document,PRJ-2024-00023,PRJ-2024-00023,PRJ-2024-00023,PRJ-2024-00023,1
PAIR-000136,erp,partner,PRJ-2024-00023,PRJ-2024-00023,PRJ-2024-00023,PRJ-2024-00023,1
PAIR-000137,erp,document,PRJ-2024-00023,PRJ-2024-00023,PRJ-2024-00023,PRJ-2024-00023,1
PAIR-000138,partner,document,PRJ-2024-00023,PRJ-2024-00023,PRJ-2024-00023,PRJ-2024-00023,1
PAIR-000139,crm,erp,PRJ-2024-00024,PRJ-2024-00024,PRJ-2024-00024,PRJ-2024-00024,1
PAIR-000140,crm,partner,PRJ-2024-00024,PRJ-2024-00024,PRJ-2024-00024,PRJ-2024-00024,1
PAIR-000141,crm,document,PRJ-2024-00024,PRJ-2024-00024,PRJ-2024-00024,PRJ-2024-00024,1
PAIR-000142,erp,partner,PRJ-2024-00024,PRJ-2024-00024,PRJ-2024-00024,PRJ-2024-00024,1
PAIR-000143,erp,document,PRJ-2024-00024,PRJ-2024-00024,PRJ-2024-00024,PRJ-2024-00024,1
PAIR-000144,partner,document,PRJ-2024-00024,PRJ-2024-00024,PRJ-2024-00024,PRJ-2024-00024,1
PAIR-000145,crm,erp,PRJ-2024-00025,PRJ-2024-00025,PRJ-2024-00025,PRJ-2024-00025,1
PAIR-000146,crm,partner,PRJ-2024-00025,PRJ-2024-00025,PRJ-2024-00025,PRJ-2024-00025,1
PAIR-000147,crm,document,PRJ-2024-00025,PRJ-2024-00025,PRJ-2024-00025,PRJ-2024-00025,1
PAIR-000148,erp,partner,PRJ-2024-00025,PRJ-2024-00025,PRJ-2024-00025,PRJ-2024-00025,1
PAIR-000149,erp,document,PRJ-2024-00025,PRJ-2024-00025,PRJ-2024-00025,PRJ-2024-00025,1
PAIR-000150,partner,document,PRJ-2024-00025,PRJ-2024-00025,PRJ-2024-00025,PRJ-2024-00025,1
PAIR-000151,crm,erp,PRJ-2024-00026,PRJ-2024-00026,PRJ-2024-00026,PRJ-2024-00026,1
PAIR-000152,crm,partner,PRJ-2024-00026,PRJ-2024-00026,PRJ-2024-00026,PRJ-2024-00026,1
PAIR-000153,crm,document,PRJ-2024-00026,PRJ-2024-00026,PRJ-2024-00026,PRJ-2024-00026,1
PAIR-000154,erp,partner,PRJ-2024-00026,PRJ-2024-00026,PRJ-2024-00026,PRJ-2024-00026,1
PAIR-000155,erp,document,PRJ-2024-00026,PRJ-2024-00026,PRJ-2024-00026,PRJ-2024-00026,1
PAIR-000156,partner,document,PRJ-2024-00026,PRJ-2024-00026,PRJ-2024-00026,PRJ-2024-00026,1
PAIR-000157,crm,erp,PRJ-2024-00027,PRJ-2024-00027,PRJ-2024-00027,PRJ-2024-00027,1
PAIR-000158,crm,partner,PRJ-2024-00027,PRJ-2024-00027,PRJ-2024-00027,PRJ-2024-00027,1
PAIR-000159,crm,document,PRJ-2024-00027,PRJ-2024-00027,PRJ-2024-00027,PRJ-2024-00027,1
PAIR-000160,erp,partner,PRJ-2024-00027,PRJ-2024-00027,PRJ-2024-00027,PRJ-2024-00027,1
PAIR-000161,erp,document,PRJ-2024-00027,PRJ-2024-00027,PRJ-2024-00027,PRJ-2024-00027,1
PAIR-000162,partner,document,PRJ-2024-00027,PRJ-2024-00027,PRJ-2024-00027,PRJ-2024-00027,1
PAIR-000163,crm,erp,PRJ-2024-00028,PRJ-2024-00028,PRJ-2024-00028,PRJ-2024-00028,1
PAIR-000164,crm,partner,PRJ-2024-00028,PRJ-2024-00028,PRJ-2024-00028,PRJ-2024-00028,1
PAIR-000165,crm,document,PRJ-2024-00028,PRJ-2024-00028,PRJ-2024-00028,PRJ-2024-00028,1
PAIR-000166,erp,partner,PRJ-2024-00028,PRJ-2024-00028,PRJ-2024-00028,PRJ-2024-00028,1
PAIR-000167,erp,document,PRJ-2024-00028,PRJ-2024-00028,PRJ-2024-00028,PRJ-2024-00028,1
PAIR-000168,partner,document,PRJ-2024-00028,PRJ-2024-00028,PRJ-2024-00028,PRJ-2024-00028,1
PAIR-000169,crm,erp,PRJ-2024-00029,PRJ-2024-00029,PRJ-2024-00029,PRJ-2024-00029,1
PAIR-000170,crm,partner,PRJ-2024-00029,PRJ-2024-00029,PRJ-2024-00029,PRJ-2024-00029,1
PAIR-000171,crm,document,PRJ-2024-00029,PRJ-2024-00029,PRJ-2024-00029,PRJ-2024-00029,1
PAIR-000172,erp,partner,PRJ-2024-00029,PRJ-2024-00029,PRJ-2024-00029,PRJ-2024-00029,1
PAIR-000173,erp,document,PRJ-2024-00029,PRJ-2024-00029,PRJ-2024-00029,PRJ-2024-00029,1
PAIR-000174,partner,document,PRJ-2024-00029,PRJ-2024-00029,PRJ-2024-00029,PRJ-2024-00029,1
PAIR-000175,crm,erp,PRJ-2024-00030,PRJ-2024-00030,PRJ-2024-00030,PRJ-2024-00030,1
PAIR-000176,crm,partner,PRJ-2024-00030,PRJ-2024-00030,PRJ-2024-00030,PRJ-2024-00030,1
PAIR-000177,crm,document,PRJ-2024-00030,PRJ-2024-00030,PRJ-2024-00030,PRJ-2024-00030,1
PAIR-000178,erp,partner,PRJ-2024-00030,PRJ-2024-00030,PRJ-2024-00030,PRJ-2024-00030,1
PAIR-000179,erp,document,PRJ-2024-00030,PRJ-2024-00030,PRJ-2024-00030,PRJ-2024-00030,1
PAIR-000180,partner,document,PRJ-2024-00030,PRJ-2024-00030,PRJ-2024-00030,PRJ-2024-00030,1
PAIR-000181,crm,erp,PRJ-2024-00031,PRJ-2024-00031,PRJ-2024-00031,PRJ-2024-00031,1
PAIR-000182,crm,partner,PRJ-2024-00031,PRJ-2024-00031,PRJ-2024-00031,PRJ-2024-00031,1
PAIR-000183,crm,document,PRJ-2024-00031,PRJ-2024-00031,PRJ-2024-00031,PRJ-2024-00031,1
PAIR-000184,erp,partner,PRJ-2024-00031,PRJ-2024-00031,PRJ-2024-00031,PRJ-2024-00031,1
PAIR-000185,erp,document,PRJ-2024-00031,PRJ-2024-00031,PRJ-2024-00031,PRJ-2024-00031,1
PAIR-000186,partner,document,PRJ-2024-00031,PRJ-2024-00031,PRJ-2024-00031,PRJ-2024-00031,1
PAIR-000187,crm,erp,PRJ-2024-00032,PRJ-2024-00032,PRJ-2024-00032,PRJ-2024-00032,1
PAIR-000188,crm,partner,PRJ-2024-00032,PRJ-2024-00032,PRJ-2024-00032,PRJ-2024-00032,1
PAIR-000189,crm,document,PRJ-2024-00032,PRJ-2024-00032,PRJ-2024-00032,PRJ-2024-00032,1
PAIR-000190,erp,partner,PRJ-2024-00032,PRJ-2024-00032,PRJ-2024-00032,PRJ-2024-00032,1
PAIR-000191,erp,document,PRJ-2024-00032,PRJ-2024-00032,PRJ-2024-00032,PRJ-2024-00032,1
PAIR-000192,partner,document,PRJ-2024-00032,PRJ-2024-00032,PRJ-2024-00032,PRJ-2024-00032,1
PAIR-000193,crm,erp,PRJ-2024-00033,PRJ-2024-00033,PRJ-2024-00033,PRJ-2024-00033,1
PAIR-000194,crm,partner,PRJ-2024-00033,PRJ-2024-00033,PRJ-2024-00033,PRJ-2024-00033,1
PAIR-000195,crm,document,PRJ-2024-00033,PRJ-2024-00033,PRJ-2024-00033,PRJ-2024-00033,1
PAIR-000196,erp,partner,PRJ-2024-00033,PRJ-2024-00033,PRJ-2024-00033,PRJ-2024-00033,1
PAIR-000197,erp,document,PRJ-2024-00033,PRJ-2024-00033,PRJ-2024-00033,PRJ-2024-00033,1
PAIR-000198,partner,document,PRJ-2024-00033,PRJ-2024-00033,PRJ-2024-00033,PRJ-2024-00033,1
PAIR-000199,crm,erp,PRJ-2024-00034,PRJ-2024-00034,PRJ-2024-00034,PRJ-2024-00034,1
PAIR-000200,crm,partner,PRJ-2024-00034,PRJ-2024-00034,PRJ-2024-00034,PRJ-2024-00034,1
PAIR-000201,crm,document,PRJ-2024-00034,PRJ-2024-00034,PRJ-2024-00034,PRJ-2024-00034,1
PAIR-000202,erp,partner,PRJ-2024-00034,PRJ-2024-00034,PRJ-2024-00034,PRJ-2024-00034,1
PAIR-000203,erp,document,PRJ-2024-00034,PRJ-2024-00034,PRJ-2024-00034,PRJ-2024-00034,1
PAIR-000204,partner,document,PRJ-2024-00034,PRJ-2024-00034,PRJ-2024-00034,PRJ-2024-00034,1
PAIR-000205,crm,erp,PRJ-2024-00035,PRJ-2024-00035,PRJ-2024-00035,PRJ-2024-00035,1
PAIR-000206,crm,partner,PRJ-2024-00035,PRJ-2024-00035,PRJ-2024-00035,PRJ-2024-00035,1
PAIR-000207,crm,document,PRJ-2024-00035,PRJ-2024-00035,PRJ-2024-00035,PRJ-2024-00035,1
PAIR-000208,erp,partner,PRJ-2024-00035,PRJ-2024-00035,PRJ-2024-00035,PRJ-2024-00035,1
PAIR-000209,erp,document,PRJ-2024-00035,PRJ-2024-00035,PRJ-2024-00035,PRJ-2024-00035,1
PAIR-000210,partner,document,PRJ-2024-00035,PRJ-2024-00035,PRJ-2024-00035,PRJ-2024-00035,1
PAIR-000211,crm,erp,PRJ-2024-00036,PRJ-2024-00036,PRJ-2024-00036,PRJ-2024-00036,1
PAIR-000212,crm,partner,PRJ-2024-00036,PRJ-2024-00036,PRJ-2024-00036,PRJ-2024-00036,1
PAIR-000213,crm,document,PRJ-2024-00036,PRJ-2024-00036,PRJ-2024-00036,PRJ-2024-00036,1
PAIR-000214,erp,partner,PRJ-2024-00036,PRJ-2024-00036,PRJ-2024-00036,PRJ-2024-00036,1
PAIR-000215,erp,document,PRJ-2024-00036,PRJ-2024-00036,PRJ-2024-00036,PRJ-2024-00036,1
PAIR-000216,partner,document,PRJ-2024-00036,PRJ-2024-00036,PRJ-2024-00036,PRJ-2024-00036,1
PAIR-000217,crm,erp,PRJ-2024-00037,PRJ-2024-00037,PRJ-2024-00037,PRJ-2024-00037,1
PAIR-000218,crm,partner,PRJ-2024-00037,PRJ-2024-00037,PRJ-2024-00037,PRJ-2024-00037,1
PAIR-000219,crm,document,PRJ-2024-00037,PRJ-2024-00037,PRJ-2024-00037,PRJ-2024-00037,1
PAIR-000220,erp,partner,PRJ-2024-00037,PRJ-2024-00037,PRJ-2024-00037,PRJ-2024-00037,1
PAIR-000221,erp,document,PRJ-2024-00037,PRJ-2024-00037,PRJ-2024-00037,PRJ-2024-00037,1
PAIR-000222,partner,document,PRJ-2024-00037,PRJ-2024-00037,PRJ-2024-00037,PRJ-2024-00037,1
PAIR-000223,crm,erp,PRJ-2024-00038,PRJ-2024-00038,PRJ-2024-00038,PRJ-2024-00038,1
PAIR-000224,crm,partner,PRJ-2024-00038,PRJ-2024-00038,PRJ-2024-00038,PRJ-2024-00038,1
PAIR-000225,crm,document,PRJ-2024-00038,PRJ-2024-00038,PRJ-2024-00038,PRJ-2024-00038,1
PAIR-000226,erp,partner,PRJ-2024-00038,PRJ-2024-00038,PRJ-2024-00038,PRJ-2024-00038,1
PAIR-000227,erp,document,PRJ-2024-00038,PRJ-2024-00038,PRJ-2024-00038,PRJ-2024-00038,1
PAIR-000228,partner,document,PRJ-2024-00038,PRJ-2024-00038,PRJ-2024-00038,PRJ-2024-00038,1
PAIR-000229,crm,erp,PRJ-2024-00039,PRJ-2024-00039,PRJ-2024-00039,PRJ-2024-00039,1
PAIR-000230,crm,partner,PRJ-2024-00039,PRJ-2024-00039,PRJ-2024-00039,PRJ-2024-00039,1
PAIR-000231,crm,document,PRJ-2024-00039,PRJ-2024-00039,PRJ-2024-00039,PRJ-2024-00039,1
PAIR-000232,erp,partner,PRJ-2024-00039,PRJ-2024-00039,PRJ-2024-00039,PRJ-2024-00039,1
PAIR-000233,erp,document,PRJ-2024-00039,PRJ-2024-00039,PRJ-2024-00039,PRJ-2024-00039,1
PAIR-000234,partner,document,PRJ-2024-00039,PRJ-2024-00039,PRJ-2024-00039,PRJ-2024-00039,1
PAIR-000235,crm,erp,PRJ-2024-00040,PRJ-2024-00040,PRJ-2024-00040,PRJ-2024-00040,1
PAIR-000236,crm,partner,PRJ-2024-00040,PRJ-2024-00040,PRJ-2024-00040,PRJ-2024-00040,1
PAIR-000237,crm,document,PRJ-2024-00040,PRJ-2024-00040,PRJ-2024-00040,PRJ-2024-00040,1
PAIR-000238,erp,partner,PRJ-2024-00040,PRJ-2024-00040,PRJ-2024-00040,PRJ-2024-00040,1
PAIR-000239,erp,document,PRJ-2024-00040,PRJ-2024-00040,PRJ-2024-00040,PRJ-2024-00040,1
PAIR-000240,partner,document,PRJ-2024-00040,PRJ-2024-00040,PRJ-2024-00040,PRJ-2024-00040,1
PAIR-000241,crm,partner,PRJ-2024-00041,PRJ-2024-00041,PRJ-2024-00041,PRJ-2024-00041,1
PAIR-000242,crm,document,PRJ-2024-00041,PRJ-2024-00041,PRJ-2024-00041,PRJ-2024-00041,1
PAIR-000243,partner,document,PRJ-2024-00041,PRJ-2024-00041,PRJ-2024-00041,PRJ-2024-00041,1
PAIR-000244,crm,erp,PRJ-2024-00042,PRJ-2024-00042,PRJ-2024-00042,PRJ-2024-00042,1
PAIR-000245,crm,partner,PRJ-2024-00042,PRJ-2024-00042,PRJ-2024-00042,PRJ-2024-00042,1
PAIR-000246,erp,partner,PRJ-2024-00042,PRJ-2024-00042,PRJ-2024-00042,PRJ-2024-00042,1
PAIR-000247,crm,erp,PRJ-2024-00043,PRJ-2024-00043,PRJ-2024-00043,PRJ-2024-00043,1
PAIR-000248,crm,partner,PRJ-2024-00043,PRJ-2024-00043,PRJ-2024-00043,PRJ-2024-00043,1
PAIR-000249,crm,document,PRJ-2024-00043,PRJ-2024-00043,PRJ-2024-00043,PRJ-2024-00043,1
PAIR-000250,erp,partner,PRJ-2024-00043,PRJ-2024-00043,PRJ-2024-00043,PRJ-2024-00043,1
PAIR-000251,erp,document,PRJ-2024-00043,PRJ-2024-00043,PRJ-2024-00043,PRJ-2024-00043,1
PAIR-000252,partner,document,PRJ-2024-00043,PRJ-2024-00043,PRJ-2024-00043,PRJ-2024-00043,1
PAIR-000253,crm,erp,PRJ-2024-00044,PRJ-2024-00044,PRJ-2024-00044,PRJ-2024-00044,1
PAIR-000254,crm,partner,PRJ-2024-00044,PRJ-2024-00044,PRJ-2024-00044,PRJ-2024-00044,1
PAIR-000255,crm,document,PRJ-2024-00044,PRJ-2024-00044,PRJ-2024-00044,PRJ-2024-00044,1
PAIR-000256,erp,partner,PRJ-2024-00044,PRJ-2024-00044,PRJ-2024-00044,PRJ-2024-00044,1
PAIR-000257,erp,document,PRJ-2024-00044,PRJ-2024-00044,PRJ-2024-00044,PRJ-2024-00044,1
PAIR-000258,partner,document,PRJ-2024-00044,PRJ-2024-00044,PRJ-2024-00044,PRJ-2024-00044,1
PAIR-000259,crm,erp,PRJ-2024-00045,PRJ-2024-00045,PRJ-2024-00045,PRJ-2024-00045,1
PAIR-000260,crm,partner,PRJ-2024-00045,PRJ-2024-00045,PRJ-2024-00045,PRJ-2024-00045,1
PAIR-000261,crm,document,PRJ-2024-00045,PRJ-2024-00045,PRJ-2024-00045,PRJ-2024-00045,1
PAIR-000262,erp,partner,PRJ-2024-00045,PRJ-2024-00045,PRJ-2024-00045,PRJ-2024-00045,1
PAIR-000263,erp,document,PRJ-2024-00045,PRJ-2024-00045,PRJ-2024-00045,PRJ-2024-00045,1
PAIR-000264,partner,document,PRJ-2024-00045,PRJ-2024-00045,PRJ-2024-00045,PRJ-2024-00045,1
PAIR-000265,crm,erp,PRJ-2024-00046,PRJ-2024-00046,PRJ-2024-00046,PRJ-2024-00046,1
PAIR-000266,crm,partner,PRJ-2024-00046,PRJ-2024-00046,PRJ-2024-00046,PRJ-2024-00046,1
PAIR-000267,crm,document,PRJ-2024-00046,PRJ-2024-00046,PRJ-2024-00046,PRJ-2024-00046,1
PAIR-000268,erp,partner,PRJ-2024-00046,PRJ-2024-00046,PRJ-2024-00046,PRJ-2024-00046,1
PAIR-000269,erp,document,PRJ-2024-00046,PRJ-2024-00046,PRJ-2024-00046,PRJ-2024-00046,1
PAIR-000270,partner,document,PRJ-2024-00046,PRJ-2024-00046,PRJ-2024-00046,PRJ-2024-00046,1
PAIR-000271,crm,erp,PRJ-2024-00047,PRJ-2024-00047,PRJ-2024-00047,PRJ-2024-00047,1
PAIR-000272,crm,partner,PRJ-2024-00047,PRJ-2024-00047,PRJ-2024-00047,PRJ-2024-00047,1
PAIR-000273,crm,document,PRJ-2024-00047,PRJ-2024-00047,PRJ-2024-00047,PRJ-2024-00047,1
PAIR-000274,erp,partner,PRJ-2024-00047,PRJ-2024-00047,PRJ-2024-00047,PRJ-2024-00047,1
PAIR-000275,erp,document,PRJ-2024-00047,PRJ-2024-00047,PRJ-2024-00047,PRJ-2024-00047,1
PAIR-000276,partner,document,PRJ-2024-00047,PRJ-2024-00047,PRJ-2024-00047,PRJ-2024-00047,1
PAIR-000277,crm,erp,PRJ-2024-00048,PRJ-2024-00048,PRJ-2024-00048,PRJ-2024-00048,1
PAIR-000278,crm,partner,PRJ-2024-00048,PRJ-2024-00048,PRJ-2024-00048,PRJ-2024-00048,1
PAIR-000279,crm,document,PRJ-2024-00048,PRJ-2024-00048,PRJ-2024-00048,PRJ-2024-00048,1
PAIR-000280,erp,partner,PRJ-2024-00048,PRJ-2024-00048,PRJ-2024-00048,PRJ-2024-00048,1
PAIR-000281,erp,document,PRJ-2024-00048,PRJ-2024-00048,PRJ-2024-00048,PRJ-2024-00048,1
PAIR-000282,partner,document,PRJ-2024-00048,PRJ-2024-00048,PRJ-2024-00048,PRJ-2024-00048,1
PAIR-000283,crm,erp,PRJ-2024-00049,PRJ-2024-00049,PRJ-2024-00049,PRJ-2024-00049,1
PAIR-000284,crm,partner,PRJ-2024-00049,PRJ-2024-00049,PRJ-2024-00049,PRJ-2024-00049,1
PAIR-000285,crm,document,PRJ-2024-00049,PRJ-2024-00049,PRJ-2024-00049,PRJ-2024-00049,1
PAIR-000286,erp,partner,PRJ-2024-00049,PRJ-2024-00049,PRJ-2024-00049,PRJ-2024-00049,1
PAIR-000287,erp,document,PRJ-2024-00049,PRJ-2024-00049,PRJ-2024-00049,PRJ-2024-00049,1
PAIR-000288,partner,document,PRJ-2024-00049,PRJ-2024-00049,PRJ-2024-00049,PRJ-2024-00049,1
PAIR-000289,crm,erp,PRJ-2024-00050,PRJ-2024-00050,PRJ-2024-00050,PRJ-2024-00050,1
PAIR-000290,crm,partner,PRJ-2024-00050,PRJ-2024-00050,PRJ-2024-00050,PRJ-2024-00050,1
PAIR-000291,crm,document,PRJ-2024-00050,PRJ-2024-00050,PRJ-2024-00050,PRJ-2024-00050,1
PAIR-000292,erp,partner,PRJ-2024-00050,PRJ-2024-00050,PRJ-2024-00050,PRJ-2024-00050,1
PAIR-000293,erp,document,PRJ-2024-00050,PRJ-2024-00050,PRJ-2024-00050,PRJ-2024-00050,1
PAIR-000294,partner,document,PRJ-2024-00050,PRJ-2024-00050,PRJ-2024-00050,PRJ-2024-00050,1
PAIR-000295,crm,erp,PRJ-2024-00051,PRJ-2024-00051,PRJ-2024-00051,PRJ-2024-00051,1
PAIR-000296,crm,partner,PRJ-2024-00051,PRJ-2024-00051,PRJ-2024-00051,PRJ-2024-00051,1
PAIR-000297,crm,document,PRJ-2024-00051,PRJ-2024-00051,PRJ-2024-00051,PRJ-2024-00051,1
PAIR-000298,erp,partner,PRJ-2024-00051,PRJ-2024-00051,PRJ-2024-00051,PRJ-2024-00051,1
PAIR-000299,erp,document,PRJ-2024-00051,PRJ-2024-00051,PRJ-2024-00051,PRJ-2024-00051,1
PAIR-000300,partner,document,PRJ-2024-00051,PRJ-2024-00051,PRJ-2024-00051,PRJ-2024-00051,1
PAIR-000301,crm,erp,PRJ-2024-00052,PRJ-2024-00052,PRJ-2024-00052,PRJ-2024-00052,1
PAIR-000302,crm,partner,PRJ-2024-00052,PRJ-2024-00052,PRJ-2024-00052,PRJ-2024-00052,1
PAIR-000303,crm,document,PRJ-2024-00052,PRJ-2024-00052,PRJ-2024-00052,PRJ-2024-00052,1
PAIR-000304,erp,partner,PRJ-2024-00052,PRJ-2024-00052,PRJ-2024-00052,PRJ-2024-00052,1
PAIR-000305,erp,document,PRJ-2024-00052,PRJ-2024-00052,PRJ-2024-00052,PRJ-2024-00052,1
PAIR-000306,partner,document,PRJ-2024-00052,PRJ-2024-00052,PRJ-2024-00052,PRJ-2024-00052,1
PAIR-000307,crm,erp,PRJ-2024-00053,PRJ-2024-00053,PRJ-2024-00053,PRJ-2024-00053,1
PAIR-000308,crm,partner,PRJ-2024-00053,PRJ-2024-00053,PRJ-2024-00053,PRJ-2024-00053,1
PAIR-000309,crm,document,PRJ-2024-00053,PRJ-2024-00053,PRJ-2024-00053,PRJ-2024-00053,1
PAIR-000310,erp,partner,PRJ-2024-00053,PRJ-2024-00053,PRJ-2024-00053,PRJ-2024-00053,1
PAIR-000311,erp,document,PRJ-2024-00053,PRJ-2024-00053,PRJ-2024-00053,PRJ-2024-00053,1
PAIR-000312,partner,document,PRJ-2024-00053,PRJ-2024-00053,PRJ-2024-00053,PRJ-2024-00053,1
PAIR-000313,crm,erp,PRJ-2024-00054,PRJ-2024-00054,PRJ-2024-00054,PRJ-2024-00054,1
PAIR-000314,crm,partner,PRJ-2024-00054,PRJ-2024-00054,PRJ-2024-00054,PRJ-2024-00054,1
PAIR-000315,crm,document,PRJ-2024-00054,PRJ-2024-00054,PRJ-2024-00054,PRJ-2024-00054,1
PAIR-000316,erp,partner,PRJ-2024-00054,PRJ-2024-00054,PRJ-2024-00054,PRJ-2024-00054,1
PAIR-000317,erp,document,PRJ-2024-00054,PRJ-2024-00054,PRJ-2024-00054,PRJ-2024-00054,1
PAIR-000318,partner,document,PRJ-2024-00054,PRJ-2024-00054,PRJ-2024-00054,PRJ-2024-00054,1
PAIR-000319,crm,erp,PRJ-2024-00055,PRJ-2024-00055,PRJ-2024-00055,PRJ-2024-00055,1
PAIR-000320,crm,partner,PRJ-2024-00055,PRJ-2024-00055,PRJ-2024-00055,PRJ-2024-00055,1
PAIR-000321,crm,document,PRJ-2024-00055,PRJ-2024-00055,PRJ-2024-00055,PRJ-2024-00055,1
PAIR-000322,erp,partner,PRJ-2024-00055,PRJ-2024-00055,PRJ-2024-00055,PRJ-2024-00055,1
PAIR-000323,erp,document,PRJ-2024-00055,PRJ-2024-00055,PRJ-2024-00055,PRJ-2024-00055,1
PAIR-000324,partner,document,PRJ-2024-00055,PRJ-2024-00055,PRJ-2024-00055,PRJ-2024-00055,1
PAIR-000325,crm,erp,PRJ-2024-00056,PRJ-2024-00056,PRJ-2024-00056,PRJ-2024-00056,1
PAIR-000326,crm,partner,PRJ-2024-00056,PRJ-2024-00056,PRJ-2024-00056,PRJ-2024-00056,1
PAIR-000327,crm,document,PRJ-2024-00056,PRJ-2024-00056,PRJ-2024-00056,PRJ-2024-00056,1
PAIR-000328,erp,partner,PRJ-2024-00056,PRJ-2024-00056,PRJ-2024-00056,PRJ-2024-00056,1
PAIR-000329,erp,document,PRJ-2024-00056,PRJ-2024-00056,PRJ-2024-00056,PRJ-2024-00056,1
PAIR-000330,partner,document,PRJ-2024-00056,PRJ-2024-00056,PRJ-2024-00056,PRJ-2024-00056,1
PAIR-000331,crm,erp,PRJ-2024-00057,PRJ-2024-00057,PRJ-2024-00057,PRJ-2024-00057,1
PAIR-000332,crm,partner,PRJ-2024-00057,PRJ-2024-00057,PRJ-2024-00057,PRJ-2024-00057,1
PAIR-000333,crm,document,PRJ-2024-00057,PRJ-2024-00057,PRJ-2024-00057,PRJ-2024-00057,1
PAIR-000334,erp,partner,PRJ-2024-00057,PRJ-2024-00057,PRJ-2024-00057,PRJ-2024-00057,1
PAIR-000335,erp,document,PRJ-2024-00057,PRJ-2024-00057,PRJ-2024-00057,PRJ-2024-00057,1
PAIR-000336,partner,document,PRJ-2024-00057,PRJ-2024-00057,PRJ-2024-00057,PRJ-2024-00057,1
PAIR-000337,crm,erp,PRJ-2024-00058,PRJ-2024-00058,PRJ-2024-00058,PRJ-2024-00058,1
PAIR-000338,crm,partner,PRJ-2024-00058,PRJ-2024-00058,PRJ-2024-00058,PRJ-2024-00058,1
PAIR-000339,crm,document,PRJ-2024-00058,PRJ-2024-00058,PRJ-2024-00058,PRJ-2024-00058,1
PAIR-000340,erp,partner,PRJ-2024-00058,PRJ-2024-00058,PRJ-2024-00058,PRJ-2024-00058,1
PAIR-000341,erp,document,PRJ-2024-00058,PRJ-2024-00058,PRJ-2024-00058,PRJ-2024-00058,1
PAIR-000342,partner,document,PRJ-2024-00058,PRJ-2024-00058,PRJ-2024-00058,PRJ-2024-00058,1
PAIR-000343,crm,erp,PRJ-2024-00059,PRJ-2024-00059,PRJ-2024-00059,PRJ-2024-00059,1
PAIR-000344,crm,partner,PRJ-2024-00059,PRJ-2024-00059,PRJ-2024-00059,PRJ-2024-00059,1
PAIR-000345,crm,document,PRJ-2024-00059,PRJ-2024-00059,PRJ-2024-00059,PRJ-2024-00059,1
PAIR-000346,erp,partner,PRJ-2024-00059,PRJ-2024-00059,PRJ-2024-00059,PRJ-2024-00059,1
PAIR-000347,erp,document,PRJ-2024-00059,PRJ-2024-00059,PRJ-2024-00059,PRJ-2024-00059,1
PAIR-000348,partner,document,PRJ-2024-00059,PRJ-2024-00059,PRJ-2024-00059,PRJ-2024-00059,1
PAIR-000349,crm,erp,PRJ-2024-00060,PRJ-2024-00060,PRJ-2024-00060,PRJ-2024-00060,1
PAIR-000350,crm,partner,PRJ-2024-00060,PRJ-2024-00060,PRJ-2024-00060,PRJ-2024-00060,1
PAIR-000351,crm,document,PRJ-2024-00060,PRJ-2024-00060,PRJ-2024-00060,PRJ-2024-00060,1
PAIR-000352,erp,partner,PRJ-2024-00060,PRJ-2024-00060,PRJ-2024-00060,PRJ-2024-00060,1
PAIR-000353,erp,document,PRJ-2024-00060,PRJ-2024-00060,PRJ-2024-00060,PRJ-2024-00060,1
PAIR-000354,partner,document,PRJ-2024-00060,PRJ-2024-00060,PRJ-2024-00060,PRJ-2024-00060,1
PAIR-000355,crm,erp,PRJ-2024-00061,PRJ-2024-00061,PRJ-2024-00061,PRJ-2024-00061,1
PAIR-000356,crm,partner,PRJ-2024-00061,PRJ-2024-00061,PRJ-2024-00061,PRJ-2024-00061,1
PAIR-000357,crm,document,PRJ-2024-00061,PRJ-2024-00061,PRJ-2024-00061,PRJ-2024-00061,1
PAIR-000358,erp,partner,PRJ-2024-00061,PRJ-2024-00061,PRJ-2024-00061,PRJ-2024-00061,1
PAIR-000359,erp,document,PRJ-2024-00061,PRJ-2024-00061,PRJ-2024-00061,PRJ-2024-00061,1
PAIR-000360,partner,document,PRJ-2024-00061,PRJ-2024-00061,PRJ-2024-00061,PRJ-2024-00061,1
PAIR-000361,crm,erp,PRJ-2024-00062,PRJ-2024-00062,PRJ-2024-00062,PRJ-2024-00062,1
PAIR-000362,crm,partner,PRJ-2024-00062,PRJ-2024-00062,PRJ-2024-00062,PRJ-2024-00062,1
PAIR-000363,crm,document,PRJ-2024-00062,PRJ-2024-00062,PRJ-2024-00062,PRJ-2024-00062,1
PAIR-000364,erp,partner,PRJ-2024-00062,PRJ-2024-00062,PRJ-2024-00062,PRJ-2024-00062,1
PAIR-000365,erp,document,PRJ-2024-00062,PRJ-2024-00062,PRJ-2024-00062,PRJ-2024-00062,1
PAIR-000366,partner,document,PRJ-2024-00062,PRJ-2024-00062,PRJ-2024-00062,PRJ-2024-00062,1
PAIR-000367,crm,erp,PRJ-2024-00063,PRJ-2024-00063,PRJ-2024-00063,PRJ-2024-00063,1
PAIR-000368,crm,partner,PRJ-2024-00063,PRJ-2024-00063,PRJ-2024-00063,PRJ-2024-00063,1
PAIR-000369,crm,document,PRJ-2024-00063,PRJ-2024-00063,PRJ-2024-00063,PRJ-2024-00063,1
PAIR-000370,erp,partner,PRJ-2024-00063,PRJ-2024-00063,PRJ-2024-00063,PRJ-2024-00063,1
PAIR-000371,erp,document,PRJ-2024-00063,PRJ-2024-00063,PRJ-2024-00063,PRJ-2024-00063,1
PAIR-000372,partner,document,PRJ-2024-00063,PRJ-2024-00063,PRJ-2024-00063,PRJ-2024-00063,1
PAIR-000373,crm,erp,PRJ-2024-00064,PRJ-2024-00064,PRJ-2024-00064,PRJ-2024-00064,1
PAIR-000374,crm,partner,PRJ-2024-00064,PRJ-2024-00064,PRJ-2024-00064,PRJ-2024-00064,1
PAIR-000375,crm,document,PRJ-2024-00064,PRJ-2024-00064,PRJ-2024-00064,PRJ-2024-00064,1
PAIR-000376,erp,partner,PRJ-2024-00064,PRJ-2024-00064,PRJ-2024-00064,PRJ-2024-00064,1
PAIR-000377,erp,document,PRJ-2024-00064,PRJ-2024-00064,PRJ-2024-00064,PRJ-2024-00064,1
PAIR-000378,partner,document,PRJ-2024-00064,PRJ-2024-00064,PRJ-2024-00064,PRJ-2024-00064,1
PAIR-000379,crm,erp,PRJ-2024-00065,PRJ-2024-00065,PRJ-2024-00065,PRJ-2024-00065,1
PAIR-000380,crm,partner,PRJ-2024-00065,PRJ-2024-00065,PRJ-2024-00065,PRJ-2024-00065,1
PAIR-000381,crm,document,PRJ-2024-00065,PRJ-2024-00065,PRJ-2024-00065,PRJ-2024-00065,1
PAIR-000382,erp,partner,PRJ-2024-00065,PRJ-2024-00065,PRJ-2024-00065,PRJ-2024-00065,1
PAIR-000383,erp,document,PRJ-2024-00065,PRJ-2024-00065,PRJ-2024-00065,PRJ-2024-00065,1
PAIR-000384,partner,document,PRJ-2024-00065,PRJ-2024-00065,PRJ-2024-00065,PRJ-2024-00065,1
PAIR-000385,crm,erp,PRJ-2024-00066,PRJ-2024-00066,PRJ-2024-00066,PRJ-2024-00066,1
PAIR-000386,crm,partner,PRJ-2024-00066,PRJ-2024-00066,PRJ-2024-00066,PRJ-2024-00066,1
PAIR-000387,crm,document,PRJ-2024-00066,PRJ-2024-00066,PRJ-2024-00066,PRJ-2024-00066,1
PAIR-000388,erp,partner,PRJ-2024-00066,PRJ-2024-00066,PRJ-2024-00066,PRJ-2024-00066,1
PAIR-000389,erp,document,PRJ-2024-00066,PRJ-2024-00066,PRJ-2024-00066,PRJ-2024-00066,1
PAIR-000390,partner,document,PRJ-2024-00066,PRJ-2024-00066,PRJ-2024-00066,PRJ-2024-00066,1
PAIR-000391,crm,erp,PRJ-2024-00067,PRJ-2024-00067,PRJ-2024-00067,PRJ-2024-00067,1
PAIR-000392,crm,partner,PRJ-2024-00067,PRJ-2024-00067,PRJ-2024-00067,PRJ-2024-00067,1
PAIR-000393,crm,document,PRJ-2024-00067,PRJ-2024-00067,PRJ-2024-00067,PRJ-2024-00067,1
PAIR-000394,erp,partner,PRJ-2024-00067,PRJ-2024-00067,PRJ-2024-00067,PRJ-2024-00067,1
PAIR-000395,erp,document,PRJ-2024-00067,PRJ-2024-00067,PRJ-2024-00067,PRJ-2024-00067,1
PAIR-000396,partner,document,PRJ-2024-00067,PRJ-2024-00067,PRJ-2024-00067,PRJ-2024-00067,1
PAIR-000397,crm,erp,PRJ-2024-00068,PRJ-2024-00068,PRJ-2024-00068,PRJ-2024-00068,1
PAIR-000398,crm,partner,PRJ-2024-00068,PRJ-2024-00068,PRJ-2024-00068,PRJ-2024-00068,1
PAIR-000399,crm,document,PRJ-2024-00068,PRJ-2024-00068,PRJ-2024-00068,PRJ-2024-00068,1
PAIR-000400,erp,partner,PRJ-2024-00068,PRJ-2024-00068,PRJ-2024-00068,PRJ-2024-00068,1
PAIR-000401,erp,document,PRJ-2024-00068,PRJ-2024-00068,PRJ-2024-00068,PRJ-2024-00068,1
PAIR-000402,partner,document,PRJ-2024-00068,PRJ-2024-00068,PRJ-2024-00068,PRJ-2024-00068,1
PAIR-000403,crm,erp,PRJ-2024-00069,PRJ-2024-00069,PRJ-2024-00069,PRJ-2024-00069,1
PAIR-000404,crm,partner,PRJ-2024-00069,PRJ-2024-00069,PRJ-2024-00069,PRJ-2024-00069,1
PAIR-000405,crm,document,PRJ-2024-00069,PRJ-2024-00069,PRJ-2024-00069,PRJ-2024-00069,1
PAIR-000406,erp,partner,PRJ-2024-00069,PRJ-2024-00069,PRJ-2024-00069,PRJ-2024-00069,1
PAIR-000407,erp,document,PRJ-2024-00069,PRJ-2024-00069,PRJ-2024-00069,PRJ-2024-00069,1
PAIR-000408,partner,document,PRJ-2024-00069,PRJ-2024-00069,PRJ-2024-00069,PRJ-2024-00069,1
PAIR-000409,crm,erp,PRJ-2024-00070,PRJ-2024-00070,PRJ-2024-00070,PRJ-2024-00070,1
PAIR-000410,crm,partner,PRJ-2024-00070,PRJ-2024-00070,PRJ-2024-00070,PRJ-2024-00070,1
PAIR-000411,crm,document,PRJ-2024-00070,PRJ-2024-00070,PRJ-2024-00070,PRJ-2024-00070,1
PAIR-000412,erp,partner,PRJ-2024-00070,PRJ-2024-00070,PRJ-2024-00070,PRJ-2024-00070,1
PAIR-000413,erp,document,PRJ-2024-00070,PRJ-2024-00070,PRJ-2024-00070,PRJ-2024-00070,1
PAIR-000414,partner,document,PRJ-2024-00070,PRJ-2024-00070,PRJ-2024-00070,PRJ-2024-00070,1
PAIR-000415,crm,erp,PRJ-2024-00071,PRJ-2024-00071,PRJ-2024-00071,PRJ-2024-00071,1
PAIR-000416,crm,partner,PRJ-2024-00071,PRJ-2024-00071,PRJ-2024-00071,PRJ-2024-00071,1
PAIR-000417,crm,document,PRJ-2024-00071,PRJ-2024-00071,PRJ-2024-00071,PRJ-2024-00071,1
PAIR-000418,erp,partner,PRJ-2024-00071,PRJ-2024-00071,PRJ-2024-00071,PRJ-2024-00071,1
PAIR-000419,erp,document,PRJ-2024-00071,PRJ-2024-00071,PRJ-2024-00071,PRJ-2024-00071,1
PAIR-000420,partner,document,PRJ-2024-00071,PRJ-2024-00071,PRJ-2024-00071,PRJ-2024-00071,1
PAIR-000421,crm,erp,PRJ-2024-00072,PRJ-2024-00072,PRJ-2024-00072,PRJ-2024-00072,1
PAIR-000422,crm,partner,PRJ-2024-00072,PRJ-2024-00072,PRJ-2024-00072,PRJ-2024-00072,1
PAIR-000423,crm,document,PRJ-2024-00072,PRJ-2024-00072,PRJ-2024-00072,PRJ-2024-00072,1
PAIR-000424,erp,partner,PRJ-2024-00072,PRJ-2024-00072,PRJ-2024-00072,PRJ-2024-00072,1
PAIR-000425,erp,document,PRJ-2024-00072,PRJ-2024-00072,PRJ-2024-00072,PRJ-2024-00072,1
PAIR-000426,partner,document,PRJ-2024-00072,PRJ-2024-00072,PRJ-2024-00072,PRJ-2024-00072,1
PAIR-000427,crm,erp,PRJ-2024-00073,PRJ-2024-00073,PRJ-2024-00073,PRJ-2024-00073,1
PAIR-000428,crm,partner,PRJ-2024-00073,PRJ-2024-00073,PRJ-2024-00073,PRJ-2024-00073,1
PAIR-000429,crm,document,PRJ-2024-00073,PRJ-2024-00073,PRJ-2024-00073,PRJ-2024-00073,1
PAIR-000430,erp,partner,PRJ-2024-00073,PRJ-2024-00073,PRJ-2024-00073,PRJ-2024-00073,1
PAIR-000431,erp,document,PRJ-2024-00073,PRJ-2024-00073,PRJ-2024-00073,PRJ-2024-00073,1
PAIR-000432,partner,document,PRJ-2024-00073,PRJ-2024-00073,PRJ-2024-00073,PRJ-2024-00073,1
PAIR-000433,crm,erp,PRJ-2024-00074,PRJ-2024-00074,PRJ-2024-00074,PRJ-2024-00074,1
PAIR-000434,crm,partner,PRJ-2024-00074,PRJ-2024-00074,PRJ-2024-00074,PRJ-2024-00074,1
PAIR-000435,crm,document,PRJ-2024-00074,PRJ-2024-00074,PRJ-2024-00074,PRJ-2024-00074,1
PAIR-000436,erp,partner,PRJ-2024-00074,PRJ-2024-00074,PRJ-2024-00074,PRJ-2024-00074,1
PAIR-000437,erp,document,PRJ-2024-00074,PRJ-2024-00074,PRJ-2024-00074,PRJ-2024-00074,1
PAIR-000438,partner,document,PRJ-2024-00074,PRJ-2024-00074,PRJ-2024-00074,PRJ-2024-00074,1
PAIR-000439,crm,erp,PRJ-2024-00075,PRJ-2024-00075,PRJ-2024-00075,PRJ-2024-00075,1
PAIR-000440,crm,partner,PRJ-2024-00075,PRJ-2024-00075,PRJ-2024-00075,PRJ-2024-00075,1
PAIR-000441,crm,document,PRJ-2024-00075,PRJ-2024-00075,PRJ-2024-00075,PRJ-2024-00075,1
PAIR-000442,erp,partner,PRJ-2024-00075,PRJ-2024-00075,PRJ-2024-00075,PRJ-2024-00075,1
PAIR-000443,erp,document,PRJ-2024-00075,PRJ-2024-00075,PRJ-2024-00075,PRJ-2024-00075,1
PAIR-000444,partner,document,PRJ-2024-00075,PRJ-2024-00075,PRJ-2024-00075,PRJ-2024-00075,1
PAIR-000445,crm,erp,PRJ-2024-00076,PRJ-2024-00076,PRJ-2024-00076,PRJ-2024-00076,1
PAIR-000446,crm,partner,PRJ-2024-00076,PRJ-2024-00076,PRJ-2024-00076,PRJ-2024-00076,1
PAIR-000447,crm,document,PRJ-2024-00076,PRJ-2024-00076,PRJ-2024-00076,PRJ-2024-00076,1
PAIR-000448,erp,partner,PRJ-2024-00076,PRJ-2024-00076,PRJ-2024-00076,PRJ-2024-00076,1
PAIR-000449,erp,document,PRJ-2024-00076,PRJ-2024-00076,PRJ-2024-00076,PRJ-2024-00076,1
PAIR-000450,partner,document,PRJ-2024-00076,PRJ-2024-00076,PRJ-2024-00076,PRJ-2024-00076,1
PAIR-000451,crm,erp,PRJ-2024-00077,PRJ-2024-00077,PRJ-2024-00077,PRJ-2024-00077,1
PAIR-000452,crm,partner,PRJ-2024-00077,PRJ-2024-00077,PRJ-2024-00077,PRJ-2024-00077,1
PAIR-000453,crm,document,PRJ-2024-00077,PRJ-2024-00077,PRJ-2024-00077,PRJ-2024-00077,1
PAIR-000454,erp,partner,PRJ-2024-00077,PRJ-2024-00077,PRJ-2024-00077,PRJ-2024-00077,1
PAIR-000455,erp,document,PRJ-2024-00077,PRJ-2024-00077,PRJ-2024-00077,PRJ-2024-00077,1
PAIR-000456,partner,document,PRJ-2024-00077,PRJ-2024-00077,PRJ-2024-00077,PRJ-2024-00077,1
PAIR-000457,crm,erp,PRJ-2024-00078,PRJ-2024-00078,PRJ-2024-00078,PRJ-2024-00078,1
PAIR-000458,crm,partner,PRJ-2024-00078,PRJ-2024-00078,PRJ-2024-00078,PRJ-2024-00078,1
PAIR-000459,crm,document,PRJ-2024-00078,PRJ-2024-00078,PRJ-2024-00078,PRJ-2024-00078,1
PAIR-000460,erp,partner,PRJ-2024-00078,PRJ-2024-00078,PRJ-2024-00078,PRJ-2024-00078,1
PAIR-000461,erp,document,PRJ-2024-00078,PRJ-2024-00078,PRJ-2024-00078,PRJ-2024-00078,1
PAIR-000462,partner,document,PRJ-2024-00078,PRJ-2024-00078,PRJ-2024-00078,PRJ-2024-00078,1
PAIR-000463,crm,erp,PRJ-2024-00079,PRJ-2024-00079,PRJ-2024-00079,PRJ-2024-00079,1
PAIR-000464,crm,partner,PRJ-2024-00079,PRJ-2024-00079,PRJ-2024-00079,PRJ-2024-00079,1
PAIR-000465,crm,document,PRJ-2024-00079,PRJ-2024-00079,PRJ-2024-00079,PRJ-2024-00079,1
PAIR-000466,erp,partner,PRJ-2024-00079,PRJ-2024-00079,PRJ-2024-00079,PRJ-2024-00079,1
PAIR-000467,erp,document,PRJ-2024-00079,PRJ-2024-00079,PRJ-2024-00079,PRJ-2024-00079,1
PAIR-000468,partner,document,PRJ-2024-00079,PRJ-2024-00079,PRJ-2024-00079,PRJ-2024-00079,1
PAIR-000469,crm,erp,PRJ-2024-00080,PRJ-2024-00080,PRJ-2024-00080,PRJ-2024-00080,1
PAIR-000470,crm,partner,PRJ-2024-00080,PRJ-2024-00080,PRJ-2024-00080,PRJ-2024-00080,1
PAIR-000471,crm,document,PRJ-2024-00080,PRJ-2024-00080,PRJ-2024-00080,PRJ-2024-00080,1
PAIR-000472,erp,partner,PRJ-2024-00080,PRJ-2024-00080,PRJ-2024-00080,PRJ-2024-00080,1
PAIR-000473,erp,document,PRJ-2024-00080,PRJ-2024-00080,PRJ-2024-00080,PRJ-2024-00080,1
PAIR-000474,partner,document,PRJ-2024-00080,PRJ-2024-00080,PRJ-2024-00080,PRJ-2024-00080,1
PAIR-000475,crm,erp,PRJ-2024-00081,PRJ-2024-00081,PRJ-2024-00081,PRJ-2024-00081,1
PAIR-000476,crm,partner,PRJ-2024-00081,PRJ-2024-00081,PRJ-2024-00081,PRJ-2024-00081,1
PAIR-000477,crm,document,PRJ-2024-00081,PRJ-2024-00081,PRJ-2024-00081,PRJ-2024-00081,1
PAIR-000478,erp,partner,PRJ-2024-00081,PRJ-2024-00081,PRJ-2024-00081,PRJ-2024-00081,1
PAIR-000479,erp,document,PRJ-2024-00081,PRJ-2024-00081,PRJ-2024-00081,PRJ-2024-00081,1
PAIR-000480,partner,document,PRJ-2024-00081,PRJ-2024-00081,PRJ-2024-00081,PRJ-2024-00081,1
PAIR-000481,crm,erp,PRJ-2024-00082,PRJ-2024-00082,PRJ-2024-00082,PRJ-2024-00082,1
PAIR-000482,crm,partner,PRJ-2024-00082,PRJ-2024-00082,PRJ-2024-00082,PRJ-2024-00082,1
PAIR-000483,crm,document,PRJ-2024-00082,PRJ-2024-00082,PRJ-2024-00082,PRJ-2024-00082,1
PAIR-000484,erp,partner,PRJ-2024-00082,PRJ-2024-00082,PRJ-2024-00082,PRJ-2024-00082,1
PAIR-000485,erp,document,PRJ-2024-00082,PRJ-2024-00082,PRJ-2024-00082,PRJ-2024-00082,1
PAIR-000486,partner,document,PRJ-2024-00082,PRJ-2024-00082,PRJ-2024-00082,PRJ-2024-00082,1
PAIR-000487,crm,erp,PRJ-2024-00083,PRJ-2024-00083,PRJ-2024-00083,PRJ-2024-00083,1
PAIR-000488,crm,partner,PRJ-2024-00083,PRJ-2024-00083,PRJ-2024-00083,PRJ-2024-00083,1
PAIR-000489,crm,document,PRJ-2024-00083,PRJ-2024-00083,PRJ-2024-00083,PRJ-2024-00083,1
PAIR-000490,erp,partner,PRJ-2024-00083,PRJ-2024-00083,PRJ-2024-00083,PRJ-2024-00083,1
PAIR-000491,erp,document,PRJ-2024-00083,PRJ-2024-00083,PRJ-2024-00083,PRJ-2024-00083,1
PAIR-000492,partner,document,PRJ-2024-00083,PRJ-2024-00083,PRJ-2024-00083,PRJ-2024-00083,1
PAIR-000493,crm,erp,PRJ-2024-00084,PRJ-2024-00084,PRJ-2024-00084,PRJ-2024-00084,1
PAIR-000494,crm,partner,PRJ-2024-00084,PRJ-2024-00084,PRJ-2024-00084,PRJ-2024-00084,1
PAIR-000495,crm,document,PRJ-2024-00084,PRJ-2024-00084,PRJ-2024-00084,PRJ-2024-00084,1
PAIR-000496,erp,partner,PRJ-2024-00084,PRJ-2024-00084,PRJ-2024-00084,PRJ-2024-00084,1
PAIR-000497,erp,document,PRJ-2024-00084,PRJ-2024-00084,PRJ-2024-00084,PRJ-2024-00084,1
PAIR-000498,partner,document,PRJ-2024-00084,PRJ-2024-00084,PRJ-2024-00084,PRJ-2024-00084,1
PAIR-000499,crm,erp,PRJ-2024-00085,PRJ-2024-00085,PRJ-2024-00085,PRJ-2024-00085,1
PAIR-000500,crm,partner,PRJ-2024-00085,PRJ-2024-00085,PRJ-2024-00085,PRJ-2024-00085,1
PAIR-000501,crm,document,PRJ-2024-00085,PRJ-2024-00085,PRJ-2024-00085,PRJ-2024-00085,1
PAIR-000502,erp,partner,PRJ-2024-00085,PRJ-2024-00085,PRJ-2024-00085,PRJ-2024-00085,1
PAIR-000503,erp,document,PRJ-2024-00085,PRJ-2024-00085,PRJ-2024-00085,PRJ-2024-00085,1
PAIR-000504,partner,document,PRJ-2024-00085,PRJ-2024-00085,PRJ-2024-00085,PRJ-2024-00085,1
PAIR-000505,crm,partner,PRJ-2024-00086,PRJ-2024-00086,PRJ-2024-00086,PRJ-2024-00086,1
PAIR-000506,crm,document,PRJ-2024-00086,PRJ-2024-00086,PRJ-2024-00086,PRJ-2024-00086,1
PAIR-000507,partner,document,PRJ-2024-00086,PRJ-2024-00086,PRJ-2024-00086,PRJ-2024-00086,1
PAIR-000508,crm,erp,PRJ-2024-00087,PRJ-2024-00087,PRJ-2024-00087,PRJ-2024-00087,1
PAIR-000509,crm,partner,PRJ-2024-00087,PRJ-2024-00087,PRJ-2024-00087,PRJ-2024-00087,1
PAIR-000510,crm,document,PRJ-2024-00087,PRJ-2024-00087,PRJ-2024-00087,PRJ-2024-00087,1
PAIR-000511,erp,partner,PRJ-2024-00087,PRJ-2024-00087,PRJ-2024-00087,PRJ-2024-00087,1
PAIR-000512,erp,document,PRJ-2024-00087,PRJ-2024-00087,PRJ-2024-00087,PRJ-2024-00087,1
PAIR-000513,partner,document,PRJ-2024-00087,PRJ-2024-00087,PRJ-2024-00087,PRJ-2024-00087,1
PAIR-000514,crm,erp,PRJ-2024-00088,PRJ-2024-00088,PRJ-2024-00088,PRJ-2024-00088,1
PAIR-000515,crm,partner,PRJ-2024-00088,PRJ-2024-00088,PRJ-2024-00088,PRJ-2024-00088,1
PAIR-000516,crm,document,PRJ-2024-00088,PRJ-2024-00088,PRJ-2024-00088,PRJ-2024-00088,1
PAIR-000517,erp,partner,PRJ-2024-00088,PRJ-2024-00088,PRJ-2024-00088,PRJ-2024-00088,1
PAIR-000518,erp,document,PRJ-2024-00088,PRJ-2024-00088,PRJ-2024-00088,PRJ-2024-00088,1
PAIR-000519,partner,document,PRJ-2024-00088,PRJ-2024-00088,PRJ-2024-00088,PRJ-2024-00088,1
PAIR-000520,crm,erp,PRJ-2024-00089,PRJ-2024-00089,PRJ-2024-00089,PRJ-2024-00089,1
PAIR-000521,crm,partner,PRJ-2024-00089,PRJ-2024-00089,PRJ-2024-00089,PRJ-2024-00089,1
PAIR-000522,crm,document,PRJ-2024-00089,PRJ-2024-00089,PRJ-2024-00089,PRJ-2024-00089,1
PAIR-000523,erp,partner,PRJ-2024-00089,PRJ-2024-00089,PRJ-2024-00089,PRJ-2024-00089,1
PAIR-000524,erp,document,PRJ-2024-00089,PRJ-2024-00089,PRJ-2024-00089,PRJ-2024-00089,1
PAIR-000525,partner,document,PRJ-2024-00089,PRJ-2024-00089,PRJ-2024-00089,PRJ-2024-00089,1
PAIR-000526,crm,erp,PRJ-2024-00090,PRJ-2024-00090,PRJ-2024-00090,PRJ-2024-00090,1
PAIR-000527,crm,partner,PRJ-2024-00090,PRJ-2024-00090,PRJ-2024-00090,PRJ-2024-00090,1
PAIR-000528,crm,document,PRJ-2024-00090,PRJ-2024-00090,PRJ-2024-00090,PRJ-2024-00090,1
PAIR-000529,erp,partner,PRJ-2024-00090,PRJ-2024-00090,PRJ-2024-00090,PRJ-2024-00090,1
PAIR-000530,erp,document,PRJ-2024-00090,PRJ-2024-00090,PRJ-2024-00090,PRJ-2024-00090,1
PAIR-000531,partner,document,PRJ-2024-00090,PRJ-2024-00090,PRJ-2024-00090,PRJ-2024-00090,1
PAIR-000532,crm,erp,PRJ-2024-00091,PRJ-2024-00091,PRJ-2024-00091,PRJ-2024-00091,1
PAIR-000533,crm,partner,PRJ-2024-00091,PRJ-2024-00091,PRJ-2024-00091,PRJ-2024-00091,1
PAIR-000534,crm,document,PRJ-2024-00091,PRJ-2024-00091,PRJ-2024-00091,PRJ-2024-00091,1
PAIR-000535,erp,partner,PRJ-2024-00091,PRJ-2024-00091,PRJ-2024-00091,PRJ-2024-00091,1
PAIR-000536,erp,document,PRJ-2024-00091,PRJ-2024-00091,PRJ-2024-00091,PRJ-2024-00091,1
PAIR-000537,partner,document,PRJ-2024-00091,PRJ-2024-00091,PRJ-2024-00091,PRJ-2024-00091,1
PAIR-000538,crm,erp,PRJ-2024-00092,PRJ-2024-00092,PRJ-2024-00092,PRJ-2024-00092,1
PAIR-000539,crm,partner,PRJ-2024-00092,PRJ-2024-00092,PRJ-2024-00092,PRJ-2024-00092,1
PAIR-000540,crm,document,PRJ-2024-00092,PRJ-2024-00092,PRJ-2024-00092,PRJ-2024-00092,1
PAIR-000541,erp,partner,PRJ-2024-00092,PRJ-2024-00092,PRJ-2024-00092,PRJ-2024-00092,1
PAIR-000542,erp,document,PRJ-2024-00092,PRJ-2024-00092,PRJ-2024-00092,PRJ-2024-00092,1
PAIR-000543,partner,document,PRJ-2024-00092,PRJ-2024-00092,PRJ-2024-00092,PRJ-2024-00092,1
PAIR-000544,crm,erp,PRJ-2024-00093,PRJ-2024-00093,PRJ-2024-00093,PRJ-2024-00093,1
PAIR-000545,crm,partner,PRJ-2024-00093,PRJ-2024-00093,PRJ-2024-00093,PRJ-2024-00093,1
PAIR-000546,crm,document,PRJ-2024-00093,PRJ-2024-00093,PRJ-2024-00093,PRJ-2024-00093,1
PAIR-000547,erp,partner,PRJ-2024-00093,PRJ-2024-00093,PRJ-2024-00093,PRJ-2024-00093,1
PAIR-000548,erp,document,PRJ-2024-00093,PRJ-2024-00093,PRJ-2024-00093,PRJ-2024-00093,1
PAIR-000549,partner,document,PRJ-2024-00093,PRJ-2024-00093,PRJ-2024-00093,PRJ-2024-00093,1
PAIR-000550,crm,erp,PRJ-2024-00094,PRJ-2024-00094,PRJ-2024-00094,PRJ-2024-00094,1
PAIR-000551,crm,partner,PRJ-2024-00094,PRJ-2024-00094,PRJ-2024-00094,PRJ-2024-00094,1
PAIR-000552,crm,document,PRJ-2024-00094,PRJ-2024-00094,PRJ-2024-00094,PRJ-2024-00094,1
PAIR-000553,erp,partner,PRJ-2024-00094,PRJ-2024-00094,PRJ-2024-00094,PRJ-2024-00094,1
PAIR-000554,erp,document,PRJ-2024-00094,PRJ-2024-00094,PRJ-2024-00094,PRJ-2024-00094,1
PAIR-000555,partner,document,PRJ-2024-00094,PRJ-2024-00094,PRJ-2024-00094,PRJ-2024-00094,1
PAIR-000556,crm,erp,PRJ-2024-00095,PRJ-2024-00095,PRJ-2024-00095,PRJ-2024-00095,1
PAIR-000557,crm,partner,PRJ-2024-00095,PRJ-2024-00095,PRJ-2024-00095,PRJ-2024-00095,1
PAIR-000558,crm,document,PRJ-2024-00095,PRJ-2024-00095,PRJ-2024-00095,PRJ-2024-00095,1
PAIR-000559,erp,partner,PRJ-2024-00095,PRJ-2024-00095,PRJ-2024-00095,PRJ-2024-00095,1
PAIR-000560,erp,document,PRJ-2024-00095,PRJ-2024-00095,PRJ-2024-00095,PRJ-2024-00095,1
PAIR-000561,partner,document,PRJ-2024-00095,PRJ-2024-00095,PRJ-2024-00095,PRJ-2024-00095,1
PAIR-000562,crm,erp,PRJ-2024-00096,PRJ-2024-00096,PRJ-2024-00096,PRJ-2024-00096,1
PAIR-000563,crm,partner,PRJ-2024-00096,PRJ-2024-00096,PRJ-2024-00096,PRJ-2024-00096,1
PAIR-000564,crm,document,PRJ-2024-00096,PRJ-2024-00096,PRJ-2024-00096,PRJ-2024-00096,1
PAIR-000565,erp,partner,PRJ-2024-00096,PRJ-2024-00096,PRJ-2024-00096,PRJ-2024-00096,1
PAIR-000566,erp,document,PRJ-2024-00096,PRJ-2024-00096,PRJ-2024-00096,PRJ-2024-00096,1
PAIR-000567,partner,document,PRJ-2024-00096,PRJ-2024-00096,PRJ-2024-00096,PRJ-2024-00096,1
PAIR-000568,crm,erp,PRJ-2024-00097,PRJ-2024-00097,PRJ-2024-00097,PRJ-2024-00097,1
PAIR-000569,crm,partner,PRJ-2024-00097,PRJ-2024-00097,PRJ-2024-00097,PRJ-2024-00097,1
PAIR-000570,crm,document,PRJ-2024-00097,PRJ-2024-00097,PRJ-2024-00097,PRJ-2024-00097,1
PAIR-000571,erp,partner,PRJ-2024-00097,PRJ-2024-00097,PRJ-2024-00097,PRJ-2024-00097,1
PAIR-000572,erp,document,PRJ-2024-00097,PRJ-2024-00097,PRJ-2024-00097,PRJ-2024-00097,1
PAIR-000573,partner,document,PRJ-2024-00097,PRJ-2024-00097,PRJ-2024-00097,PRJ-2024-00097,1
PAIR-000574,crm,erp,PRJ-2024-00098,PRJ-2024-00098,PRJ-2024-00098,PRJ-2024-00098,1
PAIR-000575,crm,partner,PRJ-2024-00098,PRJ-2024-00098,PRJ-2024-00098,PRJ-2024-00098,1
PAIR-000576,crm,document,PRJ-2024-00098,PRJ-2024-00098,PRJ-2024-00098,PRJ-2024-00098,1
PAIR-000577,erp,partner,PRJ-2024-00098,PRJ-2024-00098,PRJ-2024-00098,PRJ-2024-00098,1
PAIR-000578,erp,document,PRJ-2024-00098,PRJ-2024-00098,PRJ-2024-00098,PRJ-2024-00098,1
PAIR-000579,partner,document,PRJ-2024-00098,PRJ-2024-00098,PRJ-2024-00098,PRJ-2024-00098,1
PAIR-000580,crm,erp,PRJ-2024-00099,PRJ-2024-00099,PRJ-2024-00099,PRJ-2024-00099,1
PAIR-000581,crm,partner,PRJ-2024-00099,PRJ-2024-00099,PRJ-2024-00099,PRJ-2024-00099,1
PAIR-000582,crm,document,PRJ-2024-00099,PRJ-2024-00099,PRJ-2024-00099,PRJ-2024-00099,1
PAIR-000583,erp,partner,PRJ-2024-00099,PRJ-2024-00099,PRJ-2024-00099,PRJ-2024-00099,1
PAIR-000584,erp,document,PRJ-2024-00099,PRJ-2024-00099,PRJ-2024-00099,PRJ-2024-00099,1
PAIR-000585,partner,document,PRJ-2024-00099,PRJ-2024-00099,PRJ-2024-00099,PRJ-2024-00099,1
PAIR-000586,crm,erp,PRJ-2024-00100,PRJ-2024-00100,PRJ-2024-00100,PRJ-2024-00100,1
PAIR-000587,crm,partner,PRJ-2024-00100,PRJ-2024-00100,PRJ-2024-00100,PRJ-2024-00100,1
PAIR-000588,crm,document,PRJ-2024-00100,PRJ-2024-00100,PRJ-2024-00100,PRJ-2024-00100,1
PAIR-000589,erp,partner,PRJ-2024-00100,PRJ-2024-00100,PRJ-2024-00100,PRJ-2024-00100,1
PAIR-000590,erp,document,PRJ-2024-00100,PRJ-2024-00100,PRJ-2024-00100,PRJ-2024-00100,1
PAIR-000591,partner,document,PRJ-2024-00100,PRJ-2024-00100,PRJ-2024-00100,PRJ-2024-00100,1
PAIR-000592,crm,erp,PRJ-2024-00101,PRJ-2024-00101,PRJ-2024-00101,PRJ-2024-00101,1
PAIR-000593,crm,partner,PRJ-2024-00101,PRJ-2024-00101,PRJ-2024-00101,PRJ-2024-00101,1
PAIR-000594,crm,document,PRJ-2024-00101,PRJ-2024-00101,PRJ-2024-00101,PRJ-2024-00101,1
PAIR-000595,erp,partner,PRJ-2024-00101,PRJ-2024-00101,PRJ-2024-00101,PRJ-2024-00101,1
PAIR-000596,erp,document,PRJ-2024-00101,PRJ-2024-00101,PRJ-2024-00101,PRJ-2024-00101,1
PAIR-000597,partner,document,PRJ-2024-00101,PRJ-2024-00101,PRJ-2024-00101,PRJ-2024-00101,1
PAIR-000598,crm,erp,PRJ-2024-00102,PRJ-2024-00102,PRJ-2024-00102,PRJ-2024-00102,1
PAIR-000599,crm,partner,PRJ-2024-00102,PRJ-2024-00102,PRJ-2024-00102,PRJ-2024-00102,1
PAIR-000600,crm,document,PRJ-2024-00102,PRJ-2024-00102,PRJ-2024-00102,PRJ-2024-00102,1
PAIR-000601,erp,partner,PRJ-2024-00102,PRJ-2024-00102,PRJ-2024-00102,PRJ-2024-00102,1
PAIR-000602,erp,document,PRJ-2024-00102,PRJ-2024-00102,PRJ-2024-00102,PRJ-2024-00102,1
PAIR-000603,partner,document,PRJ-2024-00102,PRJ-2024-00102,PRJ-2024-00102,PRJ-2024-00102,1
PAIR-000604,crm,erp,PRJ-2024-00103,PRJ-2024-00103,PRJ-2024-00103,PRJ-2024-00103,1
PAIR-000605,crm,partner,PRJ-2024-00103,PRJ-2024-00103,PRJ-2024-00103,PRJ-2024-00103,1
PAIR-000606,crm,document,PRJ-2024-00103,PRJ-2024-00103,PRJ-2024-00103,PRJ-2024-00103,1
PAIR-000607,erp,partner,PRJ-2024-00103,PRJ-2024-00103,PRJ-2024-00103,PRJ-2024-00103,1
PAIR-000608,erp,document,PRJ-2024-00103,PRJ-2024-00103,PRJ-2024-00103,PRJ-2024-00103,1
PAIR-000609,partner,document,PRJ-2024-00103,PRJ-2024-00103,PRJ-2024-00103,PRJ-2024-00103,1
PAIR-000610,crm,erp,PRJ-2024-00104,PRJ-2024-00104,PRJ-2024-00104,PRJ-2024-00104,1
PAIR-000611,crm,partner,PRJ-2024-00104,PRJ-2024-00104,PRJ-2024-00104,PRJ-2024-00104,1
PAIR-000612,crm,document,PRJ-2024-00104,PRJ-2024-00104,PRJ-2024-00104,PRJ-2024-00104,1
PAIR-000613,erp,partner,PRJ-2024-00104,PRJ-2024-00104,PRJ-2024-00104,PRJ-2024-00104,1
PAIR-000614,erp,document,PRJ-2024-00104,PRJ-2024-00104,PRJ-2024-00104,PRJ-2024-00104,1
PAIR-000615,partner,document,PRJ-2024-00104,PRJ-2024-00104,PRJ-2024-00104,PRJ-2024-00104,1
PAIR-000616,crm,erp,PRJ-2024-00105,PRJ-2024-00105,PRJ-2024-00105,PRJ-2024-00105,1
PAIR-000617,crm,partner,PRJ-2024-00105,PRJ-2024-00105,PRJ-2024-00105,PRJ-2024-00105,1
PAIR-000618,crm,document,PRJ-2024-00105,PRJ-2024-00105,PRJ-2024-00105,PRJ-2024-00105,1
PAIR-000619,erp,partner,PRJ-2024-00105,PRJ-2024-00105,PRJ-2024-00105,PRJ-2024-00105,1
PAIR-000620,erp,document,PRJ-2024-00105,PRJ-2024-00105,PRJ-2024-00105,PRJ-2024-00105,1
PAIR-000621,partner,document,PRJ-2024-00105,PRJ-2024-00105,PRJ-2024-00105,PRJ-2024-00105,1
PAIR-000622,crm,erp,PRJ-2024-00106,PRJ-2024-00106,PRJ-2024-00106,PRJ-2024-00106,1
PAIR-000623,crm,partner,PRJ-2024-00106,PRJ-2024-00106,PRJ-2024-00106,PRJ-2024-00106,1
PAIR-000624,crm,document,PRJ-2024-00106,PRJ-2024-00106,PRJ-2024-00106,PRJ-2024-00106,1
PAIR-000625,erp,partner,PRJ-2024-00106,PRJ-2024-00106,PRJ-2024-00106,PRJ-2024-00106,1
PAIR-000626,erp,document,PRJ-2024-00106,PRJ-2024-00106,PRJ-2024-00106,PRJ-2024-00106,1
PAIR-000627,partner,document,PRJ-2024-00106,PRJ-2024-00106,PRJ-2024-00106,PRJ-2024-00106,1
PAIR-000628,crm,erp,PRJ-2024-00107,PRJ-2024-00107,PRJ-2024-00107,PRJ-2024-00107,1
PAIR-000629,crm,partner,PRJ-2024-00107,PRJ-2024-00107,PRJ-2024-00107,PRJ-2024-00107,1
PAIR-000630,crm,document,PRJ-2024-00107,PRJ-2024-00107,PRJ-2024-00107,PRJ-2024-00107,1
PAIR-000631,erp,partner,PRJ-2024-00107,PRJ-2024-00107,PRJ-2024-00107,PRJ-2024-00107,1
PAIR-000632,erp,document,PRJ-2024-00107,PRJ-2024-00107,PRJ-2024-00107,PRJ-2024-00107,1
PAIR-000633,partner,document,PRJ-2024-00107,PRJ-2024-00107,PRJ-2024-00107,PRJ-2024-00107,1
PAIR-000634,crm,erp,PRJ-2024-00108,PRJ-2024-00108,PRJ-2024-00108,PRJ-2024-00108,1
PAIR-000635,crm,partner,PRJ-2024-00108,PRJ-2024-00108,PRJ-2024-00108,PRJ-2024-00108,1
PAIR-000636,crm,document,PRJ-2024-00108,PRJ-2024-00108,PRJ-2024-00108,PRJ-2024-00108,1
PAIR-000637,erp,partner,PRJ-2024-00108,PRJ-2024-00108,PRJ-2024-00108,PRJ-2024-00108,1
PAIR-000638,erp,document,PRJ-2024-00108,PRJ-2024-00108,PRJ-2024-00108,PRJ-2024-00108,1
PAIR-000639,partner,document,PRJ-2024-00108,PRJ-2024-00108,PRJ-2024-00108,PRJ-2024-00108,1
PAIR-000640,crm,erp,PRJ-2024-00109,PRJ-2024-00109,PRJ-2024-00109,PRJ-2024-00109,1
PAIR-000641,crm,partner,PRJ-2024-00109,PRJ-2024-00109,PRJ-2024-00109,PRJ-2024-00109,1
PAIR-000642,crm,document,PRJ-2024-00109,PRJ-2024-00109,PRJ-2024-00109,PRJ-2024-00109,1
PAIR-000643,erp,partner,PRJ-2024-00109,PRJ-2024-00109,PRJ-2024-00109,PRJ-2024-00109,1
PAIR-000644,erp,document,PRJ-2024-00109,PRJ-2024-00109,PRJ-2024-00109,PRJ-2024-00109,1
PAIR-000645,partner,document,PRJ-2024-00109,PRJ-2024-00109,PRJ-2024-00109,PRJ-2024-00109,1
PAIR-000646,crm,erp,PRJ-2024-00110,PRJ-2024-00110,PRJ-2024-00110,PRJ-2024-00110,1
PAIR-000647,crm,partner,PRJ-2024-00110,PRJ-2024-00110,PRJ-2024-00110,PRJ-2024-00110,1
PAIR-000648,crm,document,PRJ-2024-00110,PRJ-2024-00110,PRJ-2024-00110,PRJ-2024-00110,1
PAIR-000649,erp,partner,PRJ-2024-00110,PRJ-2024-00110,PRJ-2024-00110,PRJ-2024-00110,1
PAIR-000650,erp,document,PRJ-2024-00110,PRJ-2024-00110,PRJ-2024-00110,PRJ-2024-00110,1
PAIR-000651,partner,document,PRJ-2024-00110,PRJ-2024-00110,PRJ-2024-00110,PRJ-2024-00110,1
PAIR-000652,crm,erp,PRJ-2024-00111,PRJ-2024-00111,PRJ-2024-00111,PRJ-2024-00111,1
PAIR-000653,crm,partner,PRJ-2024-00111,PRJ-2024-00111,PRJ-2024-00111,PRJ-2024-00111,1
PAIR-000654,crm,document,PRJ-2024-00111,PRJ-2024-00111,PRJ-2024-00111,PRJ-2024-00111,1
PAIR-000655,erp,partner,PRJ-2024-00111,PRJ-2024-00111,PRJ-2024-00111,PRJ-2024-00111,1
PAIR-000656,erp,document,PRJ-2024-00111,PRJ-2024-00111,PRJ-2024-00111,PRJ-2024-00111,1
PAIR-000657,partner,document,PRJ-2024-00111,PRJ-2024-00111,PRJ-2024-00111,PRJ-2024-00111,1
PAIR-000658,crm,erp,PRJ-2024-00112,PRJ-2024-00112,PRJ-2024-00112,PRJ-2024-00112,1
PAIR-000659,crm,partner,PRJ-2024-00112,PRJ-2024-00112,PRJ-2024-00112,PRJ-2024-00112,1
PAIR-000660,crm,document,PRJ-2024-00112,PRJ-2024-00112,PRJ-2024-00112,PRJ-2024-00112,1
PAIR-000661,erp,partner,PRJ-2024-00112,PRJ-2024-00112,PRJ-2024-00112,PRJ-2024-00112,1
PAIR-000662,erp,document,PRJ-2024-00112,PRJ-2024-00112,PRJ-2024-00112,PRJ-2024-00112,1
PAIR-000663,partner,document,PRJ-2024-00112,PRJ-2024-00112,PRJ-2024-00112,PRJ-2024-00112,1
PAIR-000664,crm,erp,PRJ-2024-00113,PRJ-2024-00113,PRJ-2024-00113,PRJ-2024-00113,1
PAIR-000665,crm,partner,PRJ-2024-00113,PRJ-2024-00113,PRJ-2024-00113,PRJ-2024-00113,1
PAIR-000666,crm,document,PRJ-2024-00113,PRJ-2024-00113,PRJ-2024-00113,PRJ-2024-00113,1
PAIR-000667,erp,partner,PRJ-2024-00113,PRJ-2024-00113,PRJ-2024-00113,PRJ-2024-00113,1
PAIR-000668,erp,document,PRJ-2024-00113,PRJ-2024-00113,PRJ-2024-00113,PRJ-2024-00113,1
PAIR-000669,partner,document,PRJ-2024-00113,PRJ-2024-00113,PRJ-2024-00113,PRJ-2024-00113,1
PAIR-000670,crm,erp,PRJ-2024-00114,PRJ-2024-00114,PRJ-2024-00114,PRJ-2024-00114,1
PAIR-000671,crm,partner,PRJ-2024-00114,PRJ-2024-00114,PRJ-2024-00114,PRJ-2024-00114,1
PAIR-000672,crm,document,PRJ-2024-00114,PRJ-2024-00114,PRJ-2024-00114,PRJ-2024-00114,1
PAIR-000673,erp,partner,PRJ-2024-00114,PRJ-2024-00114,PRJ-2024-00114,PRJ-2024-00114,1
PAIR-000674,erp,document,PRJ-2024-00114,PRJ-2024-00114,PRJ-2024-00114,PRJ-2024-00114,1
PAIR-000675,partner,document,PRJ-2024-00114,PRJ-2024-00114,PRJ-2024-00114,PRJ-2024-00114,1
PAIR-000676,crm,erp,PRJ-2024-00115,PRJ-2024-00115,PRJ-2024-00115,PRJ-2024-00115,1
PAIR-000677,crm,partner,PRJ-2024-00115,PRJ-2024-00115,PRJ-2024-00115,PRJ-2024-00115,1
PAIR-000678,crm,document,PRJ-2024-00115,PRJ-2024-00115,PRJ-2024-00115,PRJ-2024-00115,1
PAIR-000679,erp,partner,PRJ-2024-00115,PRJ-2024-00115,PRJ-2024-00115,PRJ-2024-00115,1
PAIR-000680,erp,document,PRJ-2024-00115,PRJ-2024-00115,PRJ-2024-00115,PRJ-2024-00115,1
PAIR-000681,partner,document,PRJ-2024-00115,PRJ-2024-00115,PRJ-2024-00115,PRJ-2024-00115,1
PAIR-000682,crm,erp,PRJ-2024-00116,PRJ-2024-00116,PRJ-2024-00116,PRJ-2024-00116,1
PAIR-000683,crm,partner,PRJ-2024-00116,PRJ-2024-00116,PRJ-2024-00116,PRJ-2024-00116,1
PAIR-000684,crm,document,PRJ-2024-00116,PRJ-2024-00116,PRJ-2024-00116,PRJ-2024-00116,1
PAIR-000685,erp,partner,PRJ-2024-00116,PRJ-2024-00116,PRJ-2024-00116,PRJ-2024-00116,1
PAIR-000686,erp,document,PRJ-2024-00116,PRJ-2024-00116,PRJ-2024-00116,PRJ-2024-00116,1
PAIR-000687,partner,document,PRJ-2024-00116,PRJ-2024-00116,PRJ-2024-00116,PRJ-2024-00116,1
PAIR-000688,crm,erp,PRJ-2024-00117,PRJ-2024-00117,PRJ-2024-00117,PRJ-2024-00117,1
PAIR-000689,crm,partner,PRJ-2024-00117,PRJ-2024-00117,PRJ-2024-00117,PRJ-2024-00117,1
PAIR-000690,crm,document,PRJ-2024-00117,PRJ-2024-00117,PRJ-2024-00117,PRJ-2024-00117,1
PAIR-000691,erp,partner,PRJ-2024-00117,PRJ-2024-00117,PRJ-2024-00117,PRJ-2024-00117,1
PAIR-000692,erp,document,PRJ-2024-00117,PRJ-2024-00117,PRJ-2024-00117,PRJ-2024-00117,1
PAIR-000693,partner,document,PRJ-2024-00117,PRJ-2024-00117,PRJ-2024-00117,PRJ-2024-00117,1
PAIR-000694,crm,erp,PRJ-2024-00118,PRJ-2024-00118,PRJ-2024-00118,PRJ-2024-00118,1
PAIR-000695,crm,partner,PRJ-2024-00118,PRJ-2024-00118,PRJ-2024-00118,PRJ-2024-00118,1
PAIR-000696,crm,document,PRJ-2024-00118,PRJ-2024-00118,PRJ-2024-00118,PRJ-2024-00118,1
PAIR-000697,erp,partner,PRJ-2024-00118,PRJ-2024-00118,PRJ-2024-00118,PRJ-2024-00118,1
PAIR-000698,erp,document,PRJ-2024-00118,PRJ-2024-00118,PRJ-2024-00118,PRJ-2024-00118,1
PAIR-000699,partner,document,PRJ-2024-00118,PRJ-2024-00118,PRJ-2024-00118,PRJ-2024-00118,1
PAIR-000700,crm,erp,PRJ-2024-00119,PRJ-2024-00119,PRJ-2024-00119,PRJ-2024-00119,1
PAIR-000701,crm,partner,PRJ-2024-00119,PRJ-2024-00119,PRJ-2024-00119,PRJ-2024-00119,1
PAIR-000702,crm,document,PRJ-2024-00119,PRJ-2024-00119,PRJ-2024-00119,PRJ-2024-00119,1
PAIR-000703,erp,partner,PRJ-2024-00119,PRJ-2024-00119,PRJ-2024-00119,PRJ-2024-00119,1
PAIR-000704,erp,document,PRJ-2024-00119,PRJ-2024-00119,PRJ-2024-00119,PRJ-2024-00119,1
PAIR-000705,partner,document,PRJ-2024-00119,PRJ-2024-00119,PRJ-2024-00119,PRJ-2024-00119,1
PAIR-000706,crm,erp,PRJ-2024-00120,PRJ-2024-00120,PRJ-2024-00120,PRJ-2024-00120,1
PAIR-000707,crm,partner,PRJ-2024-00120,PRJ-2024-00120,PRJ-2024-00120,PRJ-2024-00120,1
PAIR-000708,crm,document,PRJ-2024-00120,PRJ-2024-00120,PRJ-2024-00120,PRJ-2024-00120,1
PAIR-000709,erp,partner,PRJ-2024-00120,PRJ-2024-00120,PRJ-2024-00120,PRJ-2024-00120,1
PAIR-000710,erp,document,PRJ-2024-00120,PRJ-2024-00120,PRJ-2024-00120,PRJ-2024-00120,1
PAIR-000711,partner,document,PRJ-2024-00120,PRJ-2024-00120,PRJ-2024-00120,PRJ-2024-00120,1
PAIR-000712,crm,erp,PRJ-2024-00121,PRJ-2024-00121,PRJ-2024-00121,PRJ-2024-00121,1
PAIR-000713,crm,partner,PRJ-2024-00121,PRJ-2024-00121,PRJ-2024-00121,PRJ-2024-00121,1
PAIR-000714,crm,document,PRJ-2024-00121,PRJ-2024-00121,PRJ-2024-00121,PRJ-2024-00121,1
PAIR-000715,erp,partner,PRJ-2024-00121,PRJ-2024-00121,PRJ-2024-00121,PRJ-2024-00121,1
PAIR-000716,erp,document,PRJ-2024-00121,PRJ-2024-00121,PRJ-2024-00121,PRJ-2024-00121,1
PAIR-000717,partner,document,PRJ-2024-00121,PRJ-2024-00121,PRJ-2024-00121,PRJ-2024-00121,1
PAIR-000718,crm,erp,PRJ-2024-00122,PRJ-2024-00122,PRJ-2024-00122,PRJ-2024-00122,1
PAIR-000719,crm,partner,PRJ-2024-00122,PRJ-2024-00122,PRJ-2024-00122,PRJ-2024-00122,1
PAIR-000720,crm,document,PRJ-2024-00122,PRJ-2024-00122,PRJ-2024-00122,PRJ-2024-00122,1
PAIR-000721,erp,partner,PRJ-2024-00122,PRJ-2024-00122,PRJ-2024-00122,PRJ-2024-00122,1
PAIR-000722,erp,document,PRJ-2024-00122,PRJ-2024-00122,PRJ-2024-00122,PRJ-2024-00122,1
PAIR-000723,partner,document,PRJ-2024-00122,PRJ-2024-00122,PRJ-2024-00122,PRJ-2024-00122,1
PAIR-000724,crm,erp,PRJ-2024-00123,PRJ-2024-00123,PRJ-2024-00123,PRJ-2024-00123,1
PAIR-000725,crm,partner,PRJ-2024-00123,PRJ-2024-00123,PRJ-2024-00123,PRJ-2024-00123,1
PAIR-000726,crm,document,PRJ-2024-00123,PRJ-2024-00123,PRJ-2024-00123,PRJ-2024-00123,1
PAIR-000727,erp,partner,PRJ-2024-00123,PRJ-2024-00123,PRJ-2024-00123,PRJ-2024-00123,1
PAIR-000728,erp,document,PRJ-2024-00123,PRJ-2024-00123,PRJ-2024-00123,PRJ-2024-00123,1
PAIR-000729,partner,document,PRJ-2024-00123,PRJ-2024-00123,PRJ-2024-00123,PRJ-2024-00123,1
PAIR-000730,crm,erp,PRJ-2024-00124,PRJ-2024-00124,PRJ-2024-00124,PRJ-2024-00124,1
PAIR-000731,crm,partner,PRJ-2024-00124,PRJ-2024-00124,PRJ-2024-00124,PRJ-2024-00124,1
PAIR-000732,crm,document,PRJ-2024-00124,PRJ-2024-00124,PRJ-2024-00124,PRJ-2024-00124,1
PAIR-000733,erp,partner,PRJ-2024-00124,PRJ-2024-00124,PRJ-2024-00124,PRJ-2024-00124,1
PAIR-000734,erp,document,PRJ-2024-00124,PRJ-2024-00124,PRJ-2024-00124,PRJ-2024-00124,1
PAIR-000735,partner,document,PRJ-2024-00124,PRJ-2024-00124,PRJ-2024-00124,PRJ-2024-00124,1
PAIR-000736,crm,erp,PRJ-2024-00125,PRJ-2024-00125,PRJ-2024-00125,PRJ-2024-00125,1
PAIR-000737,crm,partner,PRJ-2024-00125,PRJ-2024-00125,PRJ-2024-00125,PRJ-2024-00125,1
PAIR-000738,crm,document,PRJ-2024-00125,PRJ-2024-00125,PRJ-2024-00125,PRJ-2024-00125,1
PAIR-000739,erp,partner,PRJ-2024-00125,PRJ-2024-00125,PRJ-2024-00125,PRJ-2024-00125,1
PAIR-000740,erp,document,PRJ-2024-00125,PRJ-2024-00125,PRJ-2024-00125,PRJ-2024-00125,1
PAIR-000741,partner,document,PRJ-2024-00125,PRJ-2024-00125,PRJ-2024-00125,PRJ-2024-00125,1
PAIR-000742,crm,erp,PRJ-2024-00126,PRJ-2024-00126,PRJ-2024-00126,PRJ-2024-00126,1
PAIR-000743,crm,partner,PRJ-2024-00126,PRJ-2024-00126,PRJ-2024-00126,PRJ-2024-00126,1
PAIR-000744,crm,document,PRJ-2024-00126,PRJ-2024-00126,PRJ-2024-00126,PRJ-2024-00126,1
PAIR-000745,erp,partner,PRJ-2024-00126,PRJ-2024-00126,PRJ-2024-00126,PRJ-2024-00126,1
PAIR-000746,erp,document,PRJ-2024-00126,PRJ-2024-00126,PRJ-2024-00126,PRJ-2024-00126,1
PAIR-000747,partner,document,PRJ-2024-00126,PRJ-2024-00126,PRJ-2024-00126,PRJ-2024-00126,1
PAIR-000748,crm,erp,PRJ-2024-00127,PRJ-2024-00127,PRJ-2024-00127,PRJ-2024-00127,1
PAIR-000749,crm,partner,PRJ-2024-00127,PRJ-2024-00127,PRJ-2024-00127,PRJ-2024-00127,1
PAIR-000750,crm,document,PRJ-2024-00127,PRJ-2024-00127,PRJ-2024-00127,PRJ-2024-00127,1
PAIR-000751,erp,partner,PRJ-2024-00127,PRJ-2024-00127,PRJ-2024-00127,PRJ-2024-00127,1
PAIR-000752,erp,document,PRJ-2024-00127,PRJ-2024-00127,PRJ-2024-00127,PRJ-2024-00127,1
PAIR-000753,partner,document,PRJ-2024-00127,PRJ-2024-00127,PRJ-2024-00127,PRJ-2024-00127,1
PAIR-000754,crm,erp,PRJ-2024-00128,PRJ-2024-00128,PRJ-2024-00128,PRJ-2024-00128,1
PAIR-000755,crm,partner,PRJ-2024-00128,PRJ-2024-00128,PRJ-2024-00128,PRJ-2024-00128,1
PAIR-000756,crm,document,PRJ-2024-00128,PRJ-2024-00128,PRJ-2024-00128,PRJ-2024-00128,1
PAIR-000757,erp,partner,PRJ-2024-00128,PRJ-2024-00128,PRJ-2024-00128,PRJ-2024-00128,1
PAIR-000758,erp,document,PRJ-2024-00128,PRJ-2024-00128,PRJ-2024-00128,PRJ-2024-00128,1
PAIR-000759,partner,document,PRJ-2024-00128,PRJ-2024-00128,PRJ-2024-00128,PRJ-2024-00128,1
PAIR-000760,crm,erp,PRJ-2024-00129,PRJ-2024-00129,PRJ-2024-00129,PRJ-2024-00129,1
PAIR-000761,crm,partner,PRJ-2024-00129,PRJ-2024-00129,PRJ-2024-00129,PRJ-2024-00129,1
PAIR-000762,crm,document,PRJ-2024-00129,PRJ-2024-00129,PRJ-2024-00129,PRJ-2024-00129,1
PAIR-000763,erp,partner,PRJ-2024-00129,PRJ-2024-00129,PRJ-2024-00129,PRJ-2024-00129,1
PAIR-000764,erp,document,PRJ-2024-00129,PRJ-2024-00129,PRJ-2024-00129,PRJ-2024-00129,1
PAIR-000765,partner,document,PRJ-2024-00129,PRJ-2024-00129,PRJ-2024-00129,PRJ-2024-00129,1
PAIR-000766,crm,erp,PRJ-2024-00130,PRJ-2024-00130,PRJ-2024-00130,PRJ-2024-00130,1
PAIR-000767,crm,partner,PRJ-2024-00130,PRJ-2024-00130,PRJ-2024-00130,PRJ-2024-00130,1
PAIR-000768,crm,document,PRJ-2024-00130,PRJ-2024-00130,PRJ-2024-00130,PRJ-2024-00130,1
PAIR-000769,erp,partner,PRJ-2024-00130,PRJ-2024-00130,PRJ-2024-00130,PRJ-2024-00130,1
PAIR-000770,erp,document,PRJ-2024-00130,PRJ-2024-00130,PRJ-2024-00130,PRJ-2024-00130,1
PAIR-000771,partner,document,PRJ-2024-00130,PRJ-2024-00130,PRJ-2024-00130,PRJ-2024-00130,1
PAIR-000772,crm,erp,PRJ-2024-00131,PRJ-2024-00131,PRJ-2024-00131,PRJ-2024-00131,1
PAIR-000773,crm,partner,PRJ-2024-00131,PRJ-2024-00131,PRJ-2024-00131,PRJ-2024-00131,1
PAIR-000774,crm,document,PRJ-2024-00131,PRJ-2024-00131,PRJ-2024-00131,PRJ-2024-00131,1
PAIR-000775,erp,partner,PRJ-2024-00131,PRJ-2024-00131,PRJ-2024-00131,PRJ-2024-00131,1
PAIR-000776,erp,document,PRJ-2024-00131,PRJ-2024-00131,PRJ-2024-00131,PRJ-2024-00131,1
PAIR-000777,partner,document,PRJ-2024-00131,PRJ-2024-00131,PRJ-2024-00131,PRJ-2024-00131,1
PAIR-000778,crm,erp,PRJ-2024-00132,PRJ-2024-00132,PRJ-2024-00132,PRJ-2024-00132,1
PAIR-000779,crm,partner,PRJ-2024-00132,PRJ-2024-00132,PRJ-2024-00132,PRJ-2024-00132,1
PAIR-000780,crm,document,PRJ-2024-00132,PRJ-2024-00132,PRJ-2024-00132,PRJ-2024-00132,1
PAIR-000781,erp,partner,PRJ-2024-00132,PRJ-2024-00132,PRJ-2024-00132,PRJ-2024-00132,1
PAIR-000782,erp,document,PRJ-2024-00132,PRJ-2024-00132,PRJ-2024-00132,PRJ-2024-00132,1
PAIR-000783,partner,document,PRJ-2024-00132,PRJ-2024-00132,PRJ-2024-00132,PRJ-2024-00132,1
PAIR-000784,crm,erp,PRJ-2024-00133,PRJ-2024-00133,PRJ-2024-00133,PRJ-2024-00133,1
PAIR-000785,crm,partner,PRJ-2024-00133,PRJ-2024-00133,PRJ-2024-00133,PRJ-2024-00133,1
PAIR-000786,crm,document,PRJ-2024-00133,PRJ-2024-00133,PRJ-2024-00133,PRJ-2024-00133,1
PAIR-000787,erp,partner,PRJ-2024-00133,PRJ-2024-00133,PRJ-2024-00133,PRJ-2024-00133,1
PAIR-000788,erp,document,PRJ-2024-00133,PRJ-2024-00133,PRJ-2024-00133,PRJ-2024-00133,1
PAIR-000789,partner,document,PRJ-2024-00133,PRJ-2024-00133,PRJ-2024-00133,PRJ-2024-00133,1
PAIR-000790,crm,erp,PRJ-2024-00134,PRJ-2024-00134,PRJ-2024-00134,PRJ-2024-00134,1
PAIR-000791,crm,partner,PRJ-2024-00134,PRJ-2024-00134,PRJ-2024-00134,PRJ-2024-00134,1
PAIR-000792,crm,document,PRJ-2024-00134,PRJ-2024-00134,PRJ-2024-00134,PRJ-2024-00134,1
PAIR-000793,erp,partner,PRJ-2024-00134,PRJ-2024-00134,PRJ-2024-00134,PRJ-2024-00134,1
PAIR-000794,erp,document,PRJ-2024-00134,PRJ-2024-00134,PRJ-2024-00134,PRJ-2024-00134,1
PAIR-000795,partner,document,PRJ-2024-00134,PRJ-2024-00134,PRJ-2024-00134,PRJ-2024-00134,1
PAIR-000796,crm,erp,PRJ-2024-00135,PRJ-2024-00135,PRJ-2024-00135,PRJ-2024-00135,1
PAIR-000797,crm,partner,PRJ-2024-00135,PRJ-2024-00135,PRJ-2024-00135,PRJ-2024-00135,1
PAIR-000798,crm,document,PRJ-2024-00135,PRJ-2024-00135,PRJ-2024-00135,PRJ-2024-00135,1
PAIR-000799,erp,partner,PRJ-2024-00135,PRJ-2024-00135,PRJ-2024-00135,PRJ-2024-00135,1
PAIR-000800,erp,document,PRJ-2024-00135,PRJ-2024-00135,PRJ-2024-00135,PRJ-2024-00135,1
PAIR-000801,partner,document,PRJ-2024-00135,PRJ-2024-00135,PRJ-2024-00135,PRJ-2024-00135,1
PAIR-000802,crm,erp,PRJ-2024-00136,PRJ-2024-00136,PRJ-2024-00136,PRJ-2024-00136,1
PAIR-000803,crm,partner,PRJ-2024-00136,PRJ-2024-00136,PRJ-2024-00136,PRJ-2024-00136,1
PAIR-000804,crm,document,PRJ-2024-00136,PRJ-2024-00136,PRJ-2024-00136,PRJ-2024-00136,1
PAIR-000805,erp,partner,PRJ-2024-00136,PRJ-2024-00136,PRJ-2024-00136,PRJ-2024-00136,1
PAIR-000806,erp,document,PRJ-2024-00136,PRJ-2024-00136,PRJ-2024-00136,PRJ-2024-00136,1
PAIR-000807,partner,document,PRJ-2024-00136,PRJ-2024-00136,PRJ-2024-00136,PRJ-2024-00136,1
PAIR-000808,crm,erp,PRJ-2024-00137,PRJ-2024-00137,PRJ-2024-00137,PRJ-2024-00137,1
PAIR-000809,crm,partner,PRJ-2024-00137,PRJ-2024-00137,PRJ-2024-00137,PRJ-2024-00137,1
PAIR-000810,crm,document,PRJ-2024-00137,PRJ-2024-00137,PRJ-2024-00137,PRJ-2024-00137,1
PAIR-000811,erp,partner,PRJ-2024-00137,PRJ-2024-00137,PRJ-2024-00137,PRJ-2024-00137,1
PAIR-000812,erp,document,PRJ-2024-00137,PRJ-2024-00137,PRJ-2024-00137,PRJ-2024-00137,1
PAIR-000813,partner,document,PRJ-2024-00137,PRJ-2024-00137,PRJ-2024-00137,PRJ-2024-00137,1
PAIR-000814,crm,erp,PRJ-2024-00138,PRJ-2024-00138,PRJ-2024-00138,PRJ-2024-00138,1
PAIR-000815,crm,partner,PRJ-2024-00138,PRJ-2024-00138,PRJ-2024-00138,PRJ-2024-00138,1
PAIR-000816,crm,document,PRJ-2024-00138,PRJ-2024-00138,PRJ-2024-00138,PRJ-2024-00138,1
PAIR-000817,erp,partner,PRJ-2024-00138,PRJ-2024-00138,PRJ-2024-00138,PRJ-2024-00138,1
PAIR-000818,erp,document,PRJ-2024-00138,PRJ-2024-00138,PRJ-2024-00138,PRJ-2024-00138,1
PAIR-000819,partner,document,PRJ-2024-00138,PRJ-2024-00138,PRJ-2024-00138,PRJ-2024-00138,1
PAIR-000820,crm,erp,PRJ-2024-00139,PRJ-2024-00139,PRJ-2024-00139,PRJ-2024-00139,1
PAIR-000821,crm,partner,PRJ-2024-00139,PRJ-2024-00139,PRJ-2024-00139,PRJ-2024-00139,1
PAIR-000822,crm,document,PRJ-2024-00139,PRJ-2024-00139,PRJ-2024-00139,PRJ-2024-00139,1
PAIR-000823,erp,partner,PRJ-2024-00139,PRJ-2024-00139,PRJ-2024-00139,PRJ-2024-00139,1
PAIR-000824,erp,document,PRJ-2024-00139,PRJ-2024-00139,PRJ-2024-00139,PRJ-2024-00139,1
PAIR-000825,partner,document,PRJ-2024-00139,PRJ-2024-00139,PRJ-2024-00139,PRJ-2024-00139,1
PAIR-000826,crm,erp,PRJ-2024-00140,PRJ-2024-00140,PRJ-2024-00140,PRJ-2024-00140,1
PAIR-000827,crm,partner,PRJ-2024-00140,PRJ-2024-00140,PRJ-2024-00140,PRJ-2024-00140,1
PAIR-000828,crm,document,PRJ-2024-00140,PRJ-2024-00140,PRJ-2024-00140,PRJ-2024-00140,1
PAIR-000829,erp,partner,PRJ-2024-00140,PRJ-2024-00140,PRJ-2024-00140,PRJ-2024-00140,1
PAIR-000830,erp,document,PRJ-2024-00140,PRJ-2024-00140,PRJ-2024-00140,PRJ-2024-00140,1
PAIR-000831,partner,document,PRJ-2024-00140,PRJ-2024-00140,PRJ-2024-00140,PRJ-2024-00140,1
PAIR-000832,crm,erp,PRJ-2024-00141,PRJ-2024-00141,PRJ-2024-00141,PRJ-2024-00141,1
PAIR-000833,crm,partner,PRJ-2024-00141,PRJ-2024-00141,PRJ-2024-00141,PRJ-2024-00141,1
PAIR-000834,crm,document,PRJ-2024-00141,PRJ-2024-00141,PRJ-2024-00141,PRJ-2024-00141,1
PAIR-000835,erp,partner,PRJ-2024-00141,PRJ-2024-00141,PRJ-2024-00141,PRJ-2024-00141,1
PAIR-000836,erp,document,PRJ-2024-00141,PRJ-2024-00141,PRJ-2024-00141,PRJ-2024-00141,1
PAIR-000837,partner,document,PRJ-2024-00141,PRJ-2024-00141,PRJ-2024-00141,PRJ-2024-00141,1
PAIR-000838,crm,erp,PRJ-2024-00142,PRJ-2024-00142,PRJ-2024-00142,PRJ-2024-00142,1
PAIR-000839,crm,partner,PRJ-2024-00142,PRJ-2024-00142,PRJ-2024-00142,PRJ-2024-00142,1
PAIR-000840,crm,document,PRJ-2024-00142,PRJ-2024-00142,PRJ-2024-00142,PRJ-2024-00142,1
PAIR-000841,erp,partner,PRJ-2024-00142,PRJ-2024-00142,PRJ-2024-00142,PRJ-2024-00142,1
PAIR-000842,erp,document,PRJ-2024-00142,PRJ-2024-00142,PRJ-2024-00142,PRJ-2024-00142,1
PAIR-000843,partner,document,PRJ-2024-00142,PRJ-2024-00142,PRJ-2024-00142,PRJ-2024-00142,1
PAIR-000844,crm,erp,PRJ-2024-00143,PRJ-2024-00143,PRJ-2024-00143,PRJ-2024-00143,1
PAIR-000845,crm,partner,PRJ-2024-00143,PRJ-2024-00143,PRJ-2024-00143,PRJ-2024-00143,1
PAIR-000846,crm,document,PRJ-2024-00143,PRJ-2024-00143,PRJ-2024-00143,PRJ-2024-00143,1
PAIR-000847,erp,partner,PRJ-2024-00143,PRJ-2024-00143,PRJ-2024-00143,PRJ-2024-00143,1
PAIR-000848,erp,document,PRJ-2024-00143,PRJ-2024-00143,PRJ-2024-00143,PRJ-2024-00143,1
PAIR-000849,partner,document,PRJ-2024-00143,PRJ-2024-00143,PRJ-2024-00143,PRJ-2024-00143,1
PAIR-000850,crm,erp,PRJ-2024-00144,PRJ-2024-00144,PRJ-2024-00144,PRJ-2024-00144,1
PAIR-000851,crm,partner,PRJ-2024-00144,PRJ-2024-00144,PRJ-2024-00144,PRJ-2024-00144,1
PAIR-000852,crm,document,PRJ-2024-00144,PRJ-2024-00144,PRJ-2024-00144,PRJ-2024-00144,1
PAIR-000853,erp,partner,PRJ-2024-00144,PRJ-2024-00144,PRJ-2024-00144,PRJ-2024-00144,1
PAIR-000854,erp,document,PRJ-2024-00144,PRJ-2024-00144,PRJ-2024-00144,PRJ-2024-00144,1
PAIR-000855,partner,document,PRJ-2024-00144,PRJ-2024-00144,PRJ-2024-00144,PRJ-2024-00144,1
PAIR-000856,crm,erp,PRJ-2024-00145,PRJ-2024-00145,PRJ-2024-00145,PRJ-2024-00145,1
PAIR-000857,crm,partner,PRJ-2024-00145,PRJ-2024-00145,PRJ-2024-00145,PRJ-2024-00145,1
PAIR-000858,crm,document,PRJ-2024-00145,PRJ-2024-00145,PRJ-2024-00145,PRJ-2024-00145,1
PAIR-000859,erp,partner,PRJ-2024-00145,PRJ-2024-00145,PRJ-2024-00145,PRJ-2024-00145,1
PAIR-000860,erp,document,PRJ-2024-00145,PRJ-2024-00145,PRJ-2024-00145,PRJ-2024-00145,1
PAIR-000861,partner,document,PRJ-2024-00145,PRJ-2024-00145,PRJ-2024-00145,PRJ-2024-00145,1
PAIR-000862,crm,erp,PRJ-2024-00146,PRJ-2024-00146,PRJ-2024-00146,PRJ-2024-00146,1
PAIR-000863,crm,partner,PRJ-2024-00146,PRJ-2024-00146,PRJ-2024-00146,PRJ-2024-00146,1
PAIR-000864,crm,document,PRJ-2024-00146,PRJ-2024-00146,PRJ-2024-00146,PRJ-2024-00146,1
PAIR-000865,erp,partner,PRJ-2024-00146,PRJ-2024-00146,PRJ-2024-00146,PRJ-2024-00146,1
PAIR-000866,erp,document,PRJ-2024-00146,PRJ-2024-00146,PRJ-2024-00146,PRJ-2024-00146,1
PAIR-000867,partner,document,PRJ-2024-00146,PRJ-2024-00146,PRJ-2024-00146,PRJ-2024-00146,1
PAIR-000868,crm,erp,PRJ-2024-00147,PRJ-2024-00147,PRJ-2024-00147,PRJ-2024-00147,1
PAIR-000869,crm,partner,PRJ-2024-00147,PRJ-2024-00147,PRJ-2024-00147,PRJ-2024-00147,1
PAIR-000870,crm,document,PRJ-2024-00147,PRJ-2024-00147,PRJ-2024-00147,PRJ-2024-00147,1
PAIR-000871,erp,partner,PRJ-2024-00147,PRJ-2024-00147,PRJ-2024-00147,PRJ-2024-00147,1
PAIR-000872,erp,document,PRJ-2024-00147,PRJ-2024-00147,PRJ-2024-00147,PRJ-2024-00147,1
PAIR-000873,partner,document,PRJ-2024-00147,PRJ-2024-00147,PRJ-2024-00147,PRJ-2024-00147,1
PAIR-000874,crm,erp,PRJ-2024-00148,PRJ-2024-00148,PRJ-2024-00148,PRJ-2024-00148,1
PAIR-000875,crm,partner,PRJ-2024-00148,PRJ-2024-00148,PRJ-2024-00148,PRJ-2024-00148,1
PAIR-000876,crm,document,PRJ-2024-00148,PRJ-2024-00148,PRJ-2024-00148,PRJ-2024-00148,1
PAIR-000877,erp,partner,PRJ-2024-00148,PRJ-2024-00148,PRJ-2024-00148,PRJ-2024-00148,1
PAIR-000878,erp,document,PRJ-2024-00148,PRJ-2024-00148,PRJ-2024-00148,PRJ-2024-00148,1
PAIR-000879,partner,document,PRJ-2024-00148,PRJ-2024-00148,PRJ-2024-00148,PRJ-2024-00148,1
PAIR-000880,crm,erp,PRJ-2024-00149,PRJ-2024-00149,PRJ-2024-00149,PRJ-2024-00149,1
PAIR-000881,crm,partner,PRJ-2024-00149,PRJ-2024-00149,PRJ-2024-00149,PRJ-2024-00149,1
PAIR-000882,crm,document,PRJ-2024-00149,PRJ-2024-00149,PRJ-2024-00149,PRJ-2024-00149,1
PAIR-000883,erp,partner,PRJ-2024-00149,PRJ-2024-00149,PRJ-2024-00149,PRJ-2024-00149,1
PAIR-000884,erp,document,PRJ-2024-00149,PRJ-2024-00149,PRJ-2024-00149,PRJ-2024-00149,1
PAIR-000885,partner,document,PRJ-2024-00149,PRJ-2024-00149,PRJ-2024-00149,PRJ-2024-00149,1
PAIR-000886,crm,erp,PRJ-2024-00150,PRJ-2024-00150,PRJ-2024-00150,PRJ-2024-00150,1
PAIR-000887,crm,partner,PRJ-2024-00150,PRJ-2024-00150,PRJ-2024-00150,PRJ-2024-00150,1
PAIR-000888,crm,document,PRJ-2024-00150,PRJ-2024-00150,PRJ-2024-00150,PRJ-2024-00150,1
PAIR-000889,erp,partner,PRJ-2024-00150,PRJ-2024-00150,PRJ-2024-00150,PRJ-2024-00150,1
PAIR-000890,erp,document,PRJ-2024-00150,PRJ-2024-00150,PRJ-2024-00150,PRJ-2024-00150,1
PAIR-000891,partner,document,PRJ-2024-00150,PRJ-2024-00150,PRJ-2024-00150,PRJ-2024-00150,1
PAIR-000892,crm,erp,PRJ-2024-00151,PRJ-2024-00151,PRJ-2024-00151,PRJ-2024-00151,1
PAIR-000893,crm,partner,PRJ-2024-00151,PRJ-2024-00151,PRJ-2024-00151,PRJ-2024-00151,1
PAIR-000894,crm,document,PRJ-2024-00151,PRJ-2024-00151,PRJ-2024-00151,PRJ-2024-00151,1
PAIR-000895,erp,partner,PRJ-2024-00151,PRJ-2024-00151,PRJ-2024-00151,PRJ-2024-00151,1
PAIR-000896,erp,document,PRJ-2024-00151,PRJ-2024-00151,PRJ-2024-00151,PRJ-2024-00151,1
PAIR-000897,partner,document,PRJ-2024-00151,PRJ-2024-00151,PRJ-2024-00151,PRJ-2024-00151,1
PAIR-000898,crm,erp,PRJ-2024-00152,PRJ-2024-00152,PRJ-2024-00152,PRJ-2024-00152,1
PAIR-000899,crm,partner,PRJ-2024-00152,PRJ-2024-00152,PRJ-2024-00152,PRJ-2024-00152,1
PAIR-000900,crm,document,PRJ-2024-00152,PRJ-2024-00152,PRJ-2024-00152,PRJ-2024-00152,1
PAIR-000901,erp,partner,PRJ-2024-00152,PRJ-2024-00152,PRJ-2024-00152,PRJ-2024-00152,1
PAIR-000902,erp,document,PRJ-2024-00152,PRJ-2024-00152,PRJ-2024-00152,PRJ-2024-00152,1
PAIR-000903,partner,document,PRJ-2024-00152,PRJ-2024-00152,PRJ-2024-00152,PRJ-2024-00152,1
PAIR-000904,crm,erp,PRJ-2024-00153,PRJ-2024-00153,PRJ-2024-00153,PRJ-2024-00153,1
PAIR-000905,crm,partner,PRJ-2024-00153,PRJ-2024-00153,PRJ-2024-00153,PRJ-2024-00153,1
PAIR-000906,crm,document,PRJ-2024-00153,PRJ-2024-00153,PRJ-2024-00153,PRJ-2024-00153,1
PAIR-000907,erp,partner,PRJ-2024-00153,PRJ-2024-00153,PRJ-2024-00153,PRJ-2024-00153,1
PAIR-000908,erp,document,PRJ-2024-00153,PRJ-2024-00153,PRJ-2024-00153,PRJ-2024-00153,1
PAIR-000909,partner,document,PRJ-2024-00153,PRJ-2024-00153,PRJ-2024-00153,PRJ-2024-00153,1
PAIR-000910,crm,erp,PRJ-2024-00154,PRJ-2024-00154,PRJ-2024-00154,PRJ-2024-00154,1
PAIR-000911,crm,partner,PRJ-2024-00154,PRJ-2024-00154,PRJ-2024-00154,PRJ-2024-00154,1
PAIR-000912,crm,document,PRJ-2024-00154,PRJ-2024-00154,PRJ-2024-00154,PRJ-2024-00154,1
PAIR-000913,erp,partner,PRJ-2024-00154,PRJ-2024-00154,PRJ-2024-00154,PRJ-2024-00154,1
PAIR-000914,erp,document,PRJ-2024-00154,PRJ-2024-00154,PRJ-2024-00154,PRJ-2024-00154,1
PAIR-000915,partner,document,PRJ-2024-00154,PRJ-2024-00154,PRJ-2024-00154,PRJ-2024-00154,1
PAIR-000916,crm,erp,PRJ-2024-00155,PRJ-2024-00155,PRJ-2024-00155,PRJ-2024-00155,1
PAIR-000917,crm,partner,PRJ-2024-00155,PRJ-2024-00155,PRJ-2024-00155,PRJ-2024-00155,1
PAIR-000918,crm,document,PRJ-2024-00155,PRJ-2024-00155,PRJ-2024-00155,PRJ-2024-00155,1
PAIR-000919,erp,partner,PRJ-2024-00155,PRJ-2024-00155,PRJ-2024-00155,PRJ-2024-00155,1
PAIR-000920,erp,document,PRJ-2024-00155,PRJ-2024-00155,PRJ-2024-00155,PRJ-2024-00155,1
PAIR-000921,partner,document,PRJ-2024-00155,PRJ-2024-00155,PRJ-2024-00155,PRJ-2024-00155,1
PAIR-000922,crm,erp,PRJ-2024-00156,PRJ-2024-00156,PRJ-2024-00156,PRJ-2024-00156,1
PAIR-000923,crm,partner,PRJ-2024-00156,PRJ-2024-00156,PRJ-2024-00156,PRJ-2024-00156,1
PAIR-000924,crm,document,PRJ-2024-00156,PRJ-2024-00156,PRJ-2024-00156,PRJ-2024-00156,1
PAIR-000925,erp,partner,PRJ-2024-00156,PRJ-2024-00156,PRJ-2024-00156,PRJ-2024-00156,1
PAIR-000926,erp,document,PRJ-2024-00156,PRJ-2024-00156,PRJ-2024-00156,PRJ-2024-00156,1
PAIR-000927,partner,document,PRJ-2024-00156,PRJ-2024-00156,PRJ-2024-00156,PRJ-2024-00156,1
PAIR-000928,crm,erp,PRJ-2024-00157,PRJ-2024-00157,PRJ-2024-00157,PRJ-2024-00157,1
PAIR-000929,crm,partner,PRJ-2024-00157,PRJ-2024-00157,PRJ-2024-00157,PRJ-2024-00157,1
PAIR-000930,crm,document,PRJ-2024-00157,PRJ-2024-00157,PRJ-2024-00157,PRJ-2024-00157,1
PAIR-000931,erp,partner,PRJ-2024-00157,PRJ-2024-00157,PRJ-2024-00157,PRJ-2024-00157,1
PAIR-000932,erp,document,PRJ-2024-00157,PRJ-2024-00157,PRJ-2024-00157,PRJ-2024-00157,1
PAIR-000933,partner,document,PRJ-2024-00157,PRJ-2024-00157,PRJ-2024-00157,PRJ-2024-00157,1
PAIR-000934,crm,erp,PRJ-2024-00158,PRJ-2024-00158,PRJ-2024-00158,PRJ-2024-00158,1
PAIR-000935,crm,partner,PRJ-2024-00158,PRJ-2024-00158,PRJ-2024-00158,PRJ-2024-00158,1
PAIR-000936,crm,document,PRJ-2024-00158,PRJ-2024-00158,PRJ-2024-00158,PRJ-2024-00158,1
PAIR-000937,erp,partner,PRJ-2024-00158,PRJ-2024-00158,PRJ-2024-00158,PRJ-2024-00158,1
PAIR-000938,erp,document,PRJ-2024-00158,PRJ-2024-00158,PRJ-2024-00158,PRJ-2024-00158,1
PAIR-000939,partner,document,PRJ-2024-00158,PRJ-2024-00158,PRJ-2024-00158,PRJ-2024-00158,1
PAIR-000940,crm,erp,PRJ-2024-00159,PRJ-2024-00159,PRJ-2024-00159,PRJ-2024-00159,1
PAIR-000941,crm,partner,PRJ-2024-00159,PRJ-2024-00159,PRJ-2024-00159,PRJ-2024-00159,1
PAIR-000942,crm,document,PRJ-2024-00159,PRJ-2024-00159,PRJ-2024-00159,PRJ-2024-00159,1
PAIR-000943,erp,partner,PRJ-2024-00159,PRJ-2024-00159,PRJ-2024-00159,PRJ-2024-00159,1
PAIR-000944,erp,document,PRJ-2024-00159,PRJ-2024-00159,PRJ-2024-00159,PRJ-2024-00159,1
PAIR-000945,partner,document,PRJ-2024-00159,PRJ-2024-00159,PRJ-2024-00159,PRJ-2024-00159,1
PAIR-000946,crm,erp,PRJ-2024-00160,PRJ-2024-00160,PRJ-2024-00160,PRJ-2024-00160,1
PAIR-000947,crm,partner,PRJ-2024-00160,PRJ-2024-00160,PRJ-2024-00160,PRJ-2024-00160,1
PAIR-000948,crm,document,PRJ-2024-00160,PRJ-2024-00160,PRJ-2024-00160,PRJ-2024-00160,1
PAIR-000949,erp,partner,PRJ-2024-00160,PRJ-2024-00160,PRJ-2024-00160,PRJ-2024-00160,1
PAIR-000950,erp,document,PRJ-2024-00160,PRJ-2024-00160,PRJ-2024-00160,PRJ-2024-00160,1
PAIR-000951,partner,document,PRJ-2024-00160,PRJ-2024-00160,PRJ-2024-00160,PRJ-2024-00160,1
PAIR-000952,crm,erp,PRJ-2024-00161,PRJ-2024-00161,PRJ-2024-00161,PRJ-2024-00161,1
PAIR-000953,crm,partner,PRJ-2024-00161,PRJ-2024-00161,PRJ-2024-00161,PRJ-2024-00161,1
PAIR-000954,crm,document,PRJ-2024-00161,PRJ-2024-00161,PRJ-2024-00161,PRJ-2024-00161,1
PAIR-000955,erp,partner,PRJ-2024-00161,PRJ-2024-00161,PRJ-2024-00161,PRJ-2024-00161,1
PAIR-000956,erp,document,PRJ-2024-00161,PRJ-2024-00161,PRJ-2024-00161,PRJ-2024-00161,1
PAIR-000957,partner,document,PRJ-2024-00161,PRJ-2024-00161,PRJ-2024-00161,PRJ-2024-00161,1
PAIR-000958,crm,erp,PRJ-2024-00162,PRJ-2024-00162,PRJ-2024-00162,PRJ-2024-00162,1
PAIR-000959,crm,partner,PRJ-2024-00162,PRJ-2024-00162,PRJ-2024-00162,PRJ-2024-00162,1
PAIR-000960,crm,document,PRJ-2024-00162,PRJ-2024-00162,PRJ-2024-00162,PRJ-2024-00162,1
PAIR-000961,erp,partner,PRJ-2024-00162,PRJ-2024-00162,PRJ-2024-00162,PRJ-2024-00162,1
PAIR-000962,erp,document,PRJ-2024-00162,PRJ-2024-00162,PRJ-2024-00162,PRJ-2024-00162,1
PAIR-000963,partner,document,PRJ-2024-00162,PRJ-2024-00162,PRJ-2024-00162,PRJ-2024-00162,1
PAIR-000964,crm,erp,PRJ-2024-00163,PRJ-2024-00163,PRJ-2024-00163,PRJ-2024-00163,1
PAIR-000965,crm,partner,PRJ-2024-00163,PRJ-2024-00163,PRJ-2024-00163,PRJ-2024-00163,1
PAIR-000966,crm,document,PRJ-2024-00163,PRJ-2024-00163,PRJ-2024-00163,PRJ-2024-00163,1
PAIR-000967,erp,partner,PRJ-2024-00163,PRJ-2024-00163,PRJ-2024-00163,PRJ-2024-00163,1
PAIR-000968,erp,document,PRJ-2024-00163,PRJ-2024-00163,PRJ-2024-00163,PRJ-2024-00163,1
PAIR-000969,partner,document,PRJ-2024-00163,PRJ-2024-00163,PRJ-2024-00163,PRJ-2024-00163,1
PAIR-000970,crm,erp,PRJ-2024-00164,PRJ-2024-00164,PRJ-2024-00164,PRJ-2024-00164,1
PAIR-000971,crm,partner,PRJ-2024-00164,PRJ-2024-00164,PRJ-2024-00164,PRJ-2024-00164,1
PAIR-000972,crm,document,PRJ-2024-00164,PRJ-2024-00164,PRJ-2024-00164,PRJ-2024-00164,1
PAIR-000973,erp,partner,PRJ-2024-00164,PRJ-2024-00164,PRJ-2024-00164,PRJ-2024-00164,1
PAIR-000974,erp,document,PRJ-2024-00164,PRJ-2024-00164,PRJ-2024-00164,PRJ-2024-00164,1
PAIR-000975,partner,document,PRJ-2024-00164,PRJ-2024-00164,PRJ-2024-00164,PRJ-2024-00164,1
PAIR-000976,crm,erp,PRJ-2024-00165,PRJ-2024-00165,PRJ-2024-00165,PRJ-2024-00165,1
PAIR-000977,crm,partner,PRJ-2024-00165,PRJ-2024-00165,PRJ-2024-00165,PRJ-2024-00165,1
PAIR-000978,crm,document,PRJ-2024-00165,PRJ-2024-00165,PRJ-2024-00165,PRJ-2024-00165,1
PAIR-000979,erp,partner,PRJ-2024-00165,PRJ-2024-00165,PRJ-2024-00165,PRJ-2024-00165,1
PAIR-000980,erp,document,PRJ-2024-00165,PRJ-2024-00165,PRJ-2024-00165,PRJ-2024-00165,1
PAIR-000981,partner,document,PRJ-2024-00165,PRJ-2024-00165,PRJ-2024-00165,PRJ-2024-00165,1
PAIR-000982,crm,erp,PRJ-2024-00166,PRJ-2024-00166,PRJ-2024-00166,PRJ-2024-00166,1
PAIR-000983,crm,partner,PRJ-2024-00166,PRJ-2024-00166,PRJ-2024-00166,PRJ-2024-00166,1
PAIR-000984,crm,document,PRJ-2024-00166,PRJ-2024-00166,PRJ-2024-00166,PRJ-2024-00166,1
PAIR-000985,erp,partner,PRJ-2024-00166,PRJ-2024-00166,PRJ-2024-00166,PRJ-2024-00166,1
PAIR-000986,erp,document,PRJ-2024-00166,PRJ-2024-00166,PRJ-2024-00166,PRJ-2024-00166,1
PAIR-000987,partner,document,PRJ-2024-00166,PRJ-2024-00166,PRJ-2024-00166,PRJ-2024-00166,1
PAIR-000988,crm,erp,PRJ-2024-00167,PRJ-2024-00167,PRJ-2024-00167,PRJ-2024-00167,1
PAIR-000989,crm,partner,PRJ-2024-00167,PRJ-2024-00167,PRJ-2024-00167,PRJ-2024-00167,1
PAIR-000990,crm,document,PRJ-2024-00167,PRJ-2024-00167,PRJ-2024-00167,PRJ-2024-00167,1
PAIR-000991,erp,partner,PRJ-2024-00167,PRJ-2024-00167,PRJ-2024-00167,PRJ-2024-00167,1
PAIR-000992,erp,document,PRJ-2024-00167,PRJ-2024-00167,PRJ-2024-00167,PRJ-2024-00167,1
PAIR-000993,partner,document,PRJ-2024-00167,PRJ-2024-00167,PRJ-2024-00167,PRJ-2024-00167,1
PAIR-000994,crm,erp,PRJ-2024-00168,PRJ-2024-00168,PRJ-2024-00168,PRJ-2024-00168,1
PAIR-000995,crm,partner,PRJ-2024-00168,PRJ-2024-00168,PRJ-2024-00168,PRJ-2024-00168,1
PAIR-000996,crm,document,PRJ-2024-00168,PRJ-2024-00168,PRJ-2024-00168,PRJ-2024-00168,1
PAIR-000997,erp,partner,PRJ-2024-00168,PRJ-2024-00168,PRJ-2024-00168,PRJ-2024-00168,1
PAIR-000998,erp,document,PRJ-2024-00168,PRJ-2024-00168,PRJ-2024-00168,PRJ-2024-00168,1
PAIR-000999,partner,document,PRJ-2024-00168,PRJ-2024-00168,PRJ-2024-00168,PRJ-2024-00168,1
PAIR-001000,crm,erp,PRJ-2024-00169,PRJ-2024-00169,PRJ-2024-00169,PRJ-2024-00169,1
PAIR-001001,crm,partner,PRJ-2024-00169,PRJ-2024-00169,PRJ-2024-00169,PRJ-2024-00169,1
PAIR-001002,crm,document,PRJ-2024-00169,PRJ-2024-00169,PRJ-2024-00169,PRJ-2024-00169,1
PAIR-001003,erp,partner,PRJ-2024-00169,PRJ-2024-00169,PRJ-2024-00169,PRJ-2024-00169,1
PAIR-001004,erp,document,PRJ-2024-00169,PRJ-2024-00169,PRJ-2024-00169,PRJ-2024-00169,1
PAIR-001005,partner,document,PRJ-2024-00169,PRJ-2024-00169,PRJ-2024-00169,PRJ-2024-00169,1
PAIR-001006,crm,erp,PRJ-2024-00170,PRJ-2024-00170,PRJ-2024-00170,PRJ-2024-00170,1
PAIR-001007,crm,partner,PRJ-2024-00170,PRJ-2024-00170,PRJ-2024-00170,PRJ-2024-00170,1
PAIR-001008,crm,document,PRJ-2024-00170,PRJ-2024-00170,PRJ-2024-00170,PRJ-2024-00170,1
PAIR-001009,erp,partner,PRJ-2024-00170,PRJ-2024-00170,PRJ-2024-00170,PRJ-2024-00170,1
PAIR-001010,erp,document,PRJ-2024-00170,PRJ-2024-00170,PRJ-2024-00170,PRJ-2024-00170,1
PAIR-001011,partner,document,PRJ-2024-00170,PRJ-2024-00170,PRJ-2024-00170,PRJ-2024-00170,1
PAIR-001012,crm,erp,PRJ-2024-00171,PRJ-2024-00171,PRJ-2024-00171,PRJ-2024-00171,1
PAIR-001013,crm,partner,PRJ-2024-00171,PRJ-2024-00171,PRJ-2024-00171,PRJ-2024-00171,1
PAIR-001014,crm,document,PRJ-2024-00171,PRJ-2024-00171,PRJ-2024-00171,PRJ-2024-00171,1
PAIR-001015,erp,partner,PRJ-2024-00171,PRJ-2024-00171,PRJ-2024-00171,PRJ-2024-00171,1
PAIR-001016,erp,document,PRJ-2024-00171,PRJ-2024-00171,PRJ-2024-00171,PRJ-2024-00171,1
PAIR-001017,partner,document,PRJ-2024-00171,PRJ-2024-00171,PRJ-2024-00171,PRJ-2024-00171,1
PAIR-001018,crm,erp,PRJ-2024-00172,PRJ-2024-00172,PRJ-2024-00172,PRJ-2024-00172,1
PAIR-001019,crm,partner,PRJ-2024-00172,PRJ-2024-00172,PRJ-2024-00172,PRJ-2024-00172,1
PAIR-001020,crm,document,PRJ-2024-00172,PRJ-2024-00172,PRJ-2024-00172,PRJ-2024-00172,1
PAIR-001021,erp,partner,PRJ-2024-00172,PRJ-2024-00172,PRJ-2024-00172,PRJ-2024-00172,1
PAIR-001022,erp,document,PRJ-2024-00172,PRJ-2024-00172,PRJ-2024-00172,PRJ-2024-00172,1
PAIR-001023,partner,document,PRJ-2024-00172,PRJ-2024-00172,PRJ-2024-00172,PRJ-2024-00172,1
PAIR-001024,crm,erp,PRJ-2024-00173,PRJ-2024-00173,PRJ-2024-00173,PRJ-2024-00173,1
PAIR-001025,crm,partner,PRJ-2024-00173,PRJ-2024-00173,PRJ-2024-00173,PRJ-2024-00173,1
PAIR-001026,crm,document,PRJ-2024-00173,PRJ-2024-00173,PRJ-2024-00173,PRJ-2024-00173,1
PAIR-001027,erp,partner,PRJ-2024-00173,PRJ-2024-00173,PRJ-2024-00173,PRJ-2024-00173,1
PAIR-001028,erp,document,PRJ-2024-00173,PRJ-2024-00173,PRJ-2024-00173,PRJ-2024-00173,1
PAIR-001029,partner,document,PRJ-2024-00173,PRJ-2024-00173,PRJ-2024-00173,PRJ-2024-00173,1
PAIR-001030,crm,erp,PRJ-2024-00174,PRJ-2024-00174,PRJ-2024-00174,PRJ-2024-00174,1
PAIR-001031,crm,partner,PRJ-2024-00174,PRJ-2024-00174,PRJ-2024-00174,PRJ-2024-00174,1
PAIR-001032,crm,document,PRJ-2024-00174,PRJ-2024-00174,PRJ-2024-00174,PRJ-2024-00174,1
PAIR-001033,erp,partner,PRJ-2024-00174,PRJ-2024-00174,PRJ-2024-00174,PRJ-2024-00174,1
PAIR-001034,erp,document,PRJ-2024-00174,PRJ-2024-00174,PRJ-2024-00174,PRJ-2024-00174,1
PAIR-001035,partner,document,PRJ-2024-00174,PRJ-2024-00174,PRJ-2024-00174,PRJ-2024-00174,1
PAIR-001036,crm,erp,PRJ-2024-00175,PRJ-2024-00175,PRJ-2024-00175,PRJ-2024-00175,1
PAIR-001037,crm,partner,PRJ-2024-00175,PRJ-2024-00175,PRJ-2024-00175,PRJ-2024-00175,1
PAIR-001038,crm,document,PRJ-2024-00175,PRJ-2024-00175,PRJ-2024-00175,PRJ-2024-00175,1
PAIR-001039,erp,partner,PRJ-2024-00175,PRJ-2024-00175,PRJ-2024-00175,PRJ-2024-00175,1
PAIR-001040,erp,document,PRJ-2024-00175,PRJ-2024-00175,PRJ-2024-00175,PRJ-2024-00175,1
PAIR-001041,partner,document,PRJ-2024-00175,PRJ-2024-00175,PRJ-2024-00175,PRJ-2024-00175,1
PAIR-001042,crm,erp,PRJ-2024-00176,PRJ-2024-00176,PRJ-2024-00176,PRJ-2024-00176,1
PAIR-001043,crm,partner,PRJ-2024-00176,PRJ-2024-00176,PRJ-2024-00176,PRJ-2024-00176,1
PAIR-001044,crm,document,PRJ-2024-00176,PRJ-2024-00176,PRJ-2024-00176,PRJ-2024-00176,1
PAIR-001045,erp,partner,PRJ-2024-00176,PRJ-2024-00176,PRJ-2024-00176,PRJ-2024-00176,1
PAIR-001046,erp,document,PRJ-2024-00176,PRJ-2024-00176,PRJ-2024-00176,PRJ-2024-00176,1
PAIR-001047,partner,document,PRJ-2024-00176,PRJ-2024-00176,PRJ-2024-00176,PRJ-2024-00176,1
PAIR-001048,crm,erp,PRJ-2024-00177,PRJ-2024-00177,PRJ-2024-00177,PRJ-2024-00177,1
PAIR-001049,crm,partner,PRJ-2024-00177,PRJ-2024-00177,PRJ-2024-00177,PRJ-2024-00177,1
PAIR-001050,crm,document,PRJ-2024-00177,PRJ-2024-00177,PRJ-2024-00177,PRJ-2024-00177,1
PAIR-001051,erp,partner,PRJ-2024-00177,PRJ-2024-00177,PRJ-2024-00177,PRJ-2024-00177,1
PAIR-001052,erp,document,PRJ-2024-00177,PRJ-2024-00177,PRJ-2024-00177,PRJ-2024-00177,1
PAIR-001053,partner,document,PRJ-2024-00177,PRJ-2024-00177,PRJ-2024-00177,PRJ-2024-00177,1
PAIR-001054,crm,erp,PRJ-2024-00178,PRJ-2024-00178,PRJ-2024-00178,PRJ-2024-00178,1
PAIR-001055,crm,partner,PRJ-2024-00178,PRJ-2024-00178,PRJ-2024-00178,PRJ-2024-00178,1
PAIR-001056,crm,document,PRJ-2024-00178,PRJ-2024-00178,PRJ-2024-00178,PRJ-2024-00178,1
PAIR-001057,erp,partner,PRJ-2024-00178,PRJ-2024-00178,PRJ-2024-00178,PRJ-2024-00178,1
PAIR-001058,erp,document,PRJ-2024-00178,PRJ-2024-00178,PRJ-2024-00178,PRJ-2024-00178,1
PAIR-001059,partner,document,PRJ-2024-00178,PRJ-2024-00178,PRJ-2024-00178,PRJ-2024-00178,1
PAIR-001060,crm,erp,PRJ-2024-00179,PRJ-2024-00179,PRJ-2024-00179,PRJ-2024-00179,1
PAIR-001061,crm,partner,PRJ-2024-00179,PRJ-2024-00179,PRJ-2024-00179,PRJ-2024-00179,1
PAIR-001062,crm,document,PRJ-2024-00179,PRJ-2024-00179,PRJ-2024-00179,PRJ-2024-00179,1
PAIR-001063,erp,partner,PRJ-2024-00179,PRJ-2024-00179,PRJ-2024-00179,PRJ-2024-00179,1
PAIR-001064,erp,document,PRJ-2024-00179,PRJ-2024-00179,PRJ-2024-00179,PRJ-2024-00179,1
PAIR-001065,partner,document,PRJ-2024-00179,PRJ-2024-00179,PRJ-2024-00179,PRJ-2024-00179,1
PAIR-001066,crm,erp,PRJ-2024-00180,PRJ-2024-00180,PRJ-2024-00180,PRJ-2024-00180,1
PAIR-001067,crm,partner,PRJ-2024-00180,PRJ-2024-00180,PRJ-2024-00180,PRJ-2024-00180,1
PAIR-001068,crm,document,PRJ-2024-00180,PRJ-2024-00180,PRJ-2024-00180,PRJ-2024-00180,1
PAIR-001069,erp,partner,PRJ-2024-00180,PRJ-2024-00180,PRJ-2024-00180,PRJ-2024-00180,1
PAIR-001070,erp,document,PRJ-2024-00180,PRJ-2024-00180,PRJ-2024-00180,PRJ-2024-00180,1
PAIR-001071,partner,document,PRJ-2024-00180,PRJ-2024-00180,PRJ-2024-00180,PRJ-2024-00180,1
PAIR-001072,crm,erp,PRJ-2024-00181,PRJ-2024-00181,PRJ-2024-00181,PRJ-2024-00181,1
PAIR-001073,crm,partner,PRJ-2024-00181,PRJ-2024-00181,PRJ-2024-00181,PRJ-2024-00181,1
PAIR-001074,crm,document,PRJ-2024-00181,PRJ-2024-00181,PRJ-2024-00181,PRJ-2024-00181,1
PAIR-001075,erp,partner,PRJ-2024-00181,PRJ-2024-00181,PRJ-2024-00181,PRJ-2024-00181,1
PAIR-001076,erp,document,PRJ-2024-00181,PRJ-2024-00181,PRJ-2024-00181,PRJ-2024-00181,1
PAIR-001077,partner,document,PRJ-2024-00181,PRJ-2024-00181,PRJ-2024-00181,PRJ-2024-00181,1
PAIR-001078,crm,erp,PRJ-2024-00182,PRJ-2024-00182,PRJ-2024-00182,PRJ-2024-00182,1
PAIR-001079,crm,partner,PRJ-2024-00182,PRJ-2024-00182,PRJ-2024-00182,PRJ-2024-00182,1
PAIR-001080,crm,document,PRJ-2024-00182,PRJ-2024-00182,PRJ-2024-00182,PRJ-2024-00182,1
PAIR-001081,erp,partner,PRJ-2024-00182,PRJ-2024-00182,PRJ-2024-00182,PRJ-2024-00182,1
PAIR-001082,erp,document,PRJ-2024-00182,PRJ-2024-00182,PRJ-2024-00182,PRJ-2024-00182,1
PAIR-001083,partner,document,PRJ-2024-00182,PRJ-2024-00182,PRJ-2024-00182,PRJ-2024-00182,1
PAIR-001084,crm,erp,PRJ-2024-00183,PRJ-2024-00183,PRJ-2024-00183,PRJ-2024-00183,1
PAIR-001085,crm,partner,PRJ-2024-00183,PRJ-2024-00183,PRJ-2024-00183,PRJ-2024-00183,1
PAIR-001086,crm,document,PRJ-2024-00183,PRJ-2024-00183,PRJ-2024-00183,PRJ-2024-00183,1
PAIR-001087,erp,partner,PRJ-2024-00183,PRJ-2024-00183,PRJ-2024-00183,PRJ-2024-00183,1
PAIR-001088,erp,document,PRJ-2024-00183,PRJ-2024-00183,PRJ-2024-00183,PRJ-2024-00183,1
PAIR-001089,partner,document,PRJ-2024-00183,PRJ-2024-00183,PRJ-2024-00183,PRJ-2024-00183,1
PAIR-001090,crm,erp,PRJ-2024-00184,PRJ-2024-00184,PRJ-2024-00184,PRJ-2024-00184,1
PAIR-001091,crm,partner,PRJ-2024-00184,PRJ-2024-00184,PRJ-2024-00184,PRJ-2024-00184,1
PAIR-001092,crm,document,PRJ-2024-00184,PRJ-2024-00184,PRJ-2024-00184,PRJ-2024-00184,1
PAIR-001093,erp,partner,PRJ-2024-00184,PRJ-2024-00184,PRJ-2024-00184,PRJ-2024-00184,1
PAIR-001094,erp,document,PRJ-2024-00184,PRJ-2024-00184,PRJ-2024-00184,PRJ-2024-00184,1
PAIR-001095,partner,document,PRJ-2024-00184,PRJ-2024-00184,PRJ-2024-00184,PRJ-2024-00184,1
PAIR-001096,crm,erp,PRJ-2024-00185,PRJ-2024-00185,PRJ-2024-00185,PRJ-2024-00185,1
PAIR-001097,crm,partner,PRJ-2024-00185,PRJ-2024-00185,PRJ-2024-00185,PRJ-2024-00185,1
PAIR-001098,crm,document,PRJ-2024-00185,PRJ-2024-00185,PRJ-2024-00185,PRJ-2024-00185,1
PAIR-001099,erp,partner,PRJ-2024-00185,PRJ-2024-00185,PRJ-2024-00185,PRJ-2024-00185,1
PAIR-001100,erp,document,PRJ-2024-00185,PRJ-2024-00185,PRJ-2024-00185,PRJ-2024-00185,1
PAIR-001101,partner,document,PRJ-2024-00185,PRJ-2024-00185,PRJ-2024-00185,PRJ-2024-00185,1
PAIR-001102,crm,erp,PRJ-2024-00186,PRJ-2024-00186,PRJ-2024-00186,PRJ-2024-00186,1
PAIR-001103,crm,partner,PRJ-2024-00186,PRJ-2024-00186,PRJ-2024-00186,PRJ-2024-00186,1
PAIR-001104,crm,document,PRJ-2024-00186,PRJ-2024-00186,PRJ-2024-00186,PRJ-2024-00186,1
PAIR-001105,erp,partner,PRJ-2024-00186,PRJ-2024-00186,PRJ-2024-00186,PRJ-2024-00186,1
PAIR-001106,erp,document,PRJ-2024-00186,PRJ-2024-00186,PRJ-2024-00186,PRJ-2024-00186,1
PAIR-001107,partner,document,PRJ-2024-00186,PRJ-2024-00186,PRJ-2024-00186,PRJ-2024-00186,1
PAIR-001108,crm,erp,PRJ-2024-00187,PRJ-2024-00187,PRJ-2024-00187,PRJ-2024-00187,1
PAIR-001109,crm,partner,PRJ-2024-00187,PRJ-2024-00187,PRJ-2024-00187,PRJ-2024-00187,1
PAIR-001110,crm,document,PRJ-2024-00187,PRJ-2024-00187,PRJ-2024-00187,PRJ-2024-00187,1
PAIR-001111,erp,partner,PRJ-2024-00187,PRJ-2024-00187,PRJ-2024-00187,PRJ-2024-00187,1
PAIR-001112,erp,document,PRJ-2024-00187,PRJ-2024-00187,PRJ-2024-00187,PRJ-2024-00187,1
PAIR-001113,partner,document,PRJ-2024-00187,PRJ-2024-00187,PRJ-2024-00187,PRJ-2024-00187,1
PAIR-001114,crm,erp,PRJ-2024-00188,PRJ-2024-00188,PRJ-2024-00188,PRJ-2024-00188,1
PAIR-001115,crm,partner,PRJ-2024-00188,PRJ-2024-00188,PRJ-2024-00188,PRJ-2024-00188,1
PAIR-001116,crm,document,PRJ-2024-00188,PRJ-2024-00188,PRJ-2024-00188,PRJ-2024-00188,1
PAIR-001117,erp,partner,PRJ-2024-00188,PRJ-2024-00188,PRJ-2024-00188,PRJ-2024-00188,1
PAIR-001118,erp,document,PRJ-2024-00188,PRJ-2024-00188,PRJ-2024-00188,PRJ-2024-00188,1
PAIR-001119,partner,document,PRJ-2024-00188,PRJ-2024-00188,PRJ-2024-00188,PRJ-2024-00188,1
PAIR-001120,crm,erp,PRJ-2024-00189,PRJ-2024-00189,PRJ-2024-00189,PRJ-2024-00189,1
PAIR-001121,crm,partner,PRJ-2024-00189,PRJ-2024-00189,PRJ-2024-00189,PRJ-2024-00189,1
PAIR-001122,crm,document,PRJ-2024-00189,PRJ-2024-00189,PRJ-2024-00189,PRJ-2024-00189,1
PAIR-001123,erp,partner,PRJ-2024-00189,PRJ-2024-00189,PRJ-2024-00189,PRJ-2024-00189,1
PAIR-001124,erp,document,PRJ-2024-00189,PRJ-2024-00189,PRJ-2024-00189,PRJ-2024-00189,1
PAIR-001125,partner,document,PRJ-2024-00189,PRJ-2024-00189,PRJ-2024-00189,PRJ-2024-00189,1
PAIR-001126,crm,erp,PRJ-2024-00190,PRJ-2024-00190,PRJ-2024-00190,PRJ-2024-00190,1
PAIR-001127,crm,partner,PRJ-2024-00190,PRJ-2024-00190,PRJ-2024-00190,PRJ-2024-00190,1
PAIR-001128,crm,document,PRJ-2024-00190,PRJ-2024-00190,PRJ-2024-00190,PRJ-2024-00190,1
PAIR-001129,erp,partner,PRJ-2024-00190,PRJ-2024-00190,PRJ-2024-00190,PRJ-2024-00190,1
PAIR-001130,erp,document,PRJ-2024-00190,PRJ-2024-00190,PRJ-2024-00190,PRJ-2024-00190,1
PAIR-001131,partner,document,PRJ-2024-00190,PRJ-2024-00190,PRJ-2024-00190,PRJ-2024-00190,1
PAIR-001132,crm,erp,PRJ-2024-00191,PRJ-2024-00191,PRJ-2024-00191,PRJ-2024-00191,1
PAIR-001133,crm,partner,PRJ-2024-00191,PRJ-2024-00191,PRJ-2024-00191,PRJ-2024-00191,1
PAIR-001134,crm,document,PRJ-2024-00191,PRJ-2024-00191,PRJ-2024-00191,PRJ-2024-00191,1
PAIR-001135,erp,partner,PRJ-2024-00191,PRJ-2024-00191,PRJ-2024-00191,PRJ-2024-00191,1
PAIR-001136,erp,document,PRJ-2024-00191,PRJ-2024-00191,PRJ-2024-00191,PRJ-2024-00191,1
PAIR-001137,partner,document,PRJ-2024-00191,PRJ-2024-00191,PRJ-2024-00191,PRJ-2024-00191,1
PAIR-001138,crm,erp,PRJ-2024-00192,PRJ-2024-00192,PRJ-2024-00192,PRJ-2024-00192,1
PAIR-001139,crm,partner,PRJ-2024-00192,PRJ-2024-00192,PRJ-2024-00192,PRJ-2024-00192,1
PAIR-001140,crm,document,PRJ-2024-00192,PRJ-2024-00192,PRJ-2024-00192,PRJ-2024-00192,1
PAIR-001141,erp,partner,PRJ-2024-00192,PRJ-2024-00192,PRJ-2024-00192,PRJ-2024-00192,1
PAIR-001142,erp,document,PRJ-2024-00192,PRJ-2024-00192,PRJ-2024-00192,PRJ-2024-00192,1
PAIR-001143,partner,document,PRJ-2024-00192,PRJ-2024-00192,PRJ-2024-00192,PRJ-2024-00192,1
PAIR-001144,crm,erp,PRJ-2024-00193,PRJ-2024-00193,PRJ-2024-00193,PRJ-2024-00193,1
PAIR-001145,crm,partner,PRJ-2024-00193,PRJ-2024-00193,PRJ-2024-00193,PRJ-2024-00193,1
PAIR-001146,crm,document,PRJ-2024-00193,PRJ-2024-00193,PRJ-2024-00193,PRJ-2024-00193,1
PAIR-001147,erp,partner,PRJ-2024-00193,PRJ-2024-00193,PRJ-2024-00193,PRJ-2024-00193,1
PAIR-001148,erp,document,PRJ-2024-00193,PRJ-2024-00193,PRJ-2024-00193,PRJ-2024-00193,1
PAIR-001149,partner,document,PRJ-2024-00193,PRJ-2024-00193,PRJ-2024-00193,PRJ-2024-00193,1
PAIR-001150,crm,erp,PRJ-2024-00194,PRJ-2024-00194,PRJ-2024-00194,PRJ-2024-00194,1
PAIR-001151,crm,partner,PRJ-2024-00194,PRJ-2024-00194,PRJ-2024-00194,PRJ-2024-00194,1
PAIR-001152,crm,document,PRJ-2024-00194,PRJ-2024-00194,PRJ-2024-00194,PRJ-2024-00194,1
PAIR-001153,erp,partner,PRJ-2024-00194,PRJ-2024-00194,PRJ-2024-00194,PRJ-2024-00194,1
PAIR-001154,erp,document,PRJ-2024-00194,PRJ-2024-00194,PRJ-2024-00194,PRJ-2024-00194,1
PAIR-001155,partner,document,PRJ-2024-00194,PRJ-2024-00194,PRJ-2024-00194,PRJ-2024-00194,1
PAIR-001156,crm,erp,PRJ-2024-00195,PRJ-2024-00195,PRJ-2024-00195,PRJ-2024-00195,1
PAIR-001157,crm,partner,PRJ-2024-00195,PRJ-2024-00195,PRJ-2024-00195,PRJ-2024-00195,1
PAIR-001158,crm,document,PRJ-2024-00195,PRJ-2024-00195,PRJ-2024-00195,PRJ-2024-00195,1
PAIR-001159,erp,partner,PRJ-2024-00195,PRJ-2024-00195,PRJ-2024-00195,PRJ-2024-00195,1
PAIR-001160,erp,document,PRJ-2024-00195,PRJ-2024-00195,PRJ-2024-00195,PRJ-2024-00195,1
PAIR-001161,partner,document,PRJ-2024-00195,PRJ-2024-00195,PRJ-2024-00195,PRJ-2024-00195,1
PAIR-001162,crm,erp,PRJ-2024-00196,PRJ-2024-00196,PRJ-2024-00196,PRJ-2024-00196,1
PAIR-001163,crm,partner,PRJ-2024-00196,PRJ-2024-00196,PRJ-2024-00196,PRJ-2024-00196,1
PAIR-001164,crm,document,PRJ-2024-00196,PRJ-2024-00196,PRJ-2024-00196,PRJ-2024-00196,1
PAIR-001165,erp,partner,PRJ-2024-00196,PRJ-2024-00196,PRJ-2024-00196,PRJ-2024-00196,1
PAIR-001166,erp,document,PRJ-2024-00196,PRJ-2024-00196,PRJ-2024-00196,PRJ-2024-00196,1
PAIR-001167,partner,document,PRJ-2024-00196,PRJ-2024-00196,PRJ-2024-00196,PRJ-2024-00196,1
PAIR-001168,crm,erp,PRJ-2024-00197,PRJ-2024-00197,PRJ-2024-00197,PRJ-2024-00197,1
PAIR-001169,crm,partner,PRJ-2024-00197,PRJ-2024-00197,PRJ-2024-00197,PRJ-2024-00197,1
PAIR-001170,crm,document,PRJ-2024-00197,PRJ-2024-00197,PRJ-2024-00197,PRJ-2024-00197,1
PAIR-001171,erp,partner,PRJ-2024-00197,PRJ-2024-00197,PRJ-2024-00197,PRJ-2024-00197,1
PAIR-001172,erp,document,PRJ-2024-00197,PRJ-2024-00197,PRJ-2024-00197,PRJ-2024-00197,1
PAIR-001173,partner,document,PRJ-2024-00197,PRJ-2024-00197,PRJ-2024-00197,PRJ-2024-00197,1
PAIR-001174,crm,erp,PRJ-2024-00198,PRJ-2024-00198,PRJ-2024-00198,PRJ-2024-00198,1
PAIR-001175,crm,partner,PRJ-2024-00198,PRJ-2024-00198,PRJ-2024-00198,PRJ-2024-00198,1
PAIR-001176,crm,document,PRJ-2024-00198,PRJ-2024-00198,PRJ-2024-00198,PRJ-2024-00198,1
PAIR-001177,erp,partner,PRJ-2024-00198,PRJ-2024-00198,PRJ-2024-00198,PRJ-2024-00198,1
PAIR-001178,erp,document,PRJ-2024-00198,PRJ-2024-00198,PRJ-2024-00198,PRJ-2024-00198,1
PAIR-001179,partner,document,PRJ-2024-00198,PRJ-2024-00198,PRJ-2024-00198,PRJ-2024-00198,1
PAIR-001180,crm,erp,PRJ-2024-00199,PRJ-2024-00199,PRJ-2024-00199,PRJ-2024-00199,1
PAIR-001181,crm,partner,PRJ-2024-00199,PRJ-2024-00199,PRJ-2024-00199,PRJ-2024-00199,1
PAIR-001182,crm,document,PRJ-2024-00199,PRJ-2024-00199,PRJ-2024-00199,PRJ-2024-00199,1
PAIR-001183,erp,partner,PRJ-2024-00199,PRJ-2024-00199,PRJ-2024-00199,PRJ-2024-00199,1
PAIR-001184,erp,document,PRJ-2024-00199,PRJ-2024-00199,PRJ-2024-00199,PRJ-2024-00199,1
PAIR-001185,partner,document,PRJ-2024-00199,PRJ-2024-00199,PRJ-2024-00199,PRJ-2024-00199,1
PAIR-001186,crm,erp,PRJ-2024-00200,PRJ-2024-00200,PRJ-2024-00200,PRJ-2024-00200,1
PAIR-001187,crm,partner,PRJ-2024-00200,PRJ-2024-00200,PRJ-2024-00200,PRJ-2024-00200,1
PAIR-001188,crm,document,PRJ-2024-00200,PRJ-2024-00200,PRJ-2024-00200,PRJ-2024-00200,1
PAIR-001189,erp,partner,PRJ-2024-00200,PRJ-2024-00200,PRJ-2024-00200,PRJ-2024-00200,1
PAIR-001190,erp,document,PRJ-2024-00200,PRJ-2024-00200,PRJ-2024-00200,PRJ-2024-00200,1
PAIR-001191,partner,document,PRJ-2024-00200,PRJ-2024-00200,PRJ-2024-00200,PRJ-2024-00200,1
PAIR-001192,crm,erp,PRJ-2024-00201,PRJ-2024-00201,PRJ-2024-00201,PRJ-2024-00201,1
PAIR-001193,crm,partner,PRJ-2024-00201,PRJ-2024-00201,PRJ-2024-00201,PRJ-2024-00201,1
PAIR-001194,crm,document,PRJ-2024-00201,PRJ-2024-00201,PRJ-2024-00201,PRJ-2024-00201,1
PAIR-001195,erp,partner,PRJ-2024-00201,PRJ-2024-00201,PRJ-2024-00201,PRJ-2024-00201,1
PAIR-001196,erp,document,PRJ-2024-00201,PRJ-2024-00201,PRJ-2024-00201,PRJ-2024-00201,1
PAIR-001197,partner,document,PRJ-2024-00201,PRJ-2024-00201,PRJ-2024-00201,PRJ-2024-00201,1
PAIR-001198,crm,erp,PRJ-2024-00202,PRJ-2024-00202,PRJ-2024-00202,PRJ-2024-00202,1
PAIR-001199,crm,partner,PRJ-2024-00202,PRJ-2024-00202,PRJ-2024-00202,PRJ-2024-00202,1
PAIR-001200,crm,document,PRJ-2024-00202,PRJ-2024-00202,PRJ-2024-00202,PRJ-2024-00202,1
PAIR-001201,erp,partner,PRJ-2024-00202,PRJ-2024-00202,PRJ-2024-00202,PRJ-2024-00202,1
PAIR-001202,erp,document,PRJ-2024-00202,PRJ-2024-00202,PRJ-2024-00202,PRJ-2024-00202,1
PAIR-001203,partner,document,PRJ-2024-00202,PRJ-2024-00202,PRJ-2024-00202,PRJ-2024-00202,1
PAIR-001204,crm,erp,PRJ-2024-00203,PRJ-2024-00203,PRJ-2024-00203,PRJ-2024-00203,1
PAIR-001205,crm,partner,PRJ-2024-00203,PRJ-2024-00203,PRJ-2024-00203,PRJ-2024-00203,1
PAIR-001206,crm,document,PRJ-2024-00203,PRJ-2024-00203,PRJ-2024-00203,PRJ-2024-00203,1
PAIR-001207,erp,partner,PRJ-2024-00203,PRJ-2024-00203,PRJ-2024-00203,PRJ-2024-00203,1
PAIR-001208,erp,document,PRJ-2024-00203,PRJ-2024-00203,PRJ-2024-00203,PRJ-2024-00203,1
PAIR-001209,partner,document,PRJ-2024-00203,PRJ-2024-00203,PRJ-2024-00203,PRJ-2024-00203,1
PAIR-001210,crm,erp,PRJ-2024-00204,PRJ-2024-00204,PRJ-2024-00204,PRJ-2024-00204,1
PAIR-001211,crm,partner,PRJ-2024-00204,PRJ-2024-00204,PRJ-2024-00204,PRJ-2024-00204,1
PAIR-001212,crm,document,PRJ-2024-00204,PRJ-2024-00204,PRJ-2024-00204,PRJ-2024-00204,1
PAIR-001213,erp,partner,PRJ-2024-00204,PRJ-2024-00204,PRJ-2024-00204,PRJ-2024-00204,1
PAIR-001214,erp,document,PRJ-2024-00204,PRJ-2024-00204,PRJ-2024-00204,PRJ-2024-00204,1
PAIR-001215,partner,document,PRJ-2024-00204,PRJ-2024-00204,PRJ-2024-00204,PRJ-2024-00204,1
PAIR-001216,crm,erp,PRJ-2024-00205,PRJ-2024-00205,PRJ-2024-00205,PRJ-2024-00205,1
PAIR-001217,crm,partner,PRJ-2024-00205,PRJ-2024-00205,PRJ-2024-00205,PRJ-2024-00205,1
PAIR-001218,crm,document,PRJ-2024-00205,PRJ-2024-00205,PRJ-2024-00205,PRJ-2024-00205,1
PAIR-001219,erp,partner,PRJ-2024-00205,PRJ-2024-00205,PRJ-2024-00205,PRJ-2024-00205,1
PAIR-001220,erp,document,PRJ-2024-00205,PRJ-2024-00205,PRJ-2024-00205,PRJ-2024-00205,1
PAIR-001221,partner,document,PRJ-2024-00205,PRJ-2024-00205,PRJ-2024-00205,PRJ-2024-00205,1
PAIR-001222,crm,erp,PRJ-2024-00206,PRJ-2024-00206,PRJ-2024-00206,PRJ-2024-00206,1
PAIR-001223,crm,partner,PRJ-2024-00206,PRJ-2024-00206,PRJ-2024-00206,PRJ-2024-00206,1
PAIR-001224,crm,document,PRJ-2024-00206,PRJ-2024-00206,PRJ-2024-00206,PRJ-2024-00206,1
PAIR-001225,erp,partner,PRJ-2024-00206,PRJ-2024-00206,PRJ-2024-00206,PRJ-2024-00206,1
PAIR-001226,erp,document,PRJ-2024-00206,PRJ-2024-00206,PRJ-2024-00206,PRJ-2024-00206,1
PAIR-001227,partner,document,PRJ-2024-00206,PRJ-2024-00206,PRJ-2024-00206,PRJ-2024-00206,1
PAIR-001228,crm,erp,PRJ-2024-00207,PRJ-2024-00207,PRJ-2024-00207,PRJ-2024-00207,1
PAIR-001229,crm,partner,PRJ-2024-00207,PRJ-2024-00207,PRJ-2024-00207,PRJ-2024-00207,1
PAIR-001230,crm,document,PRJ-2024-00207,PRJ-2024-00207,PRJ-2024-00207,PRJ-2024-00207,1
PAIR-001231,erp,partner,PRJ-2024-00207,PRJ-2024-00207,PRJ-2024-00207,PRJ-2024-00207,1
PAIR-001232,erp,document,PRJ-2024-00207,PRJ-2024-00207,PRJ-2024-00207,PRJ-2024-00207,1
PAIR-001233,partner,document,PRJ-2024-00207,PRJ-2024-00207,PRJ-2024-00207,PRJ-2024-00207,1
PAIR-001234,crm,erp,PRJ-2024-00208,PRJ-2024-00208,PRJ-2024-00208,PRJ-2024-00208,1
PAIR-001235,crm,partner,PRJ-2024-00208,PRJ-2024-00208,PRJ-2024-00208,PRJ-2024-00208,1
PAIR-001236,crm,document,PRJ-2024-00208,PRJ-2024-00208,PRJ-2024-00208,PRJ-2024-00208,1
PAIR-001237,erp,partner,PRJ-2024-00208,PRJ-2024-00208,PRJ-2024-00208,PRJ-2024-00208,1
PAIR-001238,erp,document,PRJ-2024-00208,PRJ-2024-00208,PRJ-2024-00208,PRJ-2024-00208,1
PAIR-001239,partner,document,PRJ-2024-00208,PRJ-2024-00208,PRJ-2024-00208,PRJ-2024-00208,1
PAIR-001240,crm,erp,PRJ-2024-00209,PRJ-2024-00209,PRJ-2024-00209,PRJ-2024-00209,1
PAIR-001241,crm,partner,PRJ-2024-00209,PRJ-2024-00209,PRJ-2024-00209,PRJ-2024-00209,1
PAIR-001242,crm,document,PRJ-2024-00209,PRJ-2024-00209,PRJ-2024-00209,PRJ-2024-00209,1
PAIR-001243,erp,partner,PRJ-2024-00209,PRJ-2024-00209,PRJ-2024-00209,PRJ-2024-00209,1
PAIR-001244,erp,document,PRJ-2024-00209,PRJ-2024-00209,PRJ-2024-00209,PRJ-2024-00209,1
PAIR-001245,partner,document,PRJ-2024-00209,PRJ-2024-00209,PRJ-2024-00209,PRJ-2024-00209,1
PAIR-001246,crm,erp,PRJ-2024-00210,PRJ-2024-00210,PRJ-2024-00210,PRJ-2024-00210,1
PAIR-001247,crm,partner,PRJ-2024-00210,PRJ-2024-00210,PRJ-2024-00210,PRJ-2024-00210,1
PAIR-001248,crm,document,PRJ-2024-00210,PRJ-2024-00210,PRJ-2024-00210,PRJ-2024-00210,1
PAIR-001249,erp,partner,PRJ-2024-00210,PRJ-2024-00210,PRJ-2024-00210,PRJ-2024-00210,1
PAIR-001250,erp,document,PRJ-2024-00210,PRJ-2024-00210,PRJ-2024-00210,PRJ-2024-00210,1
PAIR-001251,partner,document,PRJ-2024-00210,PRJ-2024-00210,PRJ-2024-00210,PRJ-2024-00210,1
PAIR-001252,crm,erp,PRJ-2024-00211,PRJ-2024-00211,PRJ-2024-00211,PRJ-2024-00211,1
PAIR-001253,crm,partner,PRJ-2024-00211,PRJ-2024-00211,PRJ-2024-00211,PRJ-2024-00211,1
PAIR-001254,crm,document,PRJ-2024-00211,PRJ-2024-00211,PRJ-2024-00211,PRJ-2024-00211,1
PAIR-001255,erp,partner,PRJ-2024-00211,PRJ-2024-00211,PRJ-2024-00211,PRJ-2024-00211,1
PAIR-001256,erp,document,PRJ-2024-00211,PRJ-2024-00211,PRJ-2024-00211,PRJ-2024-00211,1
PAIR-001257,partner,document,PRJ-2024-00211,PRJ-2024-00211,PRJ-2024-00211,PRJ-2024-00211,1
PAIR-001258,crm,erp,PRJ-2024-00212,PRJ-2024-00212,PRJ-2024-00212,PRJ-2024-00212,1
PAIR-001259,crm,partner,PRJ-2024-00212,PRJ-2024-00212,PRJ-2024-00212,PRJ-2024-00212,1
PAIR-001260,erp,partner,PRJ-2024-00212,PRJ-2024-00212,PRJ-2024-00212,PRJ-2024-00212,1
PAIR-001261,crm,erp,PRJ-2024-00213,PRJ-2024-00213,PRJ-2024-00213,PRJ-2024-00213,1
PAIR-001262,crm,partner,PRJ-2024-00213,PRJ-2024-00213,PRJ-2024-00213,PRJ-2024-00213,1
PAIR-001263,crm,document,PRJ-2024-00213,PRJ-2024-00213,PRJ-2024-00213,PRJ-2024-00213,1
PAIR-001264,erp,partner,PRJ-2024-00213,PRJ-2024-00213,PRJ-2024-00213,PRJ-2024-00213,1
PAIR-001265,erp,document,PRJ-2024-00213,PRJ-2024-00213,PRJ-2024-00213,PRJ-2024-00213,1
PAIR-001266,partner,document,PRJ-2024-00213,PRJ-2024-00213,PRJ-2024-00213,PRJ-2024-00213,1
PAIR-001267,crm,erp,PRJ-2024-00214,PRJ-2024-00214,PRJ-2024-00214,PRJ-2024-00214,1
PAIR-001268,crm,partner,PRJ-2024-00214,PRJ-2024-00214,PRJ-2024-00214,PRJ-2024-00214,1
PAIR-001269,crm,document,PRJ-2024-00214,PRJ-2024-00214,PRJ-2024-00214,PRJ-2024-00214,1
PAIR-001270,erp,partner,PRJ-2024-00214,PRJ-2024-00214,PRJ-2024-00214,PRJ-2024-00214,1
PAIR-001271,erp,document,PRJ-2024-00214,PRJ-2024-00214,PRJ-2024-00214,PRJ-2024-00214,1
PAIR-001272,partner,document,PRJ-2024-00214,PRJ-2024-00214,PRJ-2024-00214,PRJ-2024-00214,1
PAIR-001273,crm,erp,PRJ-2024-00215,PRJ-2024-00215,PRJ-2024-00215,PRJ-2024-00215,1
PAIR-001274,crm,partner,PRJ-2024-00215,PRJ-2024-00215,PRJ-2024-00215,PRJ-2024-00215,1
PAIR-001275,crm,document,PRJ-2024-00215,PRJ-2024-00215,PRJ-2024-00215,PRJ-2024-00215,1
PAIR-001276,erp,partner,PRJ-2024-00215,PRJ-2024-00215,PRJ-2024-00215,PRJ-2024-00215,1
PAIR-001277,erp,document,PRJ-2024-00215,PRJ-2024-00215,PRJ-2024-00215,PRJ-2024-00215,1
PAIR-001278,partner,document,PRJ-2024-00215,PRJ-2024-00215,PRJ-2024-00215,PRJ-2024-00215,1
PAIR-001279,crm,erp,PRJ-2024-00216,PRJ-2024-00216,PRJ-2024-00216,PRJ-2024-00216,1
PAIR-001280,crm,partner,PRJ-2024-00216,PRJ-2024-00216,PRJ-2024-00216,PRJ-2024-00216,1
PAIR-001281,crm,document,PRJ-2024-00216,PRJ-2024-00216,PRJ-2024-00216,PRJ-2024-00216,1
PAIR-001282,erp,partner,PRJ-2024-00216,PRJ-2024-00216,PRJ-2024-00216,PRJ-2024-00216,1
PAIR-001283,erp,document,PRJ-2024-00216,PRJ-2024-00216,PRJ-2024-00216,PRJ-2024-00216,1
PAIR-001284,partner,document,PRJ-2024-00216,PRJ-2024-00216,PRJ-2024-00216,PRJ-2024-00216,1
PAIR-001285,crm,erp,PRJ-2024-00217,PRJ-2024-00217,PRJ-2024-00217,PRJ-2024-00217,1
PAIR-001286,crm,partner,PRJ-2024-00217,PRJ-2024-00217,PRJ-2024-00217,PRJ-2024-00217,1
PAIR-001287,crm,document,PRJ-2024-00217,PRJ-2024-00217,PRJ-2024-00217,PRJ-2024-00217,1
PAIR-001288,erp,partner,PRJ-2024-00217,PRJ-2024-00217,PRJ-2024-00217,PRJ-2024-00217,1
PAIR-001289,erp,document,PRJ-2024-00217,PRJ-2024-00217,PRJ-2024-00217,PRJ-2024-00217,1
PAIR-001290,partner,document,PRJ-2024-00217,PRJ-2024-00217,PRJ-2024-00217,PRJ-2024-00217,1
PAIR-001291,crm,erp,PRJ-2024-00218,PRJ-2024-00218,PRJ-2024-00218,PRJ-2024-00218,1
PAIR-001292,crm,partner,PRJ-2024-00218,PRJ-2024-00218,PRJ-2024-00218,PRJ-2024-00218,1
PAIR-001293,crm,document,PRJ-2024-00218,PRJ-2024-00218,PRJ-2024-00218,PRJ-2024-00218,1
PAIR-001294,erp,partner,PRJ-2024-00218,PRJ-2024-00218,PRJ-2024-00218,PRJ-2024-00218,1
PAIR-001295,erp,document,PRJ-2024-00218,PRJ-2024-00218,PRJ-2024-00218,PRJ-2024-00218,1
PAIR-001296,partner,document,PRJ-2024-00218,PRJ-2024-00218,PRJ-2024-00218,PRJ-2024-00218,1
PAIR-001297,crm,erp,PRJ-2024-00219,PRJ-2024-00219,PRJ-2024-00219,PRJ-2024-00219,1
PAIR-001298,crm,partner,PRJ-2024-00219,PRJ-2024-00219,PRJ-2024-00219,PRJ-2024-00219,1
PAIR-001299,crm,document,PRJ-2024-00219,PRJ-2024-00219,PRJ-2024-00219,PRJ-2024-00219,1
PAIR-001300,erp,partner,PRJ-2024-00219,PRJ-2024-00219,PRJ-2024-00219,PRJ-2024-00219,1
PAIR-001301,erp,document,PRJ-2024-00219,PRJ-2024-00219,PRJ-2024-00219,PRJ-2024-00219,1
PAIR-001302,partner,document,PRJ-2024-00219,PRJ-2024-00219,PRJ-2024-00219,PRJ-2024-00219,1
PAIR-001303,crm,erp,PRJ-2024-00220,PRJ-2024-00220,PRJ-2024-00220,PRJ-2024-00220,1
PAIR-001304,crm,partner,PRJ-2024-00220,PRJ-2024-00220,PRJ-2024-00220,PRJ-2024-00220,1
PAIR-001305,crm,document,PRJ-2024-00220,PRJ-2024-00220,PRJ-2024-00220,PRJ-2024-00220,1
PAIR-001306,erp,partner,PRJ-2024-00220,PRJ-2024-00220,PRJ-2024-00220,PRJ-2024-00220,1
PAIR-001307,erp,document,PRJ-2024-00220,PRJ-2024-00220,PRJ-2024-00220,PRJ-2024-00220,1
PAIR-001308,partner,document,PRJ-2024-00220,PRJ-2024-00220,PRJ-2024-00220,PRJ-2024-00220,1
PAIR-001309,crm,erp,PRJ-2024-00221,PRJ-2024-00221,PRJ-2024-00221,PRJ-2024-00221,1
PAIR-001310,crm,partner,PRJ-2024-00221,PRJ-2024-00221,PRJ-2024-00221,PRJ-2024-00221,1
PAIR-001311,crm,document,PRJ-2024-00221,PRJ-2024-00221,PRJ-2024-00221,PRJ-2024-00221,1
PAIR-001312,erp,partner,PRJ-2024-00221,PRJ-2024-00221,PRJ-2024-00221,PRJ-2024-00221,1
PAIR-001313,erp,document,PRJ-2024-00221,PRJ-2024-00221,PRJ-2024-00221,PRJ-2024-00221,1
PAIR-001314,partner,document,PRJ-2024-00221,PRJ-2024-00221,PRJ-2024-00221,PRJ-2024-00221,1
PAIR-001315,crm,erp,PRJ-2024-00222,PRJ-2024-00222,PRJ-2024-00222,PRJ-2024-00222,1
PAIR-001316,crm,partner,PRJ-2024-00222,PRJ-2024-00222,PRJ-2024-00222,PRJ-2024-00222,1
PAIR-001317,crm,document,PRJ-2024-00222,PRJ-2024-00222,PRJ-2024-00222,PRJ-2024-00222,1
PAIR-001318,erp,partner,PRJ-2024-00222,PRJ-2024-00222,PRJ-2024-00222,PRJ-2024-00222,1
PAIR-001319,erp,document,PRJ-2024-00222,PRJ-2024-00222,PRJ-2024-00222,PRJ-2024-00222,1
PAIR-001320,partner,document,PRJ-2024-00222,PRJ-2024-00222,PRJ-2024-00222,PRJ-2024-00222,1
PAIR-001321,crm,erp,PRJ-2024-00223,PRJ-2024-00223,PRJ-2024-00223,PRJ-2024-00223,1
PAIR-001322,crm,partner,PRJ-2024-00223,PRJ-2024-00223,PRJ-2024-00223,PRJ-2024-00223,1
PAIR-001323,crm,document,PRJ-2024-00223,PRJ-2024-00223,PRJ-2024-00223,PRJ-2024-00223,1
PAIR-001324,erp,partner,PRJ-2024-00223,PRJ-2024-00223,PRJ-2024-00223,PRJ-2024-00223,1
PAIR-001325,erp,document,PRJ-2024-00223,PRJ-2024-00223,PRJ-2024-00223,PRJ-2024-00223,1
PAIR-001326,partner,document,PRJ-2024-00223,PRJ-2024-00223,PRJ-2024-00223,PRJ-2024-00223,1
PAIR-001327,crm,erp,PRJ-2024-00224,PRJ-2024-00224,PRJ-2024-00224,PRJ-2024-00224,1
PAIR-001328,crm,partner,PRJ-2024-00224,PRJ-2024-00224,PRJ-2024-00224,PRJ-2024-00224,1
PAIR-001329,crm,document,PRJ-2024-00224,PRJ-2024-00224,PRJ-2024-00224,PRJ-2024-00224,1
PAIR-001330,erp,partner,PRJ-2024-00224,PRJ-2024-00224,PRJ-2024-00224,PRJ-2024-00224,1
PAIR-001331,erp,document,PRJ-2024-00224,PRJ-2024-00224,PRJ-2024-00224,PRJ-2024-00224,1
PAIR-001332,partner,document,PRJ-2024-00224,PRJ-2024-00224,PRJ-2024-00224,PRJ-2024-00224,1
PAIR-001333,crm,erp,PRJ-2024-00225,PRJ-2024-00225,PRJ-2024-00225,PRJ-2024-00225,1
PAIR-001334,crm,partner,PRJ-2024-00225,PRJ-2024-00225,PRJ-2024-00225,PRJ-2024-00225,1
PAIR-001335,crm,document,PRJ-2024-00225,PRJ-2024-00225,PRJ-2024-00225,PRJ-2024-00225,1
PAIR-001336,erp,partner,PRJ-2024-00225,PRJ-2024-00225,PRJ-2024-00225,PRJ-2024-00225,1
PAIR-001337,erp,document,PRJ-2024-00225,PRJ-2024-00225,PRJ-2024-00225,PRJ-2024-00225,1
PAIR-001338,partner,document,PRJ-2024-00225,PRJ-2024-00225,PRJ-2024-00225,PRJ-2024-00225,1
PAIR-001339,crm,erp,PRJ-2024-00226,PRJ-2024-00226,PRJ-2024-00226,PRJ-2024-00226,1
PAIR-001340,crm,partner,PRJ-2024-00226,PRJ-2024-00226,PRJ-2024-00226,PRJ-2024-00226,1
PAIR-001341,crm,document,PRJ-2024-00226,PRJ-2024-00226,PRJ-2024-00226,PRJ-2024-00226,1
PAIR-001342,erp,partner,PRJ-2024-00226,PRJ-2024-00226,PRJ-2024-00226,PRJ-2024-00226,1
PAIR-001343,erp,document,PRJ-2024-00226,PRJ-2024-00226,PRJ-2024-00226,PRJ-2024-00226,1
PAIR-001344,partner,document,PRJ-2024-00226,PRJ-2024-00226,PRJ-2024-00226,PRJ-2024-00226,1
PAIR-001345,crm,erp,PRJ-2024-00227,PRJ-2024-00227,PRJ-2024-00227,PRJ-2024-00227,1
PAIR-001346,crm,partner,PRJ-2024-00227,PRJ-2024-00227,PRJ-2024-00227,PRJ-2024-00227,1
PAIR-001347,crm,document,PRJ-2024-00227,PRJ-2024-00227,PRJ-2024-00227,PRJ-2024-00227,1
PAIR-001348,erp,partner,PRJ-2024-00227,PRJ-2024-00227,PRJ-2024-00227,PRJ-2024-00227,1
PAIR-001349,erp,document,PRJ-2024-00227,PRJ-2024-00227,PRJ-2024-00227,PRJ-2024-00227,1
PAIR-001350,partner,document,PRJ-2024-00227,PRJ-2024-00227,PRJ-2024-00227,PRJ-2024-00227,1
PAIR-001351,crm,erp,PRJ-2024-00228,PRJ-2024-00228,PRJ-2024-00228,PRJ-2024-00228,1
PAIR-001352,crm,partner,PRJ-2024-00228,PRJ-2024-00228,PRJ-2024-00228,PRJ-2024-00228,1
PAIR-001353,crm,document,PRJ-2024-00228,PRJ-2024-00228,PRJ-2024-00228,PRJ-2024-00228,1
PAIR-001354,erp,partner,PRJ-2024-00228,PRJ-2024-00228,PRJ-2024-00228,PRJ-2024-00228,1
PAIR-001355,erp,document,PRJ-2024-00228,PRJ-2024-00228,PRJ-2024-00228,PRJ-2024-00228,1
PAIR-001356,partner,document,PRJ-2024-00228,PRJ-2024-00228,PRJ-2024-00228,PRJ-2024-00228,1
PAIR-001357,crm,erp,PRJ-2024-00229,PRJ-2024-00229,PRJ-2024-00229,PRJ-2024-00229,1
PAIR-001358,crm,partner,PRJ-2024-00229,PRJ-2024-00229,PRJ-2024-00229,PRJ-2024-00229,1
PAIR-001359,crm,document,PRJ-2024-00229,PRJ-2024-00229,PRJ-2024-00229,PRJ-2024-00229,1
PAIR-001360,erp,partner,PRJ-2024-00229,PRJ-2024-00229,PRJ-2024-00229,PRJ-2024-00229,1
PAIR-001361,erp,document,PRJ-2024-00229,PRJ-2024-00229,PRJ-2024-00229,PRJ-2024-00229,1
PAIR-001362,partner,document,PRJ-2024-00229,PRJ-2024-00229,PRJ-2024-00229,PRJ-2024-00229,1
PAIR-001363,crm,erp,PRJ-2024-00230,PRJ-2024-00230,PRJ-2024-00230,PRJ-2024-00230,1
PAIR-001364,crm,partner,PRJ-2024-00230,PRJ-2024-00230,PRJ-2024-00230,PRJ-2024-00230,1
PAIR-001365,crm,document,PRJ-2024-00230,PRJ-2024-00230,PRJ-2024-00230,PRJ-2024-00230,1
PAIR-001366,erp,partner,PRJ-2024-00230,PRJ-2024-00230,PRJ-2024-00230,PRJ-2024-00230,1
PAIR-001367,erp,document,PRJ-2024-00230,PRJ-2024-00230,PRJ-2024-00230,PRJ-2024-00230,1
PAIR-001368,partner,document,PRJ-2024-00230,PRJ-2024-00230,PRJ-2024-00230,PRJ-2024-00230,1
PAIR-001369,crm,erp,PRJ-2024-00231,PRJ-2024-00231,PRJ-2024-00231,PRJ-2024-00231,1
PAIR-001370,crm,partner,PRJ-2024-00231,PRJ-2024-00231,PRJ-2024-00231,PRJ-2024-00231,1
PAIR-001371,crm,document,PRJ-2024-00231,PRJ-2024-00231,PRJ-2024-00231,PRJ-2024-00231,1
PAIR-001372,erp,partner,PRJ-2024-00231,PRJ-2024-00231,PRJ-2024-00231,PRJ-2024-00231,1
PAIR-001373,erp,document,PRJ-2024-00231,PRJ-2024-00231,PRJ-2024-00231,PRJ-2024-00231,1
PAIR-001374,partner,document,PRJ-2024-00231,PRJ-2024-00231,PRJ-2024-00231,PRJ-2024-00231,1
PAIR-001375,crm,erp,PRJ-2024-00232,PRJ-2024-00232,PRJ-2024-00232,PRJ-2024-00232,1
PAIR-001376,crm,partner,PRJ-2024-00232,PRJ-2024-00232,PRJ-2024-00232,PRJ-2024-00232,1
PAIR-001377,crm,document,PRJ-2024-00232,PRJ-2024-00232,PRJ-2024-00232,PRJ-2024-00232,1
PAIR-001378,erp,partner,PRJ-2024-00232,PRJ-2024-00232,PRJ-2024-00232,PRJ-2024-00232,1
PAIR-001379,erp,document,PRJ-2024-00232,PRJ-2024-00232,PRJ-2024-00232,PRJ-2024-00232,1
PAIR-001380,partner,document,PRJ-2024-00232,PRJ-2024-00232,PRJ-2024-00232,PRJ-2024-00232,1
PAIR-001381,crm,erp,PRJ-2024-00233,PRJ-2024-00233,PRJ-2024-00233,PRJ-2024-00233,1
PAIR-001382,crm,partner,PRJ-2024-00233,PRJ-2024-00233,PRJ-2024-00233,PRJ-2024-00233,1
PAIR-001383,crm,document,PRJ-2024-00233,PRJ-2024-00233,PRJ-2024-00233,PRJ-2024-00233,1
PAIR-001384,erp,partner,PRJ-2024-00233,PRJ-2024-00233,PRJ-2024-00233,PRJ-2024-00233,1
PAIR-001385,erp,document,PRJ-2024-00233,PRJ-2024-00233,PRJ-2024-00233,PRJ-2024-00233,1
PAIR-001386,partner,document,PRJ-2024-00233,PRJ-2024-00233,PRJ-2024-00233,PRJ-2024-00233,1
PAIR-001387,crm,erp,PRJ-2024-00234,PRJ-2024-00234,PRJ-2024-00234,PRJ-2024-00234,1
PAIR-001388,crm,partner,PRJ-2024-00234,PRJ-2024-00234,PRJ-2024-00234,PRJ-2024-00234,1
PAIR-001389,crm,document,PRJ-2024-00234,PRJ-2024-00234,PRJ-2024-00234,PRJ-2024-00234,1
PAIR-001390,erp,partner,PRJ-2024-00234,PRJ-2024-00234,PRJ-2024-00234,PRJ-2024-00234,1
PAIR-001391,erp,document,PRJ-2024-00234,PRJ-2024-00234,PRJ-2024-00234,PRJ-2024-00234,1
PAIR-001392,partner,document,PRJ-2024-00234,PRJ-2024-00234,PRJ-2024-00234,PRJ-2024-00234,1
PAIR-001393,crm,erp,PRJ-2024-00235,PRJ-2024-00235,PRJ-2024-00235,PRJ-2024-00235,1
PAIR-001394,crm,partner,PRJ-2024-00235,PRJ-2024-00235,PRJ-2024-00235,PRJ-2024-00235,1
PAIR-001395,crm,document,PRJ-2024-00235,PRJ-2024-00235,PRJ-2024-00235,PRJ-2024-00235,1
PAIR-001396,erp,partner,PRJ-2024-00235,PRJ-2024-00235,PRJ-2024-00235,PRJ-2024-00235,1
PAIR-001397,erp,document,PRJ-2024-00235,PRJ-2024-00235,PRJ-2024-00235,PRJ-2024-00235,1
PAIR-001398,partner,document,PRJ-2024-00235,PRJ-2024-00235,PRJ-2024-00235,PRJ-2024-00235,1
PAIR-001399,crm,erp,PRJ-2024-00236,PRJ-2024-00236,PRJ-2024-00236,PRJ-2024-00236,1
PAIR-001400,crm,partner,PRJ-2024-00236,PRJ-2024-00236,PRJ-2024-00236,PRJ-2024-00236,1
PAIR-001401,crm,document,PRJ-2024-00236,PRJ-2024-00236,PRJ-2024-00236,PRJ-2024-00236,1
PAIR-001402,erp,partner,PRJ-2024-00236,PRJ-2024-00236,PRJ-2024-00236,PRJ-2024-00236,1
PAIR-001403,erp,document,PRJ-2024-00236,PRJ-2024-00236,PRJ-2024-00236,PRJ-2024-00236,1
PAIR-001404,partner,document,PRJ-2024-00236,PRJ-2024-00236,PRJ-2024-00236,PRJ-2024-00236,1
PAIR-001405,crm,erp,PRJ-2024-00237,PRJ-2024-00237,PRJ-2024-00237,PRJ-2024-00237,1
PAIR-001406,crm,partner,PRJ-2024-00237,PRJ-2024-00237,PRJ-2024-00237,PRJ-2024-00237,1
PAIR-001407,crm,document,PRJ-2024-00237,PRJ-2024-00237,PRJ-2024-00237,PRJ-2024-00237,1
PAIR-001408,erp,partner,PRJ-2024-00237,PRJ-2024-00237,PRJ-2024-00237,PRJ-2024-00237,1
PAIR-001409,erp,document,PRJ-2024-00237,PRJ-2024-00237,PRJ-2024-00237,PRJ-2024-00237,1
PAIR-001410,partner,document,PRJ-2024-00237,PRJ-2024-00237,PRJ-2024-00237,PRJ-2024-00237,1
PAIR-001411,crm,erp,PRJ-2024-00238,PRJ-2024-00238,PRJ-2024-00238,PRJ-2024-00238,1
PAIR-001412,crm,partner,PRJ-2024-00238,PRJ-2024-00238,PRJ-2024-00238,PRJ-2024-00238,1
PAIR-001413,crm,document,PRJ-2024-00238,PRJ-2024-00238,PRJ-2024-00238,PRJ-2024-00238,1
PAIR-001414,erp,partner,PRJ-2024-00238,PRJ-2024-00238,PRJ-2024-00238,PRJ-2024-00238,1
PAIR-001415,erp,document,PRJ-2024-00238,PRJ-2024-00238,PRJ-2024-00238,PRJ-2024-00238,1
PAIR-001416,partner,document,PRJ-2024-00238,PRJ-2024-00238,PRJ-2024-00238,PRJ-2024-00238,1
PAIR-001417,crm,erp,PRJ-2024-00239,PRJ-2024-00239,PRJ-2024-00239,PRJ-2024-00239,1
PAIR-001418,crm,partner,PRJ-2024-00239,PRJ-2024-00239,PRJ-2024-00239,PRJ-2024-00239,1
PAIR-001419,crm,document,PRJ-2024-00239,PRJ-2024-00239,PRJ-2024-00239,PRJ-2024-00239,1
PAIR-001420,erp,partner,PRJ-2024-00239,PRJ-2024-00239,PRJ-2024-00239,PRJ-2024-00239,1
PAIR-001421,erp,document,PRJ-2024-00239,PRJ-2024-00239,PRJ-2024-00239,PRJ-2024-00239,1
PAIR-001422,partner,document,PRJ-2024-00239,PRJ-2024-00239,PRJ-2024-00239,PRJ-2024-00239,1
PAIR-001423,crm,erp,PRJ-2024-00240,PRJ-2024-00240,PRJ-2024-00240,PRJ-2024-00240,1
PAIR-001424,crm,partner,PRJ-2024-00240,PRJ-2024-00240,PRJ-2024-00240,PRJ-2024-00240,1
PAIR-001425,crm,document,PRJ-2024-00240,PRJ-2024-00240,PRJ-2024-00240,PRJ-2024-00240,1
PAIR-001426,erp,partner,PRJ-2024-00240,PRJ-2024-00240,PRJ-2024-00240,PRJ-2024-00240,1
PAIR-001427,erp,document,PRJ-2024-00240,PRJ-2024-00240,PRJ-2024-00240,PRJ-2024-00240,1
PAIR-001428,partner,document,PRJ-2024-00240,PRJ-2024-00240,PRJ-2024-00240,PRJ-2024-00240,1
PAIR-001429,crm,erp,PRJ-2024-00241,PRJ-2024-00241,PRJ-2024-00241,PRJ-2024-00241,1
PAIR-001430,crm,partner,PRJ-2024-00241,PRJ-2024-00241,PRJ-2024-00241,PRJ-2024-00241,1
PAIR-001431,crm,document,PRJ-2024-00241,PRJ-2024-00241,PRJ-2024-00241,PRJ-2024-00241,1
PAIR-001432,erp,partner,PRJ-2024-00241,PRJ-2024-00241,PRJ-2024-00241,PRJ-2024-00241,1
PAIR-001433,erp,document,PRJ-2024-00241,PRJ-2024-00241,PRJ-2024-00241,PRJ-2024-00241,1
PAIR-001434,partner,document,PRJ-2024-00241,PRJ-2024-00241,PRJ-2024-00241,PRJ-2024-00241,1
PAIR-001435,crm,erp,PRJ-2024-00242,PRJ-2024-00242,PRJ-2024-00242,PRJ-2024-00242,1
PAIR-001436,crm,partner,PRJ-2024-00242,PRJ-2024-00242,PRJ-2024-00242,PRJ-2024-00242,1
PAIR-001437,crm,document,PRJ-2024-00242,PRJ-2024-00242,PRJ-2024-00242,PRJ-2024-00242,1
PAIR-001438,erp,partner,PRJ-2024-00242,PRJ-2024-00242,PRJ-2024-00242,PRJ-2024-00242,1
PAIR-001439,erp,document,PRJ-2024-00242,PRJ-2024-00242,PRJ-2024-00242,PRJ-2024-00242,1
PAIR-001440,partner,document,PRJ-2024-00242,PRJ-2024-00242,PRJ-2024-00242,PRJ-2024-00242,1
PAIR-001441,crm,erp,PRJ-2024-00243,PRJ-2024-00243,PRJ-2024-00243,PRJ-2024-00243,1
PAIR-001442,crm,partner,PRJ-2024-00243,PRJ-2024-00243,PRJ-2024-00243,PRJ-2024-00243,1
PAIR-001443,crm,document,PRJ-2024-00243,PRJ-2024-00243,PRJ-2024-00243,PRJ-2024-00243,1
PAIR-001444,erp,partner,PRJ-2024-00243,PRJ-2024-00243,PRJ-2024-00243,PRJ-2024-00243,1
PAIR-001445,erp,document,PRJ-2024-00243,PRJ-2024-00243,PRJ-2024-00243,PRJ-2024-00243,1
PAIR-001446,partner,document,PRJ-2024-00243,PRJ-2024-00243,PRJ-2024-00243,PRJ-2024-00243,1
PAIR-001447,crm,erp,PRJ-2024-00244,PRJ-2024-00244,PRJ-2024-00244,PRJ-2024-00244,1
PAIR-001448,crm,partner,PRJ-2024-00244,PRJ-2024-00244,PRJ-2024-00244,PRJ-2024-00244,1
PAIR-001449,crm,document,PRJ-2024-00244,PRJ-2024-00244,PRJ-2024-00244,PRJ-2024-00244,1
PAIR-001450,erp,partner,PRJ-2024-00244,PRJ-2024-00244,PRJ-2024-00244,PRJ-2024-00244,1
PAIR-001451,erp,document,PRJ-2024-00244,PRJ-2024-00244,PRJ-2024-00244,PRJ-2024-00244,1
PAIR-001452,partner,document,PRJ-2024-00244,PRJ-2024-00244,PRJ-2024-00244,PRJ-2024-00244,1
PAIR-001453,crm,erp,PRJ-2024-00245,PRJ-2024-00245,PRJ-2024-00245,PRJ-2024-00245,1
PAIR-001454,crm,partner,PRJ-2024-00245,PRJ-2024-00245,PRJ-2024-00245,PRJ-2024-00245,1
PAIR-001455,crm,document,PRJ-2024-00245,PRJ-2024-00245,PRJ-2024-00245,PRJ-2024-00245,1
PAIR-001456,erp,partner,PRJ-2024-00245,PRJ-2024-00245,PRJ-2024-00245,PRJ-2024-00245,1
PAIR-001457,erp,document,PRJ-2024-00245,PRJ-2024-00245,PRJ-2024-00245,PRJ-2024-00245,1
PAIR-001458,partner,document,PRJ-2024-00245,PRJ-2024-00245,PRJ-2024-00245,PRJ-2024-00245,1
PAIR-001459,crm,erp,PRJ-2024-00246,PRJ-2024-00246,PRJ-2024-00246,PRJ-2024-00246,1
PAIR-001460,crm,partner,PRJ-2024-00246,PRJ-2024-00246,PRJ-2024-00246,PRJ-2024-00246,1
PAIR-001461,crm,document,PRJ-2024-00246,PRJ-2024-00246,PRJ-2024-00246,PRJ-2024-00246,1
PAIR-001462,erp,partner,PRJ-2024-00246,PRJ-2024-00246,PRJ-2024-00246,PRJ-2024-00246,1
PAIR-001463,erp,document,PRJ-2024-00246,PRJ-2024-00246,PRJ-2024-00246,PRJ-2024-00246,1
PAIR-001464,partner,document,PRJ-2024-00246,PRJ-2024-00246,PRJ-2024-00246,PRJ-2024-00246,1
PAIR-001465,crm,erp,PRJ-2024-00247,PRJ-2024-00247,PRJ-2024-00247,PRJ-2024-00247,1
PAIR-001466,crm,partner,PRJ-2024-00247,PRJ-2024-00247,PRJ-2024-00247,PRJ-2024-00247,1
PAIR-001467,crm,document,PRJ-2024-00247,PRJ-2024-00247,PRJ-2024-00247,PRJ-2024-00247,1
PAIR-001468,erp,partner,PRJ-2024-00247,PRJ-2024-00247,PRJ-2024-00247,PRJ-2024-00247,1
PAIR-001469,erp,document,PRJ-2024-00247,PRJ-2024-00247,PRJ-2024-00247,PRJ-2024-00247,1
PAIR-001470,partner,document,PRJ-2024-00247,PRJ-2024-00247,PRJ-2024-00247,PRJ-2024-00247,1
PAIR-001471,crm,erp,PRJ-2024-00248,PRJ-2024-00248,PRJ-2024-00248,PRJ-2024-00248,1
PAIR-001472,crm,partner,PRJ-2024-00248,PRJ-2024-00248,PRJ-2024-00248,PRJ-2024-00248,1
PAIR-001473,crm,document,PRJ-2024-00248,PRJ-2024-00248,PRJ-2024-00248,PRJ-2024-00248,1
PAIR-001474,erp,partner,PRJ-2024-00248,PRJ-2024-00248,PRJ-2024-00248,PRJ-2024-00248,1
PAIR-001475,erp,document,PRJ-2024-00248,PRJ-2024-00248,PRJ-2024-00248,PRJ-2024-00248,1
PAIR-001476,partner,document,PRJ-2024-00248,PRJ-2024-00248,PRJ-2024-00248,PRJ-2024-00248,1
PAIR-001477,crm,erp,PRJ-2024-00249,PRJ-2024-00249,PRJ-2024-00249,PRJ-2024-00249,1
PAIR-001478,crm,partner,PRJ-2024-00249,PRJ-2024-00249,PRJ-2024-00249,PRJ-2024-00249,1
PAIR-001479,crm,document,PRJ-2024-00249,PRJ-2024-00249,PRJ-2024-00249,PRJ-2024-00249,1
PAIR-001480,erp,partner,PRJ-2024-00249,PRJ-2024-00249,PRJ-2024-00249,PRJ-2024-00249,1
PAIR-001481,erp,document,PRJ-2024-00249,PRJ-2024-00249,PRJ-2024-00249,PRJ-2024-00249,1
PAIR-001482,partner,document,PRJ-2024-00249,PRJ-2024-00249,PRJ-2024-00249,PRJ-2024-00249,1
PAIR-001483,crm,erp,PRJ-2024-00250,PRJ-2024-00250,PRJ-2024-00250,PRJ-2024-00250,1
PAIR-001484,crm,partner,PRJ-2024-00250,PRJ-2024-00250,PRJ-2024-00250,PRJ-2024-00250,1
PAIR-001485,crm,document,PRJ-2024-00250,PRJ-2024-00250,PRJ-2024-00250,PRJ-2024-00250,1
PAIR-001486,erp,partner,PRJ-2024-00250,PRJ-2024-00250,PRJ-2024-00250,PRJ-2024-00250,1
PAIR-001487,erp,document,PRJ-2024-00250,PRJ-2024-00250,PRJ-2024-00250,PRJ-2024-00250,1
PAIR-001488,partner,document,PRJ-2024-00250,PRJ-2024-00250,PRJ-2024-00250,PRJ-2024-00250,1
PAIR-001489,crm,erp,PRJ-2024-00251,PRJ-2024-00251,PRJ-2024-00251,PRJ-2024-00251,1
PAIR-001490,crm,partner,PRJ-2024-00251,PRJ-2024-00251,PRJ-2024-00251,PRJ-2024-00251,1
PAIR-001491,crm,document,PRJ-2024-00251,PRJ-2024-00251,PRJ-2024-00251,PRJ-2024-00251,1
PAIR-001492,erp,partner,PRJ-2024-00251,PRJ-2024-00251,PRJ-2024-00251,PRJ-2024-00251,1
PAIR-001493,erp,document,PRJ-2024-00251,PRJ-2024-00251,PRJ-2024-00251,PRJ-2024-00251,1
PAIR-001494,partner,document,PRJ-2024-00251,PRJ-2024-00251,PRJ-2024-00251,PRJ-2024-00251,1
PAIR-001495,crm,erp,PRJ-2024-00252,PRJ-2024-00252,PRJ-2024-00252,PRJ-2024-00252,1
PAIR-001496,crm,partner,PRJ-2024-00252,PRJ-2024-00252,PRJ-2024-00252,PRJ-2024-00252,1
PAIR-001497,crm,document,PRJ-2024-00252,PRJ-2024-00252,PRJ-2024-00252,PRJ-2024-00252,1
PAIR-001498,erp,partner,PRJ-2024-00252,PRJ-2024-00252,PRJ-2024-00252,PRJ-2024-00252,1
PAIR-001499,erp,document,PRJ-2024-00252,PRJ-2024-00252,PRJ-2024-00252,PRJ-2024-00252,1
PAIR-001500,partner,document,PRJ-2024-00252,PRJ-2024-00252,PRJ-2024-00252,PRJ-2024-00252,1
PAIR-001501,crm,erp,PRJ-2024-00253,PRJ-2024-00253,PRJ-2024-00253,PRJ-2024-00253,1
PAIR-001502,crm,partner,PRJ-2024-00253,PRJ-2024-00253,PRJ-2024-00253,PRJ-2024-00253,1
PAIR-001503,crm,document,PRJ-2024-00253,PRJ-2024-00253,PRJ-2024-00253,PRJ-2024-00253,1
PAIR-001504,erp,partner,PRJ-2024-00253,PRJ-2024-00253,PRJ-2024-00253,PRJ-2024-00253,1
PAIR-001505,erp,document,PRJ-2024-00253,PRJ-2024-00253,PRJ-2024-00253,PRJ-2024-00253,1
PAIR-001506,partner,document,PRJ-2024-00253,PRJ-2024-00253,PRJ-2024-00253,PRJ-2024-00253,1
PAIR-001507,crm,erp,PRJ-2024-00254,PRJ-2024-00254,PRJ-2024-00254,PRJ-2024-00254,1
PAIR-001508,crm,partner,PRJ-2024-00254,PRJ-2024-00254,PRJ-2024-00254,PRJ-2024-00254,1
PAIR-001509,crm,document,PRJ-2024-00254,PRJ-2024-00254,PRJ-2024-00254,PRJ-2024-00254,1
PAIR-001510,erp,partner,PRJ-2024-00254,PRJ-2024-00254,PRJ-2024-00254,PRJ-2024-00254,1
PAIR-001511,erp,document,PRJ-2024-00254,PRJ-2024-00254,PRJ-2024-00254,PRJ-2024-00254,1
PAIR-001512,partner,document,PRJ-2024-00254,PRJ-2024-00254,PRJ-2024-00254,PRJ-2024-00254,1
PAIR-001513,crm,erp,PRJ-2024-00255,PRJ-2024-00255,PRJ-2024-00255,PRJ-2024-00255,1
PAIR-001514,crm,partner,PRJ-2024-00255,PRJ-2024-00255,PRJ-2024-00255,PRJ-2024-00255,1
PAIR-001515,crm,document,PRJ-2024-00255,PRJ-2024-00255,PRJ-2024-00255,PRJ-2024-00255,1
PAIR-001516,erp,partner,PRJ-2024-00255,PRJ-2024-00255,PRJ-2024-00255,PRJ-2024-00255,1
PAIR-001517,erp,document,PRJ-2024-00255,PRJ-2024-00255,PRJ-2024-00255,PRJ-2024-00255,1
PAIR-001518,partner,document,PRJ-2024-00255,PRJ-2024-00255,PRJ-2024-00255,PRJ-2024-00255,1
PAIR-001519,crm,erp,PRJ-2024-00256,PRJ-2024-00256,PRJ-2024-00256,PRJ-2024-00256,1
PAIR-001520,crm,partner,PRJ-2024-00256,PRJ-2024-00256,PRJ-2024-00256,PRJ-2024-00256,1
PAIR-001521,crm,document,PRJ-2024-00256,PRJ-2024-00256,PRJ-2024-00256,PRJ-2024-00256,1
PAIR-001522,erp,partner,PRJ-2024-00256,PRJ-2024-00256,PRJ-2024-00256,PRJ-2024-00256,1
PAIR-001523,erp,document,PRJ-2024-00256,PRJ-2024-00256,PRJ-2024-00256,PRJ-2024-00256,1
PAIR-001524,partner,document,PRJ-2024-00256,PRJ-2024-00256,PRJ-2024-00256,PRJ-2024-00256,1
PAIR-001525,crm,erp,PRJ-2024-00257,PRJ-2024-00257,PRJ-2024-00257,PRJ-2024-00257,1
PAIR-001526,crm,partner,PRJ-2024-00257,PRJ-2024-00257,PRJ-2024-00257,PRJ-2024-00257,1
PAIR-001527,crm,document,PRJ-2024-00257,PRJ-2024-00257,PRJ-2024-00257,PRJ-2024-00257,1
PAIR-001528,erp,partner,PRJ-2024-00257,PRJ-2024-00257,PRJ-2024-00257,PRJ-2024-00257,1
PAIR-001529,erp,document,PRJ-2024-00257,PRJ-2024-00257,PRJ-2024-00257,PRJ-2024-00257,1
PAIR-001530,partner,document,PRJ-2024-00257,PRJ-2024-00257,PRJ-2024-00257,PRJ-2024-00257,1
PAIR-001531,crm,erp,PRJ-2024-00258,PRJ-2024-00258,PRJ-2024-00258,PRJ-2024-00258,1
PAIR-001532,crm,partner,PRJ-2024-00258,PRJ-2024-00258,PRJ-2024-00258,PRJ-2024-00258,1
PAIR-001533,crm,document,PRJ-2024-00258,PRJ-2024-00258,PRJ-2024-00258,PRJ-2024-00258,1
PAIR-001534,erp,partner,PRJ-2024-00258,PRJ-2024-00258,PRJ-2024-00258,PRJ-2024-00258,1
PAIR-001535,erp,document,PRJ-2024-00258,PRJ-2024-00258,PRJ-2024-00258,PRJ-2024-00258,1
PAIR-001536,partner,document,PRJ-2024-00258,PRJ-2024-00258,PRJ-2024-00258,PRJ-2024-00258,1
PAIR-001537,crm,erp,PRJ-2024-00259,PRJ-2024-00259,PRJ-2024-00259,PRJ-2024-00259,1
PAIR-001538,crm,partner,PRJ-2024-00259,PRJ-2024-00259,PRJ-2024-00259,PRJ-2024-00259,1
PAIR-001539,crm,document,PRJ-2024-00259,PRJ-2024-00259,PRJ-2024-00259,PRJ-2024-00259,1
PAIR-001540,erp,partner,PRJ-2024-00259,PRJ-2024-00259,PRJ-2024-00259,PRJ-2024-00259,1
PAIR-001541,erp,document,PRJ-2024-00259,PRJ-2024-00259,PRJ-2024-00259,PRJ-2024-00259,1
PAIR-001542,partner,document,PRJ-2024-00259,PRJ-2024-00259,PRJ-2024-00259,PRJ-2024-00259,1
PAIR-001543,crm,erp,PRJ-2024-00260,PRJ-2024-00260,PRJ-2024-00260,PRJ-2024-00260,1
PAIR-001544,crm,partner,PRJ-2024-00260,PRJ-2024-00260,PRJ-2024-00260,PRJ-2024-00260,1
PAIR-001545,crm,document,PRJ-2024-00260,PRJ-2024-00260,PRJ-2024-00260,PRJ-2024-00260,1
PAIR-001546,erp,partner,PRJ-2024-00260,PRJ-2024-00260,PRJ-2024-00260,PRJ-2024-00260,1
PAIR-001547,erp,document,PRJ-2024-00260,PRJ-2024-00260,PRJ-2024-00260,PRJ-2024-00260,1
PAIR-001548,partner,document,PRJ-2024-00260,PRJ-2024-00260,PRJ-2024-00260,PRJ-2024-00260,1
PAIR-001549,crm,erp,PRJ-2024-00261,PRJ-2024-00261,PRJ-2024-00261,PRJ-2024-00261,1
PAIR-001550,crm,partner,PRJ-2024-00261,PRJ-2024-00261,PRJ-2024-00261,PRJ-2024-00261,1
PAIR-001551,crm,document,PRJ-2024-00261,PRJ-2024-00261,PRJ-2024-00261,PRJ-2024-00261,1
PAIR-001552,erp,partner,PRJ-2024-00261,PRJ-2024-00261,PRJ-2024-00261,PRJ-2024-00261,1
PAIR-001553,erp,document,PRJ-2024-00261,PRJ-2024-00261,PRJ-2024-00261,PRJ-2024-00261,1
PAIR-001554,partner,document,PRJ-2024-00261,PRJ-2024-00261,PRJ-2024-00261,PRJ-2024-00261,1
PAIR-001555,crm,erp,PRJ-2024-00262,PRJ-2024-00262,PRJ-2024-00262,PRJ-2024-00262,1
PAIR-001556,crm,partner,PRJ-2024-00262,PRJ-2024-00262,PRJ-2024-00262,PRJ-2024-00262,1
PAIR-001557,crm,document,PRJ-2024-00262,PRJ-2024-00262,PRJ-2024-00262,PRJ-2024-00262,1
PAIR-001558,erp,partner,PRJ-2024-00262,PRJ-2024-00262,PRJ-2024-00262,PRJ-2024-00262,1
PAIR-001559,erp,document,PRJ-2024-00262,PRJ-2024-00262,PRJ-2024-00262,PRJ-2024-00262,1
PAIR-001560,partner,document,PRJ-2024-00262,PRJ-2024-00262,PRJ-2024-00262,PRJ-2024-00262,1
PAIR-001561,crm,erp,PRJ-2024-00263,PRJ-2024-00263,PRJ-2024-00263,PRJ-2024-00263,1
PAIR-001562,crm,partner,PRJ-2024-00263,PRJ-2024-00263,PRJ-2024-00263,PRJ-2024-00263,1
PAIR-001563,crm,document,PRJ-2024-00263,PRJ-2024-00263,PRJ-2024-00263,PRJ-2024-00263,1
PAIR-001564,erp,partner,PRJ-2024-00263,PRJ-2024-00263,PRJ-2024-00263,PRJ-2024-00263,1
PAIR-001565,erp,document,PRJ-2024-00263,PRJ-2024-00263,PRJ-2024-00263,PRJ-2024-00263,1
PAIR-001566,partner,document,PRJ-2024-00263,PRJ-2024-00263,PRJ-2024-00263,PRJ-2024-00263,1
PAIR-001567,crm,erp,PRJ-2024-00264,PRJ-2024-00264,PRJ-2024-00264,PRJ-2024-00264,1
PAIR-001568,crm,partner,PRJ-2024-00264,PRJ-2024-00264,PRJ-2024-00264,PRJ-2024-00264,1
PAIR-001569,crm,document,PRJ-2024-00264,PRJ-2024-00264,PRJ-2024-00264,PRJ-2024-00264,1
PAIR-001570,erp,partner,PRJ-2024-00264,PRJ-2024-00264,PRJ-2024-00264,PRJ-2024-00264,1
PAIR-001571,erp,document,PRJ-2024-00264,PRJ-2024-00264,PRJ-2024-00264,PRJ-2024-00264,1
PAIR-001572,partner,document,PRJ-2024-00264,PRJ-2024-00264,PRJ-2024-00264,PRJ-2024-00264,1
PAIR-001573,crm,erp,PRJ-2024-00265,PRJ-2024-00265,PRJ-2024-00265,PRJ-2024-00265,1
PAIR-001574,crm,partner,PRJ-2024-00265,PRJ-2024-00265,PRJ-2024-00265,PRJ-2024-00265,1
PAIR-001575,crm,document,PRJ-2024-00265,PRJ-2024-00265,PRJ-2024-00265,PRJ-2024-00265,1
PAIR-001576,erp,partner,PRJ-2024-00265,PRJ-2024-00265,PRJ-2024-00265,PRJ-2024-00265,1
PAIR-001577,erp,document,PRJ-2024-00265,PRJ-2024-00265,PRJ-2024-00265,PRJ-2024-00265,1
PAIR-001578,partner,document,PRJ-2024-00265,PRJ-2024-00265,PRJ-2024-00265,PRJ-2024-00265,1
PAIR-001579,crm,erp,PRJ-2024-00266,PRJ-2024-00266,PRJ-2024-00266,PRJ-2024-00266,1
PAIR-001580,crm,partner,PRJ-2024-00266,PRJ-2024-00266,PRJ-2024-00266,PRJ-2024-00266,1
PAIR-001581,crm,document,PRJ-2024-00266,PRJ-2024-00266,PRJ-2024-00266,PRJ-2024-00266,1
PAIR-001582,erp,partner,PRJ-2024-00266,PRJ-2024-00266,PRJ-2024-00266,PRJ-2024-00266,1
PAIR-001583,erp,document,PRJ-2024-00266,PRJ-2024-00266,PRJ-2024-00266,PRJ-2024-00266,1
PAIR-001584,partner,document,PRJ-2024-00266,PRJ-2024-00266,PRJ-2024-00266,PRJ-2024-00266,1
PAIR-001585,crm,erp,PRJ-2024-00267,PRJ-2024-00267,PRJ-2024-00267,PRJ-2024-00267,1
PAIR-001586,crm,partner,PRJ-2024-00267,PRJ-2024-00267,PRJ-2024-00267,PRJ-2024-00267,1
PAIR-001587,crm,document,PRJ-2024-00267,PRJ-2024-00267,PRJ-2024-00267,PRJ-2024-00267,1
PAIR-001588,erp,partner,PRJ-2024-00267,PRJ-2024-00267,PRJ-2024-00267,PRJ-2024-00267,1
PAIR-001589,erp,document,PRJ-2024-00267,PRJ-2024-00267,PRJ-2024-00267,PRJ-2024-00267,1
PAIR-001590,partner,document,PRJ-2024-00267,PRJ-2024-00267,PRJ-2024-00267,PRJ-2024-00267,1
PAIR-001591,crm,erp,PRJ-2024-00268,PRJ-2024-00268,PRJ-2024-00268,PRJ-2024-00268,1
PAIR-001592,crm,partner,PRJ-2024-00268,PRJ-2024-00268,PRJ-2024-00268,PRJ-2024-00268,1
PAIR-001593,crm,document,PRJ-2024-00268,PRJ-2024-00268,PRJ-2024-00268,PRJ-2024-00268,1
PAIR-001594,erp,partner,PRJ-2024-00268,PRJ-2024-00268,PRJ-2024-00268,PRJ-2024-00268,1
PAIR-001595,erp,document,PRJ-2024-00268,PRJ-2024-00268,PRJ-2024-00268,PRJ-2024-00268,1
PAIR-001596,partner,document,PRJ-2024-00268,PRJ-2024-00268,PRJ-2024-00268,PRJ-2024-00268,1
PAIR-001597,crm,erp,PRJ-2024-00269,PRJ-2024-00269,PRJ-2024-00269,PRJ-2024-00269,1
PAIR-001598,crm,partner,PRJ-2024-00269,PRJ-2024-00269,PRJ-2024-00269,PRJ-2024-00269,1
PAIR-001599,crm,document,PRJ-2024-00269,PRJ-2024-00269,PRJ-2024-00269,PRJ-2024-00269,1
PAIR-001600,erp,partner,PRJ-2024-00269,PRJ-2024-00269,PRJ-2024-00269,PRJ-2024-00269,1
PAIR-001601,erp,document,PRJ-2024-00269,PRJ-2024-00269,PRJ-2024-00269,PRJ-2024-00269,1
PAIR-001602,partner,document,PRJ-2024-00269,PRJ-2024-00269,PRJ-2024-00269,PRJ-2024-00269,1
PAIR-001603,crm,erp,PRJ-2024-00270,PRJ-2024-00270,PRJ-2024-00270,PRJ-2024-00270,1
PAIR-001604,crm,partner,PRJ-2024-00270,PRJ-2024-00270,PRJ-2024-00270,PRJ-2024-00270,1
PAIR-001605,crm,document,PRJ-2024-00270,PRJ-2024-00270,PRJ-2024-00270,PRJ-2024-00270,1
PAIR-001606,erp,partner,PRJ-2024-00270,PRJ-2024-00270,PRJ-2024-00270,PRJ-2024-00270,1
PAIR-001607,erp,document,PRJ-2024-00270,PRJ-2024-00270,PRJ-2024-00270,PRJ-2024-00270,1
PAIR-001608,partner,document,PRJ-2024-00270,PRJ-2024-00270,PRJ-2024-00270,PRJ-2024-00270,1
PAIR-001609,crm,erp,PRJ-2024-00271,PRJ-2024-00271,PRJ-2024-00271,PRJ-2024-00271,1
PAIR-001610,crm,partner,PRJ-2024-00271,PRJ-2024-00271,PRJ-2024-00271,PRJ-2024-00271,1
PAIR-001611,crm,document,PRJ-2024-00271,PRJ-2024-00271,PRJ-2024-00271,PRJ-2024-00271,1
PAIR-001612,erp,partner,PRJ-2024-00271,PRJ-2024-00271,PRJ-2024-00271,PRJ-2024-00271,1
PAIR-001613,erp,document,PRJ-2024-00271,PRJ-2024-00271,PRJ-2024-00271,PRJ-2024-00271,1
PAIR-001614,partner,document,PRJ-2024-00271,PRJ-2024-00271,PRJ-2024-00271,PRJ-2024-00271,1
PAIR-001615,crm,erp,PRJ-2024-00272,PRJ-2024-00272,PRJ-2024-00272,PRJ-2024-00272,1
PAIR-001616,crm,partner,PRJ-2024-00272,PRJ-2024-00272,PRJ-2024-00272,PRJ-2024-00272,1
PAIR-001617,crm,document,PRJ-2024-00272,PRJ-2024-00272,PRJ-2024-00272,PRJ-2024-00272,1
PAIR-001618,erp,partner,PRJ-2024-00272,PRJ-2024-00272,PRJ-2024-00272,PRJ-2024-00272,1
PAIR-001619,erp,document,PRJ-2024-00272,PRJ-2024-00272,PRJ-2024-00272,PRJ-2024-00272,1
PAIR-001620,partner,document,PRJ-2024-00272,PRJ-2024-00272,PRJ-2024-00272,PRJ-2024-00272,1
PAIR-001621,crm,erp,PRJ-2024-00273,PRJ-2024-00273,PRJ-2024-00273,PRJ-2024-00273,1
PAIR-001622,crm,partner,PRJ-2024-00273,PRJ-2024-00273,PRJ-2024-00273,PRJ-2024-00273,1
PAIR-001623,crm,document,PRJ-2024-00273,PRJ-2024-00273,PRJ-2024-00273,PRJ-2024-00273,1
PAIR-001624,erp,partner,PRJ-2024-00273,PRJ-2024-00273,PRJ-2024-00273,PRJ-2024-00273,1
PAIR-001625,erp,document,PRJ-2024-00273,PRJ-2024-00273,PRJ-2024-00273,PRJ-2024-00273,1
PAIR-001626,partner,document,PRJ-2024-00273,PRJ-2024-00273,PRJ-2024-00273,PRJ-2024-00273,1
PAIR-001627,crm,erp,PRJ-2024-00274,PRJ-2024-00274,PRJ-2024-00274,PRJ-2024-00274,1
PAIR-001628,crm,partner,PRJ-2024-00274,PRJ-2024-00274,PRJ-2024-00274,PRJ-2024-00274,1
PAIR-001629,crm,document,PRJ-2024-00274,PRJ-2024-00274,PRJ-2024-00274,PRJ-2024-00274,1
PAIR-001630,erp,partner,PRJ-2024-00274,PRJ-2024-00274,PRJ-2024-00274,PRJ-2024-00274,1
PAIR-001631,erp,document,PRJ-2024-00274,PRJ-2024-00274,PRJ-2024-00274,PRJ-2024-00274,1
PAIR-001632,partner,document,PRJ-2024-00274,PRJ-2024-00274,PRJ-2024-00274,PRJ-2024-00274,1
PAIR-001633,crm,erp,PRJ-2024-00275,PRJ-2024-00275,PRJ-2024-00275,PRJ-2024-00275,1
PAIR-001634,crm,partner,PRJ-2024-00275,PRJ-2024-00275,PRJ-2024-00275,PRJ-2024-00275,1
PAIR-001635,crm,document,PRJ-2024-00275,PRJ-2024-00275,PRJ-2024-00275,PRJ-2024-00275,1
PAIR-001636,erp,partner,PRJ-2024-00275,PRJ-2024-00275,PRJ-2024-00275,PRJ-2024-00275,1
PAIR-001637,erp,document,PRJ-2024-00275,PRJ-2024-00275,PRJ-2024-00275,PRJ-2024-00275,1
PAIR-001638,partner,document,PRJ-2024-00275,PRJ-2024-00275,PRJ-2024-00275,PRJ-2024-00275,1
PAIR-001639,crm,erp,PRJ-2024-00276,PRJ-2024-00276,PRJ-2024-00276,PRJ-2024-00276,1
PAIR-001640,crm,partner,PRJ-2024-00276,PRJ-2024-00276,PRJ-2024-00276,PRJ-2024-00276,1
PAIR-001641,crm,document,PRJ-2024-00276,PRJ-2024-00276,PRJ-2024-00276,PRJ-2024-00276,1
PAIR-001642,erp,partner,PRJ-2024-00276,PRJ-2024-00276,PRJ-2024-00276,PRJ-2024-00276,1
PAIR-001643,erp,document,PRJ-2024-00276,PRJ-2024-00276,PRJ-2024-00276,PRJ-2024-00276,1
PAIR-001644,partner,document,PRJ-2024-00276,PRJ-2024-00276,PRJ-2024-00276,PRJ-2024-00276,1
PAIR-001645,crm,erp,PRJ-2024-00277,PRJ-2024-00277,PRJ-2024-00277,PRJ-2024-00277,1
PAIR-001646,crm,partner,PRJ-2024-00277,PRJ-2024-00277,PRJ-2024-00277,PRJ-2024-00277,1
PAIR-001647,crm,document,PRJ-2024-00277,PRJ-2024-00277,PRJ-2024-00277,PRJ-2024-00277,1
PAIR-001648,erp,partner,PRJ-2024-00277,PRJ-2024-00277,PRJ-2024-00277,PRJ-2024-00277,1
PAIR-001649,erp,document,PRJ-2024-00277,PRJ-2024-00277,PRJ-2024-00277,PRJ-2024-00277,1
PAIR-001650,partner,document,PRJ-2024-00277,PRJ-2024-00277,PRJ-2024-00277,PRJ-2024-00277,1
PAIR-001651,crm,erp,PRJ-2024-00278,PRJ-2024-00278,PRJ-2024-00278,PRJ-2024-00278,1
PAIR-001652,crm,partner,PRJ-2024-00278,PRJ-2024-00278,PRJ-2024-00278,PRJ-2024-00278,1
PAIR-001653,crm,document,PRJ-2024-00278,PRJ-2024-00278,PRJ-2024-00278,PRJ-2024-00278,1
PAIR-001654,erp,partner,PRJ-2024-00278,PRJ-2024-00278,PRJ-2024-00278,PRJ-2024-00278,1
PAIR-001655,erp,document,PRJ-2024-00278,PRJ-2024-00278,PRJ-2024-00278,PRJ-2024-00278,1
PAIR-001656,partner,document,PRJ-2024-00278,PRJ-2024-00278,PRJ-2024-00278,PRJ-2024-00278,1
PAIR-001657,crm,erp,PRJ-2024-00279,PRJ-2024-00279,PRJ-2024-00279,PRJ-2024-00279,1
PAIR-001658,crm,partner,PRJ-2024-00279,PRJ-2024-00279,PRJ-2024-00279,PRJ-2024-00279,1
PAIR-001659,crm,document,PRJ-2024-00279,PRJ-2024-00279,PRJ-2024-00279,PRJ-2024-00279,1
PAIR-001660,erp,partner,PRJ-2024-00279,PRJ-2024-00279,PRJ-2024-00279,PRJ-2024-00279,1
PAIR-001661,erp,document,PRJ-2024-00279,PRJ-2024-00279,PRJ-2024-00279,PRJ-2024-00279,1
PAIR-001662,partner,document,PRJ-2024-00279,PRJ-2024-00279,PRJ-2024-00279,PRJ-2024-00279,1
PAIR-001663,crm,erp,PRJ-2024-00280,PRJ-2024-00280,PRJ-2024-00280,PRJ-2024-00280,1
PAIR-001664,crm,partner,PRJ-2024-00280,PRJ-2024-00280,PRJ-2024-00280,PRJ-2024-00280,1
PAIR-001665,crm,document,PRJ-2024-00280,PRJ-2024-00280,PRJ-2024-00280,PRJ-2024-00280,1
PAIR-001666,erp,partner,PRJ-2024-00280,PRJ-2024-00280,PRJ-2024-00280,PRJ-2024-00280,1
PAIR-001667,erp,document,PRJ-2024-00280,PRJ-2024-00280,PRJ-2024-00280,PRJ-2024-00280,1
PAIR-001668,partner,document,PRJ-2024-00280,PRJ-2024-00280,PRJ-2024-00280,PRJ-2024-00280,1
PAIR-001669,crm,erp,PRJ-2024-00281,PRJ-2024-00281,PRJ-2024-00281,PRJ-2024-00281,1
PAIR-001670,crm,partner,PRJ-2024-00281,PRJ-2024-00281,PRJ-2024-00281,PRJ-2024-00281,1
PAIR-001671,crm,document,PRJ-2024-00281,PRJ-2024-00281,PRJ-2024-00281,PRJ-2024-00281,1
PAIR-001672,erp,partner,PRJ-2024-00281,PRJ-2024-00281,PRJ-2024-00281,PRJ-2024-00281,1
PAIR-001673,erp,document,PRJ-2024-00281,PRJ-2024-00281,PRJ-2024-00281,PRJ-2024-00281,1
PAIR-001674,partner,document,PRJ-2024-00281,PRJ-2024-00281,PRJ-2024-00281,PRJ-2024-00281,1
PAIR-001675,crm,erp,PRJ-2024-00282,PRJ-2024-00282,PRJ-2024-00282,PRJ-2024-00282,1
PAIR-001676,crm,partner,PRJ-2024-00282,PRJ-2024-00282,PRJ-2024-00282,PRJ-2024-00282,1
PAIR-001677,crm,document,PRJ-2024-00282,PRJ-2024-00282,PRJ-2024-00282,PRJ-2024-00282,1
PAIR-001678,erp,partner,PRJ-2024-00282,PRJ-2024-00282,PRJ-2024-00282,PRJ-2024-00282,1
PAIR-001679,erp,document,PRJ-2024-00282,PRJ-2024-00282,PRJ-2024-00282,PRJ-2024-00282,1
PAIR-001680,partner,document,PRJ-2024-00282,PRJ-2024-00282,PRJ-2024-00282,PRJ-2024-00282,1
PAIR-001681,crm,erp,PRJ-2024-00283,PRJ-2024-00283,PRJ-2024-00283,PRJ-2024-00283,1
PAIR-001682,crm,partner,PRJ-2024-00283,PRJ-2024-00283,PRJ-2024-00283,PRJ-2024-00283,1
PAIR-001683,crm,document,PRJ-2024-00283,PRJ-2024-00283,PRJ-2024-00283,PRJ-2024-00283,1
PAIR-001684,erp,partner,PRJ-2024-00283,PRJ-2024-00283,PRJ-2024-00283,PRJ-2024-00283,1
PAIR-001685,erp,document,PRJ-2024-00283,PRJ-2024-00283,PRJ-2024-00283,PRJ-2024-00283,1
PAIR-001686,partner,document,PRJ-2024-00283,PRJ-2024-00283,PRJ-2024-00283,PRJ-2024-00283,1
PAIR-001687,crm,erp,PRJ-2024-00284,PRJ-2024-00284,PRJ-2024-00284,PRJ-2024-00284,1
PAIR-001688,crm,partner,PRJ-2024-00284,PRJ-2024-00284,PRJ-2024-00284,PRJ-2024-00284,1
PAIR-001689,crm,document,PRJ-2024-00284,PRJ-2024-00284,PRJ-2024-00284,PRJ-2024-00284,1
PAIR-001690,erp,partner,PRJ-2024-00284,PRJ-2024-00284,PRJ-2024-00284,PRJ-2024-00284,1
PAIR-001691,erp,document,PRJ-2024-00284,PRJ-2024-00284,PRJ-2024-00284,PRJ-2024-00284,1
PAIR-001692,partner,document,PRJ-2024-00284,PRJ-2024-00284,PRJ-2024-00284,PRJ-2024-00284,1
PAIR-001693,crm,erp,PRJ-2024-00285,PRJ-2024-00285,PRJ-2024-00285,PRJ-2024-00285,1
PAIR-001694,crm,partner,PRJ-2024-00285,PRJ-2024-00285,PRJ-2024-00285,PRJ-2024-00285,1
PAIR-001695,crm,document,PRJ-2024-00285,PRJ-2024-00285,PRJ-2024-00285,PRJ-2024-00285,1
PAIR-001696,erp,partner,PRJ-2024-00285,PRJ-2024-00285,PRJ-2024-00285,PRJ-2024-00285,1
PAIR-001697,erp,document,PRJ-2024-00285,PRJ-2024-00285,PRJ-2024-00285,PRJ-2024-00285,1
PAIR-001698,partner,document,PRJ-2024-00285,PRJ-2024-00285,PRJ-2024-00285,PRJ-2024-00285,1
PAIR-001699,crm,erp,PRJ-2024-00286,PRJ-2024-00286,PRJ-2024-00286,PRJ-2024-00286,1
PAIR-001700,crm,partner,PRJ-2024-00286,PRJ-2024-00286,PRJ-2024-00286,PRJ-2024-00286,1
PAIR-001701,crm,document,PRJ-2024-00286,PRJ-2024-00286,PRJ-2024-00286,PRJ-2024-00286,1
PAIR-001702,erp,partner,PRJ-2024-00286,PRJ-2024-00286,PRJ-2024-00286,PRJ-2024-00286,1
PAIR-001703,erp,document,PRJ-2024-00286,PRJ-2024-00286,PRJ-2024-00286,PRJ-2024-00286,1
PAIR-001704,partner,document,PRJ-2024-00286,PRJ-2024-00286,PRJ-2024-00286,PRJ-2024-00286,1
PAIR-001705,crm,erp,PRJ-2024-00287,PRJ-2024-00287,PRJ-2024-00287,PRJ-2024-00287,1
PAIR-001706,crm,partner,PRJ-2024-00287,PRJ-2024-00287,PRJ-2024-00287,PRJ-2024-00287,1
PAIR-001707,crm,document,PRJ-2024-00287,PRJ-2024-00287,PRJ-2024-00287,PRJ-2024-00287,1
PAIR-001708,erp,partner,PRJ-2024-00287,PRJ-2024-00287,PRJ-2024-00287,PRJ-2024-00287,1
PAIR-001709,erp,document,PRJ-2024-00287,PRJ-2024-00287,PRJ-2024-00287,PRJ-2024-00287,1
PAIR-001710,partner,document,PRJ-2024-00287,PRJ-2024-00287,PRJ-2024-00287,PRJ-2024-00287,1
PAIR-001711,crm,erp,PRJ-2024-00288,PRJ-2024-00288,PRJ-2024-00288,PRJ-2024-00288,1
PAIR-001712,crm,partner,PRJ-2024-00288,PRJ-2024-00288,PRJ-2024-00288,PRJ-2024-00288,1
PAIR-001713,crm,document,PRJ-2024-00288,PRJ-2024-00288,PRJ-2024-00288,PRJ-2024-00288,1
PAIR-001714,erp,partner,PRJ-2024-00288,PRJ-2024-00288,PRJ-2024-00288,PRJ-2024-00288,1
PAIR-001715,erp,document,PRJ-2024-00288,PRJ-2024-00288,PRJ-2024-00288,PRJ-2024-00288,1
PAIR-001716,partner,document,PRJ-2024-00288,PRJ-2024-00288,PRJ-2024-00288,PRJ-2024-00288,1
PAIR-001717,crm,erp,PRJ-2024-00289,PRJ-2024-00289,PRJ-2024-00289,PRJ-2024-00289,1
PAIR-001718,crm,partner,PRJ-2024-00289,PRJ-2024-00289,PRJ-2024-00289,PRJ-2024-00289,1
PAIR-001719,crm,document,PRJ-2024-00289,PRJ-2024-00289,PRJ-2024-00289,PRJ-2024-00289,1
PAIR-001720,erp,partner,PRJ-2024-00289,PRJ-2024-00289,PRJ-2024-00289,PRJ-2024-00289,1
PAIR-001721,erp,document,PRJ-2024-00289,PRJ-2024-00289,PRJ-2024-00289,PRJ-2024-00289,1
PAIR-001722,partner,document,PRJ-2024-00289,PRJ-2024-00289,PRJ-2024-00289,PRJ-2024-00289,1
PAIR-001723,crm,erp,PRJ-2024-00290,PRJ-2024-00290,PRJ-2024-00290,PRJ-2024-00290,1
PAIR-001724,crm,partner,PRJ-2024-00290,PRJ-2024-00290,PRJ-2024-00290,PRJ-2024-00290,1
PAIR-001725,crm,document,PRJ-2024-00290,PRJ-2024-00290,PRJ-2024-00290,PRJ-2024-00290,1
PAIR-001726,erp,partner,PRJ-2024-00290,PRJ-2024-00290,PRJ-2024-00290,PRJ-2024-00290,1
PAIR-001727,erp,document,PRJ-2024-00290,PRJ-2024-00290,PRJ-2024-00290,PRJ-2024-00290,1
PAIR-001728,partner,document,PRJ-2024-00290,PRJ-2024-00290,PRJ-2024-00290,PRJ-2024-00290,1
PAIR-001729,crm,erp,PRJ-2024-00291,PRJ-2024-00291,PRJ-2024-00291,PRJ-2024-00291,1
PAIR-001730,crm,partner,PRJ-2024-00291,PRJ-2024-00291,PRJ-2024-00291,PRJ-2024-00291,1
PAIR-001731,crm,document,PRJ-2024-00291,PRJ-2024-00291,PRJ-2024-00291,PRJ-2024-00291,1
PAIR-001732,erp,partner,PRJ-2024-00291,PRJ-2024-00291,PRJ-2024-00291,PRJ-2024-00291,1
PAIR-001733,erp,document,PRJ-2024-00291,PRJ-2024-00291,PRJ-2024-00291,PRJ-2024-00291,1
PAIR-001734,partner,document,PRJ-2024-00291,PRJ-2024-00291,PRJ-2024-00291,PRJ-2024-00291,1
PAIR-001735,crm,erp,PRJ-2024-00292,PRJ-2024-00292,PRJ-2024-00292,PRJ-2024-00292,1
PAIR-001736,crm,partner,PRJ-2024-00292,PRJ-2024-00292,PRJ-2024-00292,PRJ-2024-00292,1
PAIR-001737,crm,document,PRJ-2024-00292,PRJ-2024-00292,PRJ-2024-00292,PRJ-2024-00292,1
PAIR-001738,erp,partner,PRJ-2024-00292,PRJ-2024-00292,PRJ-2024-00292,PRJ-2024-00292,1
PAIR-001739,erp,document,PRJ-2024-00292,PRJ-2024-00292,PRJ-2024-00292,PRJ-2024-00292,1
PAIR-001740,partner,document,PRJ-2024-00292,PRJ-2024-00292,PRJ-2024-00292,PRJ-2024-00292,1
PAIR-001741,crm,erp,PRJ-2024-00293,PRJ-2024-00293,PRJ-2024-00293,PRJ-2024-00293,1
PAIR-001742,crm,partner,PRJ-2024-00293,PRJ-2024-00293,PRJ-2024-00293,PRJ-2024-00293,1
PAIR-001743,crm,document,PRJ-2024-00293,PRJ-2024-00293,PRJ-2024-00293,PRJ-2024-00293,1
PAIR-001744,erp,partner,PRJ-2024-00293,PRJ-2024-00293,PRJ-2024-00293,PRJ-2024-00293,1
PAIR-001745,erp,document,PRJ-2024-00293,PRJ-2024-00293,PRJ-2024-00293,PRJ-2024-00293,1
PAIR-001746,partner,document,PRJ-2024-00293,PRJ-2024-00293,PRJ-2024-00293,PRJ-2024-00293,1
PAIR-001747,crm,erp,PRJ-2024-00294,PRJ-2024-00294,PRJ-2024-00294,PRJ-2024-00294,1
PAIR-001748,crm,partner,PRJ-2024-00294,PRJ-2024-00294,PRJ-2024-00294,PRJ-2024-00294,1
PAIR-001749,crm,document,PRJ-2024-00294,PRJ-2024-00294,PRJ-2024-00294,PRJ-2024-00294,1
PAIR-001750,erp,partner,PRJ-2024-00294,PRJ-2024-00294,PRJ-2024-00294,PRJ-2024-00294,1
PAIR-001751,erp,document,PRJ-2024-00294,PRJ-2024-00294,PRJ-2024-00294,PRJ-2024-00294,1
PAIR-001752,partner,document,PRJ-2024-00294,PRJ-2024-00294,PRJ-2024-00294,PRJ-2024-00294,1
PAIR-001753,crm,erp,PRJ-2024-00295,PRJ-2024-00295,PRJ-2024-00295,PRJ-2024-00295,1
PAIR-001754,crm,partner,PRJ-2024-00295,PRJ-2024-00295,PRJ-2024-00295,PRJ-2024-00295,1
PAIR-001755,crm,document,PRJ-2024-00295,PRJ-2024-00295,PRJ-2024-00295,PRJ-2024-00295,1
PAIR-001756,erp,partner,PRJ-2024-00295,PRJ-2024-00295,PRJ-2024-00295,PRJ-2024-00295,1
PAIR-001757,erp,document,PRJ-2024-00295,PRJ-2024-00295,PRJ-2024-00295,PRJ-2024-00295,1
PAIR-001758,partner,document,PRJ-2024-00295,PRJ-2024-00295,PRJ-2024-00295,PRJ-2024-00295,1
PAIR-001759,crm,erp,PRJ-2024-00296,PRJ-2024-00296,PRJ-2024-00296,PRJ-2024-00296,1
PAIR-001760,crm,partner,PRJ-2024-00296,PRJ-2024-00296,PRJ-2024-00296,PRJ-2024-00296,1
PAIR-001761,crm,document,PRJ-2024-00296,PRJ-2024-00296,PRJ-2024-00296,PRJ-2024-00296,1
PAIR-001762,erp,partner,PRJ-2024-00296,PRJ-2024-00296,PRJ-2024-00296,PRJ-2024-00296,1
PAIR-001763,erp,document,PRJ-2024-00296,PRJ-2024-00296,PRJ-2024-00296,PRJ-2024-00296,1
PAIR-001764,partner,document,PRJ-2024-00296,PRJ-2024-00296,PRJ-2024-00296,PRJ-2024-00296,1
PAIR-001765,crm,erp,PRJ-2024-00297,PRJ-2024-00297,PRJ-2024-00297,PRJ-2024-00297,1
PAIR-001766,crm,partner,PRJ-2024-00297,PRJ-2024-00297,PRJ-2024-00297,PRJ-2024-00297,1
PAIR-001767,crm,document,PRJ-2024-00297,PRJ-2024-00297,PRJ-2024-00297,PRJ-2024-00297,1
PAIR-001768,erp,partner,PRJ-2024-00297,PRJ-2024-00297,PRJ-2024-00297,PRJ-2024-00297,1
PAIR-001769,erp,document,PRJ-2024-00297,PRJ-2024-00297,PRJ-2024-00297,PRJ-2024-00297,1
PAIR-001770,partner,document,PRJ-2024-00297,PRJ-2024-00297,PRJ-2024-00297,PRJ-2024-00297,1
PAIR-001771,crm,erp,PRJ-2024-00298,PRJ-2024-00298,PRJ-2024-00298,PRJ-2024-00298,1
PAIR-001772,crm,partner,PRJ-2024-00298,PRJ-2024-00298,PRJ-2024-00298,PRJ-2024-00298,1
PAIR-001773,crm,document,PRJ-2024-00298,PRJ-2024-00298,PRJ-2024-00298,PRJ-2024-00298,1
PAIR-001774,erp,partner,PRJ-2024-00298,PRJ-2024-00298,PRJ-2024-00298,PRJ-2024-00298,1
PAIR-001775,erp,document,PRJ-2024-00298,PRJ-2024-00298,PRJ-2024-00298,PRJ-2024-00298,1
PAIR-001776,partner,document,PRJ-2024-00298,PRJ-2024-00298,PRJ-2024-00298,PRJ-2024-00298,1
PAIR-001777,crm,erp,PRJ-2024-00299,PRJ-2024-00299,PRJ-2024-00299,PRJ-2024-00299,1
PAIR-001778,crm,partner,PRJ-2024-00299,PRJ-2024-00299,PRJ-2024-00299,PRJ-2024-00299,1
PAIR-001779,crm,document,PRJ-2024-00299,PRJ-2024-00299,PRJ-2024-00299,PRJ-2024-00299,1
PAIR-001780,erp,partner,PRJ-2024-00299,PRJ-2024-00299,PRJ-2024-00299,PRJ-2024-00299,1
PAIR-001781,erp,document,PRJ-2024-00299,PRJ-2024-00299,PRJ-2024-00299,PRJ-2024-00299,1
PAIR-001782,partner,document,PRJ-2024-00299,PRJ-2024-00299,PRJ-2024-00299,PRJ-2024-00299,1
PAIR-001783,crm,erp,PRJ-2024-00300,PRJ-2024-00300,PRJ-2024-00300,PRJ-2024-00300,1
PAIR-001784,crm,partner,PRJ-2024-00300,PRJ-2024-00300,PRJ-2024-00300,PRJ-2024-00300,1
PAIR-001785,crm,document,PRJ-2024-00300,PRJ-2024-00300,PRJ-2024-00300,PRJ-2024-00300,1
PAIR-001786,erp,partner,PRJ-2024-00300,PRJ-2024-00300,PRJ-2024-00300,PRJ-2024-00300,1
PAIR-001787,erp,document,PRJ-2024-00300,PRJ-2024-00300,PRJ-2024-00300,PRJ-2024-00300,1
PAIR-001788,partner,document,PRJ-2024-00300,PRJ-2024-00300,PRJ-2024-00300,PRJ-2024-00300,1
PAIR-001789,crm,erp,PRJ-2024-00301,PRJ-2024-00301,PRJ-2024-00301,PRJ-2024-00301,1
PAIR-001790,crm,partner,PRJ-2024-00301,PRJ-2024-00301,PRJ-2024-00301,PRJ-2024-00301,1
PAIR-001791,crm,document,PRJ-2024-00301,PRJ-2024-00301,PRJ-2024-00301,PRJ-2024-00301,1
PAIR-001792,erp,partner,PRJ-2024-00301,PRJ-2024-00301,PRJ-2024-00301,PRJ-2024-00301,1
PAIR-001793,erp,document,PRJ-2024-00301,PRJ-2024-00301,PRJ-2024-00301,PRJ-2024-00301,1
PAIR-001794,partner,document,PRJ-2024-00301,PRJ-2024-00301,PRJ-2024-00301,PRJ-2024-00301,1
PAIR-001795,crm,erp,PRJ-2024-00302,PRJ-2024-00302,PRJ-2024-00302,PRJ-2024-00302,1
PAIR-001796,crm,partner,PRJ-2024-00302,PRJ-2024-00302,PRJ-2024-00302,PRJ-2024-00302,1
PAIR-001797,crm,document,PRJ-2024-00302,PRJ-2024-00302,PRJ-2024-00302,PRJ-2024-00302,1
PAIR-001798,erp,partner,PRJ-2024-00302,PRJ-2024-00302,PRJ-2024-00302,PRJ-2024-00302,1
PAIR-001799,erp,document,PRJ-2024-00302,PRJ-2024-00302,PRJ-2024-00302,PRJ-2024-00302,1
PAIR-001800,partner,document,PRJ-2024-00302,PRJ-2024-00302,PRJ-2024-00302,PRJ-2024-00302,1
PAIR-001801,crm,erp,PRJ-2024-00303,PRJ-2024-00303,PRJ-2024-00303,PRJ-2024-00303,1
PAIR-001802,crm,partner,PRJ-2024-00303,PRJ-2024-00303,PRJ-2024-00303,PRJ-2024-00303,1
PAIR-001803,crm,document,PRJ-2024-00303,PRJ-2024-00303,PRJ-2024-00303,PRJ-2024-00303,1
PAIR-001804,erp,partner,PRJ-2024-00303,PRJ-2024-00303,PRJ-2024-00303,PRJ-2024-00303,1
PAIR-001805,erp,document,PRJ-2024-00303,PRJ-2024-00303,PRJ-2024-00303,PRJ-2024-00303,1
PAIR-001806,partner,document,PRJ-2024-00303,PRJ-2024-00303,PRJ-2024-00303,PRJ-2024-00303,1
PAIR-001807,crm,erp,PRJ-2024-00304,PRJ-2024-00304,PRJ-2024-00304,PRJ-2024-00304,1
PAIR-001808,crm,partner,PRJ-2024-00304,PRJ-2024-00304,PRJ-2024-00304,PRJ-2024-00304,1
PAIR-001809,crm,document,PRJ-2024-00304,PRJ-2024-00304,PRJ-2024-00304,PRJ-2024-00304,1
PAIR-001810,erp,partner,PRJ-2024-00304,PRJ-2024-00304,PRJ-2024-00304,PRJ-2024-00304,1
PAIR-001811,erp,document,PRJ-2024-00304,PRJ-2024-00304,PRJ-2024-00304,PRJ-2024-00304,1
PAIR-001812,partner,document,PRJ-2024-00304,PRJ-2024-00304,PRJ-2024-00304,PRJ-2024-00304,1
PAIR-001813,crm,erp,PRJ-2024-00305,PRJ-2024-00305,PRJ-2024-00305,PRJ-2024-00305,1
PAIR-001814,crm,partner,PRJ-2024-00305,PRJ-2024-00305,PRJ-2024-00305,PRJ-2024-00305,1
PAIR-001815,crm,document,PRJ-2024-00305,PRJ-2024-00305,PRJ-2024-00305,PRJ-2024-00305,1
PAIR-001816,erp,partner,PRJ-2024-00305,PRJ-2024-00305,PRJ-2024-00305,PRJ-2024-00305,1
PAIR-001817,erp,document,PRJ-2024-00305,PRJ-2024-00305,PRJ-2024-00305,PRJ-2024-00305,1
PAIR-001818,partner,document,PRJ-2024-00305,PRJ-2024-00305,PRJ-2024-00305,PRJ-2024-00305,1
PAIR-001819,crm,erp,PRJ-2024-00306,PRJ-2024-00306,PRJ-2024-00306,PRJ-2024-00306,1
PAIR-001820,crm,partner,PRJ-2024-00306,PRJ-2024-00306,PRJ-2024-00306,PRJ-2024-00306,1
PAIR-001821,crm,document,PRJ-2024-00306,PRJ-2024-00306,PRJ-2024-00306,PRJ-2024-00306,1
PAIR-001822,erp,partner,PRJ-2024-00306,PRJ-2024-00306,PRJ-2024-00306,PRJ-2024-00306,1
PAIR-001823,erp,document,PRJ-2024-00306,PRJ-2024-00306,PRJ-2024-00306,PRJ-2024-00306,1
PAIR-001824,partner,document,PRJ-2024-00306,PRJ-2024-00306,PRJ-2024-00306,PRJ-2024-00306,1
PAIR-001825,crm,erp,PRJ-2024-00307,PRJ-2024-00307,PRJ-2024-00307,PRJ-2024-00307,1
PAIR-001826,crm,partner,PRJ-2024-00307,PRJ-2024-00307,PRJ-2024-00307,PRJ-2024-00307,1
PAIR-001827,crm,document,PRJ-2024-00307,PRJ-2024-00307,PRJ-2024-00307,PRJ-2024-00307,1
PAIR-001828,erp,partner,PRJ-2024-00307,PRJ-2024-00307,PRJ-2024-00307,PRJ-2024-00307,1
PAIR-001829,erp,document,PRJ-2024-00307,PRJ-2024-00307,PRJ-2024-00307,PRJ-2024-00307,1
PAIR-001830,partner,document,PRJ-2024-00307,PRJ-2024-00307,PRJ-2024-00307,PRJ-2024-00307,1
PAIR-001831,crm,erp,PRJ-2024-00308,PRJ-2024-00308,PRJ-2024-00308,PRJ-2024-00308,1
PAIR-001832,crm,partner,PRJ-2024-00308,PRJ-2024-00308,PRJ-2024-00308,PRJ-2024-00308,1
PAIR-001833,crm,document,PRJ-2024-00308,PRJ-2024-00308,PRJ-2024-00308,PRJ-2024-00308,1
PAIR-001834,erp,partner,PRJ-2024-00308,PRJ-2024-00308,PRJ-2024-00308,PRJ-2024-00308,1
PAIR-001835,erp,document,PRJ-2024-00308,PRJ-2024-00308,PRJ-2024-00308,PRJ-2024-00308,1
PAIR-001836,partner,document,PRJ-2024-00308,PRJ-2024-00308,PRJ-2024-00308,PRJ-2024-00308,1
PAIR-001837,crm,erp,PRJ-2024-00309,PRJ-2024-00309,PRJ-2024-00309,PRJ-2024-00309,1
PAIR-001838,crm,partner,PRJ-2024-00309,PRJ-2024-00309,PRJ-2024-00309,PRJ-2024-00309,1
PAIR-001839,crm,document,PRJ-2024-00309,PRJ-2024-00309,PRJ-2024-00309,PRJ-2024-00309,1
PAIR-001840,erp,partner,PRJ-2024-00309,PRJ-2024-00309,PRJ-2024-00309,PRJ-2024-00309,1
PAIR-001841,erp,document,PRJ-2024-00309,PRJ-2024-00309,PRJ-2024-00309,PRJ-2024-00309,1
PAIR-001842,partner,document,PRJ-2024-00309,PRJ-2024-00309,PRJ-2024-00309,PRJ-2024-00309,1
PAIR-001843,crm,erp,PRJ-2024-00310,PRJ-2024-00310,PRJ-2024-00310,PRJ-2024-00310,1
PAIR-001844,crm,partner,PRJ-2024-00310,PRJ-2024-00310,PRJ-2024-00310,PRJ-2024-00310,1
PAIR-001845,crm,document,PRJ-2024-00310,PRJ-2024-00310,PRJ-2024-00310,PRJ-2024-00310,1
PAIR-001846,erp,partner,PRJ-2024-00310,PRJ-2024-00310,PRJ-2024-00310,PRJ-2024-00310,1
PAIR-001847,erp,document,PRJ-2024-00310,PRJ-2024-00310,PRJ-2024-00310,PRJ-2024-00310,1
PAIR-001848,partner,document,PRJ-2024-00310,PRJ-2024-00310,PRJ-2024-00310,PRJ-2024-00310,1
PAIR-001849,crm,erp,PRJ-2024-00311,PRJ-2024-00311,PRJ-2024-00311,PRJ-2024-00311,1
PAIR-001850,crm,partner,PRJ-2024-00311,PRJ-2024-00311,PRJ-2024-00311,PRJ-2024-00311,1
PAIR-001851,crm,document,PRJ-2024-00311,PRJ-2024-00311,PRJ-2024-00311,PRJ-2024-00311,1
PAIR-001852,erp,partner,PRJ-2024-00311,PRJ-2024-00311,PRJ-2024-00311,PRJ-2024-00311,1
PAIR-001853,erp,document,PRJ-2024-00311,PRJ-2024-00311,PRJ-2024-00311,PRJ-2024-00311,1
PAIR-001854,partner,document,PRJ-2024-00311,PRJ-2024-00311,PRJ-2024-00311,PRJ-2024-00311,1
PAIR-001855,crm,erp,PRJ-2024-00312,PRJ-2024-00312,PRJ-2024-00312,PRJ-2024-00312,1
PAIR-001856,crm,partner,PRJ-2024-00312,PRJ-2024-00312,PRJ-2024-00312,PRJ-2024-00312,1
PAIR-001857,crm,document,PRJ-2024-00312,PRJ-2024-00312,PRJ-2024-00312,PRJ-2024-00312,1
PAIR-001858,erp,partner,PRJ-2024-00312,PRJ-2024-00312,PRJ-2024-00312,PRJ-2024-00312,1
PAIR-001859,erp,document,PRJ-2024-00312,PRJ-2024-00312,PRJ-2024-00312,PRJ-2024-00312,1
PAIR-001860,partner,document,PRJ-2024-00312,PRJ-2024-00312,PRJ-2024-00312,PRJ-2024-00312,1
PAIR-001861,crm,erp,PRJ-2024-00313,PRJ-2024-00313,PRJ-2024-00313,PRJ-2024-00313,1
PAIR-001862,crm,partner,PRJ-2024-00313,PRJ-2024-00313,PRJ-2024-00313,PRJ-2024-00313,1
PAIR-001863,crm,document,PRJ-2024-00313,PRJ-2024-00313,PRJ-2024-00313,PRJ-2024-00313,1
PAIR-001864,erp,partner,PRJ-2024-00313,PRJ-2024-00313,PRJ-2024-00313,PRJ-2024-00313,1
PAIR-001865,erp,document,PRJ-2024-00313,PRJ-2024-00313,PRJ-2024-00313,PRJ-2024-00313,1
PAIR-001866,partner,document,PRJ-2024-00313,PRJ-2024-00313,PRJ-2024-00313,PRJ-2024-00313,1
PAIR-001867,crm,erp,PRJ-2024-00314,PRJ-2024-00314,PRJ-2024-00314,PRJ-2024-00314,1
PAIR-001868,crm,partner,PRJ-2024-00314,PRJ-2024-00314,PRJ-2024-00314,PRJ-2024-00314,1
PAIR-001869,crm,document,PRJ-2024-00314,PRJ-2024-00314,PRJ-2024-00314,PRJ-2024-00314,1
PAIR-001870,erp,partner,PRJ-2024-00314,PRJ-2024-00314,PRJ-2024-00314,PRJ-2024-00314,1
PAIR-001871,erp,document,PRJ-2024-00314,PRJ-2024-00314,PRJ-2024-00314,PRJ-2024-00314,1
PAIR-001872,partner,document,PRJ-2024-00314,PRJ-2024-00314,PRJ-2024-00314,PRJ-2024-00314,1
PAIR-001873,crm,erp,PRJ-2024-00315,PRJ-2024-00315,PRJ-2024-00315,PRJ-2024-00315,1
PAIR-001874,crm,partner,PRJ-2024-00315,PRJ-2024-00315,PRJ-2024-00315,PRJ-2024-00315,1
PAIR-001875,crm,document,PRJ-2024-00315,PRJ-2024-00315,PRJ-2024-00315,PRJ-2024-00315,1
PAIR-001876,erp,partner,PRJ-2024-00315,PRJ-2024-00315,PRJ-2024-00315,PRJ-2024-00315,1
PAIR-001877,erp,document,PRJ-2024-00315,PRJ-2024-00315,PRJ-2024-00315,PRJ-2024-00315,1
PAIR-001878,partner,document,PRJ-2024-00315,PRJ-2024-00315,PRJ-2024-00315,PRJ-2024-00315,1
PAIR-001879,crm,erp,PRJ-2024-00316,PRJ-2024-00316,PRJ-2024-00316,PRJ-2024-00316,1
PAIR-001880,crm,partner,PRJ-2024-00316,PRJ-2024-00316,PRJ-2024-00316,PRJ-2024-00316,1
PAIR-001881,crm,document,PRJ-2024-00316,PRJ-2024-00316,PRJ-2024-00316,PRJ-2024-00316,1
PAIR-001882,erp,partner,PRJ-2024-00316,PRJ-2024-00316,PRJ-2024-00316,PRJ-2024-00316,1
PAIR-001883,erp,document,PRJ-2024-00316,PRJ-2024-00316,PRJ-2024-00316,PRJ-2024-00316,1
PAIR-001884,partner,document,PRJ-2024-00316,PRJ-2024-00316,PRJ-2024-00316,PRJ-2024-00316,1
PAIR-001885,crm,erp,PRJ-2024-00317,PRJ-2024-00317,PRJ-2024-00317,PRJ-2024-00317,1
PAIR-001886,crm,partner,PRJ-2024-00317,PRJ-2024-00317,PRJ-2024-00317,PRJ-2024-00317,1
PAIR-001887,crm,document,PRJ-2024-00317,PRJ-2024-00317,PRJ-2024-00317,PRJ-2024-00317,1
PAIR-001888,erp,partner,PRJ-2024-00317,PRJ-2024-00317,PRJ-2024-00317,PRJ-2024-00317,1
PAIR-001889,erp,document,PRJ-2024-00317,PRJ-2024-00317,PRJ-2024-00317,PRJ-2024-00317,1
PAIR-001890,partner,document,PRJ-2024-00317,PRJ-2024-00317,PRJ-2024-00317,PRJ-2024-00317,1
PAIR-001891,crm,erp,PRJ-2024-00318,PRJ-2024-00318,PRJ-2024-00318,PRJ-2024-00318,1
PAIR-001892,crm,partner,PRJ-2024-00318,PRJ-2024-00318,PRJ-2024-00318,PRJ-2024-00318,1
PAIR-001893,crm,document,PRJ-2024-00318,PRJ-2024-00318,PRJ-2024-00318,PRJ-2024-00318,1
PAIR-001894,erp,partner,PRJ-2024-00318,PRJ-2024-00318,PRJ-2024-00318,PRJ-2024-00318,1
PAIR-001895,erp,document,PRJ-2024-00318,PRJ-2024-00318,PRJ-2024-00318,PRJ-2024-00318,1
PAIR-001896,partner,document,PRJ-2024-00318,PRJ-2024-00318,PRJ-2024-00318,PRJ-2024-00318,1
PAIR-001897,crm,erp,PRJ-2024-00319,PRJ-2024-00319,PRJ-2024-00319,PRJ-2024-00319,1
PAIR-001898,crm,partner,PRJ-2024-00319,PRJ-2024-00319,PRJ-2024-00319,PRJ-2024-00319,1
PAIR-001899,crm,document,PRJ-2024-00319,PRJ-2024-00319,PRJ-2024-00319,PRJ-2024-00319,1
PAIR-001900,erp,partner,PRJ-2024-00319,PRJ-2024-00319,PRJ-2024-00319,PRJ-2024-00319,1
PAIR-001901,erp,document,PRJ-2024-00319,PRJ-2024-00319,PRJ-2024-00319,PRJ-2024-00319,1
PAIR-001902,partner,document,PRJ-2024-00319,PRJ-2024-00319,PRJ-2024-00319,PRJ-2024-00319,1
PAIR-001903,crm,erp,PRJ-2024-00320,PRJ-2024-00320,PRJ-2024-00320,PRJ-2024-00320,1
PAIR-001904,crm,partner,PRJ-2024-00320,PRJ-2024-00320,PRJ-2024-00320,PRJ-2024-00320,1
PAIR-001905,crm,document,PRJ-2024-00320,PRJ-2024-00320,PRJ-2024-00320,PRJ-2024-00320,1
PAIR-001906,erp,partner,PRJ-2024-00320,PRJ-2024-00320,PRJ-2024-00320,PRJ-2024-00320,1
PAIR-001907,erp,document,PRJ-2024-00320,PRJ-2024-00320,PRJ-2024-00320,PRJ-2024-00320,1
PAIR-001908,partner,document,PRJ-2024-00320,PRJ-2024-00320,PRJ-2024-00320,PRJ-2024-00320,1
PAIR-001909,crm,erp,PRJ-2024-00321,PRJ-2024-00321,PRJ-2024-00321,PRJ-2024-00321,1
PAIR-001910,crm,partner,PRJ-2024-00321,PRJ-2024-00321,PRJ-2024-00321,PRJ-2024-00321,1
PAIR-001911,crm,document,PRJ-2024-00321,PRJ-2024-00321,PRJ-2024-00321,PRJ-2024-00321,1
PAIR-001912,erp,partner,PRJ-2024-00321,PRJ-2024-00321,PRJ-2024-00321,PRJ-2024-00321,1
PAIR-001913,erp,document,PRJ-2024-00321,PRJ-2024-00321,PRJ-2024-00321,PRJ-2024-00321,1
PAIR-001914,partner,document,PRJ-2024-00321,PRJ-2024-00321,PRJ-2024-00321,PRJ-2024-00321,1
PAIR-001915,crm,erp,PRJ-2024-00322,PRJ-2024-00322,PRJ-2024-00322,PRJ-2024-00322,1
PAIR-001916,crm,partner,PRJ-2024-00322,PRJ-2024-00322,PRJ-2024-00322,PRJ-2024-00322,1
PAIR-001917,crm,document,PRJ-2024-00322,PRJ-2024-00322,PRJ-2024-00322,PRJ-2024-00322,1
PAIR-001918,erp,partner,PRJ-2024-00322,PRJ-2024-00322,PRJ-2024-00322,PRJ-2024-00322,1
PAIR-001919,erp,document,PRJ-2024-00322,PRJ-2024-00322,PRJ-2024-00322,PRJ-2024-00322,1
PAIR-001920,partner,document,PRJ-2024-00322,PRJ-2024-00322,PRJ-2024-00322,PRJ-2024-00322,1
PAIR-001921,crm,erp,PRJ-2024-00323,PRJ-2024-00323,PRJ-2024-00323,PRJ-2024-00323,1
PAIR-001922,crm,partner,PRJ-2024-00323,PRJ-2024-00323,PRJ-2024-00323,PRJ-2024-00323,1
PAIR-001923,crm,document,PRJ-2024-00323,PRJ-2024-00323,PRJ-2024-00323,PRJ-2024-00323,1
PAIR-001924,erp,partner,PRJ-2024-00323,PRJ-2024-00323,PRJ-2024-00323,PRJ-2024-00323,1
PAIR-001925,erp,document,PRJ-2024-00323,PRJ-2024-00323,PRJ-2024-00323,PRJ-2024-00323,1
PAIR-001926,partner,document,PRJ-2024-00323,PRJ-2024-00323,PRJ-2024-00323,PRJ-2024-00323,1
PAIR-001927,crm,erp,PRJ-2024-00324,PRJ-2024-00324,PRJ-2024-00324,PRJ-2024-00324,1
PAIR-001928,crm,partner,PRJ-2024-00324,PRJ-2024-00324,PRJ-2024-00324,PRJ-2024-00324,1
PAIR-001929,crm,document,PRJ-2024-00324,PRJ-2024-00324,PRJ-2024-00324,PRJ-2024-00324,1
PAIR-001930,erp,partner,PRJ-2024-00324,PRJ-2024-00324,PRJ-2024-00324,PRJ-2024-00324,1
PAIR-001931,erp,document,PRJ-2024-00324,PRJ-2024-00324,PRJ-2024-00324,PRJ-2024-00324,1
PAIR-001932,partner,document,PRJ-2024-00324,PRJ-2024-00324,PRJ-2024-00324,PRJ-2024-00324,1
PAIR-001933,crm,erp,PRJ-2024-00325,PRJ-2024-00325,PRJ-2024-00325,PRJ-2024-00325,1
PAIR-001934,crm,partner,PRJ-2024-00325,PRJ-2024-00325,PRJ-2024-00325,PRJ-2024-00325,1
PAIR-001935,crm,document,PRJ-2024-00325,PRJ-2024-00325,PRJ-2024-00325,PRJ-2024-00325,1
PAIR-001936,erp,partner,PRJ-2024-00325,PRJ-2024-00325,PRJ-2024-00325,PRJ-2024-00325,1
PAIR-001937,erp,document,PRJ-2024-00325,PRJ-2024-00325,PRJ-2024-00325,PRJ-2024-00325,1
PAIR-001938,partner,document,PRJ-2024-00325,PRJ-2024-00325,PRJ-2024-00325,PRJ-2024-00325,1
PAIR-001939,crm,erp,PRJ-2024-00326,PRJ-2024-00326,PRJ-2024-00326,PRJ-2024-00326,1
PAIR-001940,crm,partner,PRJ-2024-00326,PRJ-2024-00326,PRJ-2024-00326,PRJ-2024-00326,1
PAIR-001941,crm,document,PRJ-2024-00326,PRJ-2024-00326,PRJ-2024-00326,PRJ-2024-00326,1
PAIR-001942,erp,partner,PRJ-2024-00326,PRJ-2024-00326,PRJ-2024-00326,PRJ-2024-00326,1
PAIR-001943,erp,document,PRJ-2024-00326,PRJ-2024-00326,PRJ-2024-00326,PRJ-2024-00326,1
PAIR-001944,partner,document,PRJ-2024-00326,PRJ-2024-00326,PRJ-2024-00326,PRJ-2024-00326,1
PAIR-001945,crm,erp,PRJ-2024-00327,PRJ-2024-00327,PRJ-2024-00327,PRJ-2024-00327,1
PAIR-001946,crm,partner,PRJ-2024-00327,PRJ-2024-00327,PRJ-2024-00327,PRJ-2024-00327,1
PAIR-001947,crm,document,PRJ-2024-00327,PRJ-2024-00327,PRJ-2024-00327,PRJ-2024-00327,1
PAIR-001948,erp,partner,PRJ-2024-00327,PRJ-2024-00327,PRJ-2024-00327,PRJ-2024-00327,1
PAIR-001949,erp,document,PRJ-2024-00327,PRJ-2024-00327,PRJ-2024-00327,PRJ-2024-00327,1
PAIR-001950,partner,document,PRJ-2024-00327,PRJ-2024-00327,PRJ-2024-00327,PRJ-2024-00327,1
PAIR-001951,crm,erp,PRJ-2024-00328,PRJ-2024-00328,PRJ-2024-00328,PRJ-2024-00328,1
PAIR-001952,crm,partner,PRJ-2024-00328,PRJ-2024-00328,PRJ-2024-00328,PRJ-2024-00328,1
PAIR-001953,crm,document,PRJ-2024-00328,PRJ-2024-00328,PRJ-2024-00328,PRJ-2024-00328,1
PAIR-001954,erp,partner,PRJ-2024-00328,PRJ-2024-00328,PRJ-2024-00328,PRJ-2024-00328,1
PAIR-001955,erp,document,PRJ-2024-00328,PRJ-2024-00328,PRJ-2024-00328,PRJ-2024-00328,1
PAIR-001956,partner,document,PRJ-2024-00328,PRJ-2024-00328,PRJ-2024-00328,PRJ-2024-00328,1
PAIR-001957,crm,erp,PRJ-2024-00329,PRJ-2024-00329,PRJ-2024-00329,PRJ-2024-00329,1
PAIR-001958,crm,partner,PRJ-2024-00329,PRJ-2024-00329,PRJ-2024-00329,PRJ-2024-00329,1
PAIR-001959,crm,document,PRJ-2024-00329,PRJ-2024-00329,PRJ-2024-00329,PRJ-2024-00329,1
PAIR-001960,erp,partner,PRJ-2024-00329,PRJ-2024-00329,PRJ-2024-00329,PRJ-2024-00329,1
PAIR-001961,erp,document,PRJ-2024-00329,PRJ-2024-00329,PRJ-2024-00329,PRJ-2024-00329,1
PAIR-001962,partner,document,PRJ-2024-00329,PRJ-2024-00329,PRJ-2024-00329,PRJ-2024-00329,1
PAIR-001963,crm,erp,PRJ-2024-00330,PRJ-2024-00330,PRJ-2024-00330,PRJ-2024-00330,1
PAIR-001964,crm,partner,PRJ-2024-00330,PRJ-2024-00330,PRJ-2024-00330,PRJ-2024-00330,1
PAIR-001965,crm,document,PRJ-2024-00330,PRJ-2024-00330,PRJ-2024-00330,PRJ-2024-00330,1
PAIR-001966,erp,partner,PRJ-2024-00330,PRJ-2024-00330,PRJ-2024-00330,PRJ-2024-00330,1
PAIR-001967,erp,document,PRJ-2024-00330,PRJ-2024-00330,PRJ-2024-00330,PRJ-2024-00330,1
PAIR-001968,partner,document,PRJ-2024-00330,PRJ-2024-00330,PRJ-2024-00330,PRJ-2024-00330,1
PAIR-001969,crm,erp,PRJ-2024-00331,PRJ-2024-00331,PRJ-2024-00331,PRJ-2024-00331,1
PAIR-001970,crm,partner,PRJ-2024-00331,PRJ-2024-00331,PRJ-2024-00331,PRJ-2024-00331,1
PAIR-001971,crm,document,PRJ-2024-00331,PRJ-2024-00331,PRJ-2024-00331,PRJ-2024-00331,1
PAIR-001972,erp,partner,PRJ-2024-00331,PRJ-2024-00331,PRJ-2024-00331,PRJ-2024-00331,1
PAIR-001973,erp,document,PRJ-2024-00331,PRJ-2024-00331,PRJ-2024-00331,PRJ-2024-00331,1
PAIR-001974,partner,document,PRJ-2024-00331,PRJ-2024-00331,PRJ-2024-00331,PRJ-2024-00331,1
PAIR-001975,crm,erp,PRJ-2024-00332,PRJ-2024-00332,PRJ-2024-00332,PRJ-2024-00332,1
PAIR-001976,crm,partner,PRJ-2024-00332,PRJ-2024-00332,PRJ-2024-00332,PRJ-2024-00332,1
PAIR-001977,crm,document,PRJ-2024-00332,PRJ-2024-00332,PRJ-2024-00332,PRJ-2024-00332,1
PAIR-001978,erp,partner,PRJ-2024-00332,PRJ-2024-00332,PRJ-2024-00332,PRJ-2024-00332,1
PAIR-001979,erp,document,PRJ-2024-00332,PRJ-2024-00332,PRJ-2024-00332,PRJ-2024-00332,1
PAIR-001980,partner,document,PRJ-2024-00332,PRJ-2024-00332,PRJ-2024-00332,PRJ-2024-00332,1
PAIR-001981,crm,erp,PRJ-2024-00333,PRJ-2024-00333,PRJ-2024-00333,PRJ-2024-00333,1
PAIR-001982,crm,partner,PRJ-2024-00333,PRJ-2024-00333,PRJ-2024-00333,PRJ-2024-00333,1
PAIR-001983,crm,document,PRJ-2024-00333,PRJ-2024-00333,PRJ-2024-00333,PRJ-2024-00333,1
PAIR-001984,erp,partner,PRJ-2024-00333,PRJ-2024-00333,PRJ-2024-00333,PRJ-2024-00333,1
PAIR-001985,erp,document,PRJ-2024-00333,PRJ-2024-00333,PRJ-2024-00333,PRJ-2024-00333,1
PAIR-001986,partner,document,PRJ-2024-00333,PRJ-2024-00333,PRJ-2024-00333,PRJ-2024-00333,1
PAIR-001987,crm,erp,PRJ-2024-00334,PRJ-2024-00334,PRJ-2024-00334,PRJ-2024-00334,1
PAIR-001988,crm,partner,PRJ-2024-00334,PRJ-2024-00334,PRJ-2024-00334,PRJ-2024-00334,1
PAIR-001989,crm,document,PRJ-2024-00334,PRJ-2024-00334,PRJ-2024-00334,PRJ-2024-00334,1
PAIR-001990,erp,partner,PRJ-2024-00334,PRJ-2024-00334,PRJ-2024-00334,PRJ-2024-00334,1
PAIR-001991,erp,document,PRJ-2024-00334,PRJ-2024-00334,PRJ-2024-00334,PRJ-2024-00334,1
PAIR-001992,partner,document,PRJ-2024-00334,PRJ-2024-00334,PRJ-2024-00334,PRJ-2024-00334,1
PAIR-001993,crm,erp,PRJ-2024-00335,PRJ-2024-00335,PRJ-2024-00335,PRJ-2024-00335,1
PAIR-001994,crm,partner,PRJ-2024-00335,PRJ-2024-00335,PRJ-2024-00335,PRJ-2024-00335,1
PAIR-001995,crm,document,PRJ-2024-00335,PRJ-2024-00335,PRJ-2024-00335,PRJ-2024-00335,1
PAIR-001996,erp,partner,PRJ-2024-00335,PRJ-2024-00335,PRJ-2024-00335,PRJ-2024-00335,1
PAIR-001997,erp,document,PRJ-2024-00335,PRJ-2024-00335,PRJ-2024-00335,PRJ-2024-00335,1
PAIR-001998,partner,document,PRJ-2024-00335,PRJ-2024-00335,PRJ-2024-00335,PRJ-2024-00335,1
PAIR-001999,crm,erp,PRJ-2024-00336,PRJ-2024-00336,PRJ-2024-00336,PRJ-2024-00336,1
PAIR-002000,crm,partner,PRJ-2024-00336,PRJ-2024-00336,PRJ-2024-00336,PRJ-2024-00336,1
PAIR-002001,crm,document,PRJ-2024-00336,PRJ-2024-00336,PRJ-2024-00336,PRJ-2024-00336,1
PAIR-002002,erp,partner,PRJ-2024-00336,PRJ-2024-00336,PRJ-2024-00336,PRJ-2024-00336,1
PAIR-002003,erp,document,PRJ-2024-00336,PRJ-2024-00336,PRJ-2024-00336,PRJ-2024-00336,1
PAIR-002004,partner,document,PRJ-2024-00336,PRJ-2024-00336,PRJ-2024-00336,PRJ-2024-00336,1
PAIR-002005,crm,erp,PRJ-2024-00337,PRJ-2024-00337,PRJ-2024-00337,PRJ-2024-00337,1
PAIR-002006,crm,partner,PRJ-2024-00337,PRJ-2024-00337,PRJ-2024-00337,PRJ-2024-00337,1
PAIR-002007,crm,document,PRJ-2024-00337,PRJ-2024-00337,PRJ-2024-00337,PRJ-2024-00337,1
PAIR-002008,erp,partner,PRJ-2024-00337,PRJ-2024-00337,PRJ-2024-00337,PRJ-2024-00337,1
PAIR-002009,erp,document,PRJ-2024-00337,PRJ-2024-00337,PRJ-2024-00337,PRJ-2024-00337,1
PAIR-002010,partner,document,PRJ-2024-00337,PRJ-2024-00337,PRJ-2024-00337,PRJ-2024-00337,1
PAIR-002011,crm,erp,PRJ-2024-00338,PRJ-2024-00338,PRJ-2024-00338,PRJ-2024-00338,1
PAIR-002012,crm,partner,PRJ-2024-00338,PRJ-2024-00338,PRJ-2024-00338,PRJ-2024-00338,1
PAIR-002013,crm,document,PRJ-2024-00338,PRJ-2024-00338,PRJ-2024-00338,PRJ-2024-00338,1
PAIR-002014,erp,partner,PRJ-2024-00338,PRJ-2024-00338,PRJ-2024-00338,PRJ-2024-00338,1
PAIR-002015,erp,document,PRJ-2024-00338,PRJ-2024-00338,PRJ-2024-00338,PRJ-2024-00338,1
PAIR-002016,partner,document,PRJ-2024-00338,PRJ-2024-00338,PRJ-2024-00338,PRJ-2024-00338,1
PAIR-002017,crm,erp,PRJ-2024-00339,PRJ-2024-00339,PRJ-2024-00339,PRJ-2024-00339,1
PAIR-002018,crm,partner,PRJ-2024-00339,PRJ-2024-00339,PRJ-2024-00339,PRJ-2024-00339,1
PAIR-002019,crm,document,PRJ-2024-00339,PRJ-2024-00339,PRJ-2024-00339,PRJ-2024-00339,1
PAIR-002020,erp,partner,PRJ-2024-00339,PRJ-2024-00339,PRJ-2024-00339,PRJ-2024-00339,1
PAIR-002021,erp,document,PRJ-2024-00339,PRJ-2024-00339,PRJ-2024-00339,PRJ-2024-00339,1
PAIR-002022,partner,document,PRJ-2024-00339,PRJ-2024-00339,PRJ-2024-00339,PRJ-2024-00339,1
PAIR-002023,crm,erp,PRJ-2024-00340,PRJ-2024-00340,PRJ-2024-00340,PRJ-2024-00340,1
PAIR-002024,crm,partner,PRJ-2024-00340,PRJ-2024-00340,PRJ-2024-00340,PRJ-2024-00340,1
PAIR-002025,crm,document,PRJ-2024-00340,PRJ-2024-00340,PRJ-2024-00340,PRJ-2024-00340,1
PAIR-002026,erp,partner,PRJ-2024-00340,PRJ-2024-00340,PRJ-2024-00340,PRJ-2024-00340,1
PAIR-002027,erp,document,PRJ-2024-00340,PRJ-2024-00340,PRJ-2024-00340,PRJ-2024-00340,1
PAIR-002028,partner,document,PRJ-2024-00340,PRJ-2024-00340,PRJ-2024-00340,PRJ-2024-00340,1
PAIR-002029,crm,erp,PRJ-2024-00341,PRJ-2024-00341,PRJ-2024-00341,PRJ-2024-00341,1
PAIR-002030,crm,partner,PRJ-2024-00341,PRJ-2024-00341,PRJ-2024-00341,PRJ-2024-00341,1
PAIR-002031,crm,document,PRJ-2024-00341,PRJ-2024-00341,PRJ-2024-00341,PRJ-2024-00341,1
PAIR-002032,erp,partner,PRJ-2024-00341,PRJ-2024-00341,PRJ-2024-00341,PRJ-2024-00341,1
PAIR-002033,erp,document,PRJ-2024-00341,PRJ-2024-00341,PRJ-2024-00341,PRJ-2024-00341,1
PAIR-002034,partner,document,PRJ-2024-00341,PRJ-2024-00341,PRJ-2024-00341,PRJ-2024-00341,1
PAIR-002035,crm,erp,PRJ-2024-00342,PRJ-2024-00342,PRJ-2024-00342,PRJ-2024-00342,1
PAIR-002036,crm,partner,PRJ-2024-00342,PRJ-2024-00342,PRJ-2024-00342,PRJ-2024-00342,1
PAIR-002037,crm,document,PRJ-2024-00342,PRJ-2024-00342,PRJ-2024-00342,PRJ-2024-00342,1
PAIR-002038,erp,partner,PRJ-2024-00342,PRJ-2024-00342,PRJ-2024-00342,PRJ-2024-00342,1
PAIR-002039,erp,document,PRJ-2024-00342,PRJ-2024-00342,PRJ-2024-00342,PRJ-2024-00342,1
PAIR-002040,partner,document,PRJ-2024-00342,PRJ-2024-00342,PRJ-2024-00342,PRJ-2024-00342,1
PAIR-002041,crm,erp,PRJ-2024-00343,PRJ-2024-00343,PRJ-2024-00343,PRJ-2024-00343,1
PAIR-002042,crm,partner,PRJ-2024-00343,PRJ-2024-00343,PRJ-2024-00343,PRJ-2024-00343,1
PAIR-002043,crm,document,PRJ-2024-00343,PRJ-2024-00343,PRJ-2024-00343,PRJ-2024-00343,1
PAIR-002044,erp,partner,PRJ-2024-00343,PRJ-2024-00343,PRJ-2024-00343,PRJ-2024-00343,1
PAIR-002045,erp,document,PRJ-2024-00343,PRJ-2024-00343,PRJ-2024-00343,PRJ-2024-00343,1
PAIR-002046,partner,document,PRJ-2024-00343,PRJ-2024-00343,PRJ-2024-00343,PRJ-2024-00343,1
PAIR-002047,crm,erp,PRJ-2024-00344,PRJ-2024-00344,PRJ-2024-00344,PRJ-2024-00344,1
PAIR-002048,crm,partner,PRJ-2024-00344,PRJ-2024-00344,PRJ-2024-00344,PRJ-2024-00344,1
PAIR-002049,crm,document,PRJ-2024-00344,PRJ-2024-00344,PRJ-2024-00344,PRJ-2024-00344,1
PAIR-002050,erp,partner,PRJ-2024-00344,PRJ-2024-00344,PRJ-2024-00344,PRJ-2024-00344,1
PAIR-002051,erp,document,PRJ-2024-00344,PRJ-2024-00344,PRJ-2024-00344,PRJ-2024-00344,1
PAIR-002052,partner,document,PRJ-2024-00344,PRJ-2024-00344,PRJ-2024-00344,PRJ-2024-00344,1
PAIR-002053,crm,erp,PRJ-2024-00345,PRJ-2024-00345,PRJ-2024-00345,PRJ-2024-00345,1
PAIR-002054,crm,partner,PRJ-2024-00345,PRJ-2024-00345,PRJ-2024-00345,PRJ-2024-00345,1
PAIR-002055,crm,document,PRJ-2024-00345,PRJ-2024-00345,PRJ-2024-00345,PRJ-2024-00345,1
PAIR-002056,erp,partner,PRJ-2024-00345,PRJ-2024-00345,PRJ-2024-00345,PRJ-2024-00345,1
PAIR-002057,erp,document,PRJ-2024-00345,PRJ-2024-00345,PRJ-2024-00345,PRJ-2024-00345,1
PAIR-002058,partner,document,PRJ-2024-00345,PRJ-2024-00345,PRJ-2024-00345,PRJ-2024-00345,1
PAIR-002059,crm,erp,PRJ-2024-00346,PRJ-2024-00346,PRJ-2024-00346,PRJ-2024-00346,1
PAIR-002060,crm,partner,PRJ-2024-00346,PRJ-2024-00346,PRJ-2024-00346,PRJ-2024-00346,1
PAIR-002061,crm,document,PRJ-2024-00346,PRJ-2024-00346,PRJ-2024-00346,PRJ-2024-00346,1
PAIR-002062,erp,partner,PRJ-2024-00346,PRJ-2024-00346,PRJ-2024-00346,PRJ-2024-00346,1
PAIR-002063,erp,document,PRJ-2024-00346,PRJ-2024-00346,PRJ-2024-00346,PRJ-2024-00346,1
PAIR-002064,partner,document,PRJ-2024-00346,PRJ-2024-00346,PRJ-2024-00346,PRJ-2024-00346,1
PAIR-002065,crm,erp,PRJ-2024-00347,PRJ-2024-00347,PRJ-2024-00347,PRJ-2024-00347,1
PAIR-002066,crm,partner,PRJ-2024-00347,PRJ-2024-00347,PRJ-2024-00347,PRJ-2024-00347,1
PAIR-002067,crm,document,PRJ-2024-00347,PRJ-2024-00347,PRJ-2024-00347,PRJ-2024-00347,1
PAIR-002068,erp,partner,PRJ-2024-00347,PRJ-2024-00347,PRJ-2024-00347,PRJ-2024-00347,1
PAIR-002069,erp,document,PRJ-2024-00347,PRJ-2024-00347,PRJ-2024-00347,PRJ-2024-00347,1
PAIR-002070,partner,document,PRJ-2024-00347,PRJ-2024-00347,PRJ-2024-00347,PRJ-2024-00347,1
PAIR-002071,crm,erp,PRJ-2024-00348,PRJ-2024-00348,PRJ-2024-00348,PRJ-2024-00348,1
PAIR-002072,crm,partner,PRJ-2024-00348,PRJ-2024-00348,PRJ-2024-00348,PRJ-2024-00348,1
PAIR-002073,crm,document,PRJ-2024-00348,PRJ-2024-00348,PRJ-2024-00348,PRJ-2024-00348,1
PAIR-002074,erp,partner,PRJ-2024-00348,PRJ-2024-00348,PRJ-2024-00348,PRJ-2024-00348,1
PAIR-002075,erp,document,PRJ-2024-00348,PRJ-2024-00348,PRJ-2024-00348,PRJ-2024-00348,1
PAIR-002076,partner,document,PRJ-2024-00348,PRJ-2024-00348,PRJ-2024-00348,PRJ-2024-00348,1
PAIR-002077,crm,erp,PRJ-2024-00349,PRJ-2024-00349,PRJ-2024-00349,PRJ-2024-00349,1
PAIR-002078,crm,partner,PRJ-2024-00349,PRJ-2024-00349,PRJ-2024-00349,PRJ-2024-00349,1
PAIR-002079,crm,document,PRJ-2024-00349,PRJ-2024-00349,PRJ-2024-00349,PRJ-2024-00349,1
PAIR-002080,erp,partner,PRJ-2024-00349,PRJ-2024-00349,PRJ-2024-00349,PRJ-2024-00349,1
PAIR-002081,erp,document,PRJ-2024-00349,PRJ-2024-00349,PRJ-2024-00349,PRJ-2024-00349,1
PAIR-002082,partner,document,PRJ-2024-00349,PRJ-2024-00349,PRJ-2024-00349,PRJ-2024-00349,1
PAIR-002083,crm,erp,PRJ-2024-00350,PRJ-2024-00350,PRJ-2024-00350,PRJ-2024-00350,1
PAIR-002084,crm,partner,PRJ-2024-00350,PRJ-2024-00350,PRJ-2024-00350,PRJ-2024-00350,1
PAIR-002085,crm,document,PRJ-2024-00350,PRJ-2024-00350,PRJ-2024-00350,PRJ-2024-00350,1
PAIR-002086,erp,partner,PRJ-2024-00350,PRJ-2024-00350,PRJ-2024-00350,PRJ-2024-00350,1
PAIR-002087,erp,document,PRJ-2024-00350,PRJ-2024-00350,PRJ-2024-00350,PRJ-2024-00350,1
PAIR-002088,partner,document,PRJ-2024-00350,PRJ-2024-00350,PRJ-2024-00350,PRJ-2024-00350,1
PAIR-002089,crm,erp,PRJ-2024-00351,PRJ-2024-00351,PRJ-2024-00351,PRJ-2024-00351,1
PAIR-002090,crm,partner,PRJ-2024-00351,PRJ-2024-00351,PRJ-2024-00351,PRJ-2024-00351,1
PAIR-002091,crm,document,PRJ-2024-00351,PRJ-2024-00351,PRJ-2024-00351,PRJ-2024-00351,1
PAIR-002092,erp,partner,PRJ-2024-00351,PRJ-2024-00351,PRJ-2024-00351,PRJ-2024-00351,1
PAIR-002093,erp,document,PRJ-2024-00351,PRJ-2024-00351,PRJ-2024-00351,PRJ-2024-00351,1
PAIR-002094,partner,document,PRJ-2024-00351,PRJ-2024-00351,PRJ-2024-00351,PRJ-2024-00351,1
PAIR-002095,crm,erp,PRJ-2024-00352,PRJ-2024-00352,PRJ-2024-00352,PRJ-2024-00352,1
PAIR-002096,crm,partner,PRJ-2024-00352,PRJ-2024-00352,PRJ-2024-00352,PRJ-2024-00352,1
PAIR-002097,crm,document,PRJ-2024-00352,PRJ-2024-00352,PRJ-2024-00352,PRJ-2024-00352,1
PAIR-002098,erp,partner,PRJ-2024-00352,PRJ-2024-00352,PRJ-2024-00352,PRJ-2024-00352,1
PAIR-002099,erp,document,PRJ-2024-00352,PRJ-2024-00352,PRJ-2024-00352,PRJ-2024-00352,1
PAIR-002100,partner,document,PRJ-2024-00352,PRJ-2024-00352,PRJ-2024-00352,PRJ-2024-00352,1
PAIR-002101,crm,erp,PRJ-2024-00353,PRJ-2024-00353,PRJ-2024-00353,PRJ-2024-00353,1
PAIR-002102,crm,partner,PRJ-2024-00353,PRJ-2024-00353,PRJ-2024-00353,PRJ-2024-00353,1
PAIR-002103,crm,document,PRJ-2024-00353,PRJ-2024-00353,PRJ-2024-00353,PRJ-2024-00353,1
PAIR-002104,erp,partner,PRJ-2024-00353,PRJ-2024-00353,PRJ-2024-00353,PRJ-2024-00353,1
PAIR-002105,erp,document,PRJ-2024-00353,PRJ-2024-00353,PRJ-2024-00353,PRJ-2024-00353,1
PAIR-002106,partner,document,PRJ-2024-00353,PRJ-2024-00353,PRJ-2024-00353,PRJ-2024-00353,1
PAIR-002107,crm,partner,PRJ-2024-00354,PRJ-2024-00354,PRJ-2024-00354,PRJ-2024-00354,1
PAIR-002108,crm,document,PRJ-2024-00354,PRJ-2024-00354,PRJ-2024-00354,PRJ-2024-00354,1
PAIR-002109,partner,document,PRJ-2024-00354,PRJ-2024-00354,PRJ-2024-00354,PRJ-2024-00354,1
PAIR-002110,crm,erp,PRJ-2024-00355,PRJ-2024-00355,PRJ-2024-00355,PRJ-2024-00355,1
PAIR-002111,crm,partner,PRJ-2024-00355,PRJ-2024-00355,PRJ-2024-00355,PRJ-2024-00355,1
PAIR-002112,crm,document,PRJ-2024-00355,PRJ-2024-00355,PRJ-2024-00355,PRJ-2024-00355,1
PAIR-002113,erp,partner,PRJ-2024-00355,PRJ-2024-00355,PRJ-2024-00355,PRJ-2024-00355,1
PAIR-002114,erp,document,PRJ-2024-00355,PRJ-2024-00355,PRJ-2024-00355,PRJ-2024-00355,1
PAIR-002115,partner,document,PRJ-2024-00355,PRJ-2024-00355,PRJ-2024-00355,PRJ-2024-00355,1
PAIR-002116,crm,erp,PRJ-2024-00356,PRJ-2024-00356,PRJ-2024-00356,PRJ-2024-00356,1
PAIR-002117,crm,partner,PRJ-2024-00356,PRJ-2024-00356,PRJ-2024-00356,PRJ-2024-00356,1
PAIR-002118,crm,document,PRJ-2024-00356,PRJ-2024-00356,PRJ-2024-00356,PRJ-2024-00356,1
PAIR-002119,erp,partner,PRJ-2024-00356,PRJ-2024-00356,PRJ-2024-00356,PRJ-2024-00356,1
PAIR-002120,erp,document,PRJ-2024-00356,PRJ-2024-00356,PRJ-2024-00356,PRJ-2024-00356,1
PAIR-002121,partner,document,PRJ-2024-00356,PRJ-2024-00356,PRJ-2024-00356,PRJ-2024-00356,1
PAIR-002122,crm,erp,PRJ-2024-00357,PRJ-2024-00357,PRJ-2024-00357,PRJ-2024-00357,1
PAIR-002123,crm,partner,PRJ-2024-00357,PRJ-2024-00357,PRJ-2024-00357,PRJ-2024-00357,1
PAIR-002124,crm,document,PRJ-2024-00357,PRJ-2024-00357,PRJ-2024-00357,PRJ-2024-00357,1
PAIR-002125,erp,partner,PRJ-2024-00357,PRJ-2024-00357,PRJ-2024-00357,PRJ-2024-00357,1
PAIR-002126,erp,document,PRJ-2024-00357,PRJ-2024-00357,PRJ-2024-00357,PRJ-2024-00357,1
PAIR-002127,partner,document,PRJ-2024-00357,PRJ-2024-00357,PRJ-2024-00357,PRJ-2024-00357,1
PAIR-002128,crm,erp,PRJ-2024-00358,PRJ-2024-00358,PRJ-2024-00358,PRJ-2024-00358,1
PAIR-002129,crm,partner,PRJ-2024-00358,PRJ-2024-00358,PRJ-2024-00358,PRJ-2024-00358,1
PAIR-002130,crm,document,PRJ-2024-00358,PRJ-2024-00358,PRJ-2024-00358,PRJ-2024-00358,1
PAIR-002131,erp,partner,PRJ-2024-00358,PRJ-2024-00358,PRJ-2024-00358,PRJ-2024-00358,1
PAIR-002132,erp,document,PRJ-2024-00358,PRJ-2024-00358,PRJ-2024-00358,PRJ-2024-00358,1
PAIR-002133,partner,document,PRJ-2024-00358,PRJ-2024-00358,PRJ-2024-00358,PRJ-2024-00358,1
PAIR-002134,crm,erp,PRJ-2024-00359,PRJ-2024-00359,PRJ-2024-00359,PRJ-2024-00359,1
PAIR-002135,crm,partner,PRJ-2024-00359,PRJ-2024-00359,PRJ-2024-00359,PRJ-2024-00359,1
PAIR-002136,crm,document,PRJ-2024-00359,PRJ-2024-00359,PRJ-2024-00359,PRJ-2024-00359,1
PAIR-002137,erp,partner,PRJ-2024-00359,PRJ-2024-00359,PRJ-2024-00359,PRJ-2024-00359,1
PAIR-002138,erp,document,PRJ-2024-00359,PRJ-2024-00359,PRJ-2024-00359,PRJ-2024-00359,1
PAIR-002139,partner,document,PRJ-2024-00359,PRJ-2024-00359,PRJ-2024-00359,PRJ-2024-00359,1
PAIR-002140,crm,erp,PRJ-2024-00360,PRJ-2024-00360,PRJ-2024-00360,PRJ-2024-00360,1
PAIR-002141,crm,partner,PRJ-2024-00360,PRJ-2024-00360,PRJ-2024-00360,PRJ-2024-00360,1
PAIR-002142,crm,document,PRJ-2024-00360,PRJ-2024-00360,PRJ-2024-00360,PRJ-2024-00360,1
PAIR-002143,erp,partner,PRJ-2024-00360,PRJ-2024-00360,PRJ-2024-00360,PRJ-2024-00360,1
PAIR-002144,erp,document,PRJ-2024-00360,PRJ-2024-00360,PRJ-2024-00360,PRJ-2024-00360,1
PAIR-002145,partner,document,PRJ-2024-00360,PRJ-2024-00360,PRJ-2024-00360,PRJ-2024-00360,1
PAIR-002146,crm,erp,PRJ-2024-00361,PRJ-2024-00361,PRJ-2024-00361,PRJ-2024-00361,1
PAIR-002147,crm,partner,PRJ-2024-00361,PRJ-2024-00361,PRJ-2024-00361,PRJ-2024-00361,1
PAIR-002148,crm,document,PRJ-2024-00361,PRJ-2024-00361,PRJ-2024-00361,PRJ-2024-00361,1
PAIR-002149,erp,partner,PRJ-2024-00361,PRJ-2024-00361,PRJ-2024-00361,PRJ-2024-00361,1
PAIR-002150,erp,document,PRJ-2024-00361,PRJ-2024-00361,PRJ-2024-00361,PRJ-2024-00361,1
PAIR-002151,partner,document,PRJ-2024-00361,PRJ-2024-00361,PRJ-2024-00361,PRJ-2024-00361,1
PAIR-002152,crm,erp,PRJ-2024-00362,PRJ-2024-00362,PRJ-2024-00362,PRJ-2024-00362,1
PAIR-002153,crm,partner,PRJ-2024-00362,PRJ-2024-00362,PRJ-2024-00362,PRJ-2024-00362,1
PAIR-002154,crm,document,PRJ-2024-00362,PRJ-2024-00362,PRJ-2024-00362,PRJ-2024-00362,1
PAIR-002155,erp,partner,PRJ-2024-00362,PRJ-2024-00362,PRJ-2024-00362,PRJ-2024-00362,1
PAIR-002156,erp,document,PRJ-2024-00362,PRJ-2024-00362,PRJ-2024-00362,PRJ-2024-00362,1
PAIR-002157,partner,document,PRJ-2024-00362,PRJ-2024-00362,PRJ-2024-00362,PRJ-2024-00362,1
PAIR-002158,crm,erp,PRJ-2024-00363,PRJ-2024-00363,PRJ-2024-00363,PRJ-2024-00363,1
PAIR-002159,crm,partner,PRJ-2024-00363,PRJ-2024-00363,PRJ-2024-00363,PRJ-2024-00363,1
PAIR-002160,crm,document,PRJ-2024-00363,PRJ-2024-00363,PRJ-2024-00363,PRJ-2024-00363,1
PAIR-002161,erp,partner,PRJ-2024-00363,PRJ-2024-00363,PRJ-2024-00363,PRJ-2024-00363,1
PAIR-002162,erp,document,PRJ-2024-00363,PRJ-2024-00363,PRJ-2024-00363,PRJ-2024-00363,1
PAIR-002163,partner,document,PRJ-2024-00363,PRJ-2024-00363,PRJ-2024-00363,PRJ-2024-00363,1
PAIR-002164,crm,erp,PRJ-2024-00364,PRJ-2024-00364,PRJ-2024-00364,PRJ-2024-00364,1
PAIR-002165,crm,partner,PRJ-2024-00364,PRJ-2024-00364,PRJ-2024-00364,PRJ-2024-00364,1
PAIR-002166,crm,document,PRJ-2024-00364,PRJ-2024-00364,PRJ-2024-00364,PRJ-2024-00364,1
PAIR-002167,erp,partner,PRJ-2024-00364,PRJ-2024-00364,PRJ-2024-00364,PRJ-2024-00364,1
PAIR-002168,erp,document,PRJ-2024-00364,PRJ-2024-00364,PRJ-2024-00364,PRJ-2024-00364,1
PAIR-002169,partner,document,PRJ-2024-00364,PRJ-2024-00364,PRJ-2024-00364,PRJ-2024-00364,1
PAIR-002170,crm,erp,PRJ-2024-00365,PRJ-2024-00365,PRJ-2024-00365,PRJ-2024-00365,1
PAIR-002171,crm,partner,PRJ-2024-00365,PRJ-2024-00365,PRJ-2024-00365,PRJ-2024-00365,1
PAIR-002172,crm,document,PRJ-2024-00365,PRJ-2024-00365,PRJ-2024-00365,PRJ-2024-00365,1
PAIR-002173,erp,partner,PRJ-2024-00365,PRJ-2024-00365,PRJ-2024-00365,PRJ-2024-00365,1
PAIR-002174,erp,document,PRJ-2024-00365,PRJ-2024-00365,PRJ-2024-00365,PRJ-2024-00365,1
PAIR-002175,partner,document,PRJ-2024-00365,PRJ-2024-00365,PRJ-2024-00365,PRJ-2024-00365,1
PAIR-002176,crm,erp,PRJ-2024-00366,PRJ-2024-00366,PRJ-2024-00366,PRJ-2024-00366,1
PAIR-002177,crm,partner,PRJ-2024-00366,PRJ-2024-00366,PRJ-2024-00366,PRJ-2024-00366,1
PAIR-002178,crm,document,PRJ-2024-00366,PRJ-2024-00366,PRJ-2024-00366,PRJ-2024-00366,1
PAIR-002179,erp,partner,PRJ-2024-00366,PRJ-2024-00366,PRJ-2024-00366,PRJ-2024-00366,1
PAIR-002180,erp,document,PRJ-2024-00366,PRJ-2024-00366,PRJ-2024-00366,PRJ-2024-00366,1
PAIR-002181,partner,document,PRJ-2024-00366,PRJ-2024-00366,PRJ-2024-00366,PRJ-2024-00366,1
PAIR-002182,crm,erp,PRJ-2024-00367,PRJ-2024-00367,PRJ-2024-00367,PRJ-2024-00367,1
PAIR-002183,crm,partner,PRJ-2024-00367,PRJ-2024-00367,PRJ-2024-00367,PRJ-2024-00367,1
PAIR-002184,crm,document,PRJ-2024-00367,PRJ-2024-00367,PRJ-2024-00367,PRJ-2024-00367,1
PAIR-002185,erp,partner,PRJ-2024-00367,PRJ-2024-00367,PRJ-2024-00367,PRJ-2024-00367,1
PAIR-002186,erp,document,PRJ-2024-00367,PRJ-2024-00367,PRJ-2024-00367,PRJ-2024-00367,1
PAIR-002187,partner,document,PRJ-2024-00367,PRJ-2024-00367,PRJ-2024-00367,PRJ-2024-00367,1
PAIR-002188,crm,erp,PRJ-2024-00368,PRJ-2024-00368,PRJ-2024-00368,PRJ-2024-00368,1
PAIR-002189,crm,partner,PRJ-2024-00368,PRJ-2024-00368,PRJ-2024-00368,PRJ-2024-00368,1
PAIR-002190,crm,document,PRJ-2024-00368,PRJ-2024-00368,PRJ-2024-00368,PRJ-2024-00368,1
PAIR-002191,erp,partner,PRJ-2024-00368,PRJ-2024-00368,PRJ-2024-00368,PRJ-2024-00368,1
PAIR-002192,erp,document,PRJ-2024-00368,PRJ-2024-00368,PRJ-2024-00368,PRJ-2024-00368,1
PAIR-002193,partner,document,PRJ-2024-00368,PRJ-2024-00368,PRJ-2024-00368,PRJ-2024-00368,1
PAIR-002194,crm,erp,PRJ-2024-00369,PRJ-2024-00369,PRJ-2024-00369,PRJ-2024-00369,1
PAIR-002195,crm,partner,PRJ-2024-00369,PRJ-2024-00369,PRJ-2024-00369,PRJ-2024-00369,1
PAIR-002196,crm,document,PRJ-2024-00369,PRJ-2024-00369,PRJ-2024-00369,PRJ-2024-00369,1
PAIR-002197,erp,partner,PRJ-2024-00369,PRJ-2024-00369,PRJ-2024-00369,PRJ-2024-00369,1
PAIR-002198,erp,document,PRJ-2024-00369,PRJ-2024-00369,PRJ-2024-00369,PRJ-2024-00369,1
PAIR-002199,partner,document,PRJ-2024-00369,PRJ-2024-00369,PRJ-2024-00369,PRJ-2024-00369,1
PAIR-002200,crm,erp,PRJ-2024-00370,PRJ-2024-00370,PRJ-2024-00370,PRJ-2024-00370,1
PAIR-002201,crm,partner,PRJ-2024-00370,PRJ-2024-00370,PRJ-2024-00370,PRJ-2024-00370,1
PAIR-002202,crm,document,PRJ-2024-00370,PRJ-2024-00370,PRJ-2024-00370,PRJ-2024-00370,1
PAIR-002203,erp,partner,PRJ-2024-00370,PRJ-2024-00370,PRJ-2024-00370,PRJ-2024-00370,1
PAIR-002204,erp,document,PRJ-2024-00370,PRJ-2024-00370,PRJ-2024-00370,PRJ-2024-00370,1
PAIR-002205,partner,document,PRJ-2024-00370,PRJ-2024-00370,PRJ-2024-00370,PRJ-2024-00370,1
PAIR-002206,crm,erp,PRJ-2024-00371,PRJ-2024-00371,PRJ-2024-00371,PRJ-2024-00371,1
PAIR-002207,crm,partner,PRJ-2024-00371,PRJ-2024-00371,PRJ-2024-00371,PRJ-2024-00371,1
PAIR-002208,crm,document,PRJ-2024-00371,PRJ-2024-00371,PRJ-2024-00371,PRJ-2024-00371,1
PAIR-002209,erp,partner,PRJ-2024-00371,PRJ-2024-00371,PRJ-2024-00371,PRJ-2024-00371,1
PAIR-002210,erp,document,PRJ-2024-00371,PRJ-2024-00371,PRJ-2024-00371,PRJ-2024-00371,1
PAIR-002211,partner,document,PRJ-2024-00371,PRJ-2024-00371,PRJ-2024-00371,PRJ-2024-00371,1
PAIR-002212,crm,erp,PRJ-2024-00372,PRJ-2024-00372,PRJ-2024-00372,PRJ-2024-00372,1
PAIR-002213,crm,partner,PRJ-2024-00372,PRJ-2024-00372,PRJ-2024-00372,PRJ-2024-00372,1
PAIR-002214,crm,document,PRJ-2024-00372,PRJ-2024-00372,PRJ-2024-00372,PRJ-2024-00372,1
PAIR-002215,erp,partner,PRJ-2024-00372,PRJ-2024-00372,PRJ-2024-00372,PRJ-2024-00372,1
PAIR-002216,erp,document,PRJ-2024-00372,PRJ-2024-00372,PRJ-2024-00372,PRJ-2024-00372,1
PAIR-002217,partner,document,PRJ-2024-00372,PRJ-2024-00372,PRJ-2024-00372,PRJ-2024-00372,1
PAIR-002218,crm,erp,PRJ-2024-00373,PRJ-2024-00373,PRJ-2024-00373,PRJ-2024-00373,1
PAIR-002219,crm,partner,PRJ-2024-00373,PRJ-2024-00373,PRJ-2024-00373,PRJ-2024-00373,1
PAIR-002220,crm,document,PRJ-2024-00373,PRJ-2024-00373,PRJ-2024-00373,PRJ-2024-00373,1
PAIR-002221,erp,partner,PRJ-2024-00373,PRJ-2024-00373,PRJ-2024-00373,PRJ-2024-00373,1
PAIR-002222,erp,document,PRJ-2024-00373,PRJ-2024-00373,PRJ-2024-00373,PRJ-2024-00373,1
PAIR-002223,partner,document,PRJ-2024-00373,PRJ-2024-00373,PRJ-2024-00373,PRJ-2024-00373,1
PAIR-002224,crm,erp,PRJ-2024-00374,PRJ-2024-00374,PRJ-2024-00374,PRJ-2024-00374,1
PAIR-002225,crm,partner,PRJ-2024-00374,PRJ-2024-00374,PRJ-2024-00374,PRJ-2024-00374,1
PAIR-002226,crm,document,PRJ-2024-00374,PRJ-2024-00374,PRJ-2024-00374,PRJ-2024-00374,1
PAIR-002227,erp,partner,PRJ-2024-00374,PRJ-2024-00374,PRJ-2024-00374,PRJ-2024-00374,1
PAIR-002228,erp,document,PRJ-2024-00374,PRJ-2024-00374,PRJ-2024-00374,PRJ-2024-00374,1
PAIR-002229,partner,document,PRJ-2024-00374,PRJ-2024-00374,PRJ-2024-00374,PRJ-2024-00374,1
PAIR-002230,crm,erp,PRJ-2024-00375,PRJ-2024-00375,PRJ-2024-00375,PRJ-2024-00375,1
PAIR-002231,crm,partner,PRJ-2024-00375,PRJ-2024-00375,PRJ-2024-00375,PRJ-2024-00375,1
PAIR-002232,crm,document,PRJ-2024-00375,PRJ-2024-00375,PRJ-2024-00375,PRJ-2024-00375,1
PAIR-002233,erp,partner,PRJ-2024-00375,PRJ-2024-00375,PRJ-2024-00375,PRJ-2024-00375,1
PAIR-002234,erp,document,PRJ-2024-00375,PRJ-2024-00375,PRJ-2024-00375,PRJ-2024-00375,1
PAIR-002235,partner,document,PRJ-2024-00375,PRJ-2024-00375,PRJ-2024-00375,PRJ-2024-00375,1
PAIR-002236,crm,erp,PRJ-2024-00376,PRJ-2024-00376,PRJ-2024-00376,PRJ-2024-00376,1
PAIR-002237,crm,partner,PRJ-2024-00376,PRJ-2024-00376,PRJ-2024-00376,PRJ-2024-00376,1
PAIR-002238,crm,document,PRJ-2024-00376,PRJ-2024-00376,PRJ-2024-00376,PRJ-2024-00376,1
PAIR-002239,erp,partner,PRJ-2024-00376,PRJ-2024-00376,PRJ-2024-00376,PRJ-2024-00376,1
PAIR-002240,erp,document,PRJ-2024-00376,PRJ-2024-00376,PRJ-2024-00376,PRJ-2024-00376,1
PAIR-002241,partner,document,PRJ-2024-00376,PRJ-2024-00376,PRJ-2024-00376,PRJ-2024-00376,1
PAIR-002242,crm,erp,PRJ-2024-00377,PRJ-2024-00377,PRJ-2024-00377,PRJ-2024-00377,1
PAIR-002243,crm,partner,PRJ-2024-00377,PRJ-2024-00377,PRJ-2024-00377,PRJ-2024-00377,1
PAIR-002244,crm,document,PRJ-2024-00377,PRJ-2024-00377,PRJ-2024-00377,PRJ-2024-00377,1
PAIR-002245,erp,partner,PRJ-2024-00377,PRJ-2024-00377,PRJ-2024-00377,PRJ-2024-00377,1
PAIR-002246,erp,document,PRJ-2024-00377,PRJ-2024-00377,PRJ-2024-00377,PRJ-2024-00377,1
PAIR-002247,partner,document,PRJ-2024-00377,PRJ-2024-00377,PRJ-2024-00377,PRJ-2024-00377,1
PAIR-002248,crm,erp,PRJ-2024-00378,PRJ-2024-00378,PRJ-2024-00378,PRJ-2024-00378,1
PAIR-002249,crm,partner,PRJ-2024-00378,PRJ-2024-00378,PRJ-2024-00378,PRJ-2024-00378,1
PAIR-002250,crm,document,PRJ-2024-00378,PRJ-2024-00378,PRJ-2024-00378,PRJ-2024-00378,1
PAIR-002251,erp,partner,PRJ-2024-00378,PRJ-2024-00378,PRJ-2024-00378,PRJ-2024-00378,1
PAIR-002252,erp,document,PRJ-2024-00378,PRJ-2024-00378,PRJ-2024-00378,PRJ-2024-00378,1
PAIR-002253,partner,document,PRJ-2024-00378,PRJ-2024-00378,PRJ-2024-00378,PRJ-2024-00378,1
PAIR-002254,crm,erp,PRJ-2024-00379,PRJ-2024-00379,PRJ-2024-00379,PRJ-2024-00379,1
PAIR-002255,crm,partner,PRJ-2024-00379,PRJ-2024-00379,PRJ-2024-00379,PRJ-2024-00379,1
PAIR-002256,crm,document,PRJ-2024-00379,PRJ-2024-00379,PRJ-2024-00379,PRJ-2024-00379,1
PAIR-002257,erp,partner,PRJ-2024-00379,PRJ-2024-00379,PRJ-2024-00379,PRJ-2024-00379,1
PAIR-002258,erp,document,PRJ-2024-00379,PRJ-2024-00379,PRJ-2024-00379,PRJ-2024-00379,1
PAIR-002259,partner,document,PRJ-2024-00379,PRJ-2024-00379,PRJ-2024-00379,PRJ-2024-00379,1
PAIR-002260,crm,erp,PRJ-2024-00380,PRJ-2024-00380,PRJ-2024-00380,PRJ-2024-00380,1
PAIR-002261,crm,partner,PRJ-2024-00380,PRJ-2024-00380,PRJ-2024-00380,PRJ-2024-00380,1
PAIR-002262,crm,document,PRJ-2024-00380,PRJ-2024-00380,PRJ-2024-00380,PRJ-2024-00380,1
PAIR-002263,erp,partner,PRJ-2024-00380,PRJ-2024-00380,PRJ-2024-00380,PRJ-2024-00380,1
PAIR-002264,erp,document,PRJ-2024-00380,PRJ-2024-00380,PRJ-2024-00380,PRJ-2024-00380,1
PAIR-002265,partner,document,PRJ-2024-00380,PRJ-2024-00380,PRJ-2024-00380,PRJ-2024-00380,1
PAIR-002266,crm,erp,PRJ-2024-00381,PRJ-2024-00381,PRJ-2024-00381,PRJ-2024-00381,1
PAIR-002267,crm,partner,PRJ-2024-00381,PRJ-2024-00381,PRJ-2024-00381,PRJ-2024-00381,1
PAIR-002268,crm,document,PRJ-2024-00381,PRJ-2024-00381,PRJ-2024-00381,PRJ-2024-00381,1
PAIR-002269,erp,partner,PRJ-2024-00381,PRJ-2024-00381,PRJ-2024-00381,PRJ-2024-00381,1
PAIR-002270,erp,document,PRJ-2024-00381,PRJ-2024-00381,PRJ-2024-00381,PRJ-2024-00381,1
PAIR-002271,partner,document,PRJ-2024-00381,PRJ-2024-00381,PRJ-2024-00381,PRJ-2024-00381,1
PAIR-002272,crm,erp,PRJ-2024-00382,PRJ-2024-00382,PRJ-2024-00382,PRJ-2024-00382,1
PAIR-002273,crm,partner,PRJ-2024-00382,PRJ-2024-00382,PRJ-2024-00382,PRJ-2024-00382,1
PAIR-002274,crm,document,PRJ-2024-00382,PRJ-2024-00382,PRJ-2024-00382,PRJ-2024-00382,1
PAIR-002275,erp,partner,PRJ-2024-00382,PRJ-2024-00382,PRJ-2024-00382,PRJ-2024-00382,1
PAIR-002276,erp,document,PRJ-2024-00382,PRJ-2024-00382,PRJ-2024-00382,PRJ-2024-00382,1
PAIR-002277,partner,document,PRJ-2024-00382,PRJ-2024-00382,PRJ-2024-00382,PRJ-2024-00382,1
PAIR-002278,crm,erp,PRJ-2024-00383,PRJ-2024-00383,PRJ-2024-00383,PRJ-2024-00383,1
PAIR-002279,crm,partner,PRJ-2024-00383,PRJ-2024-00383,PRJ-2024-00383,PRJ-2024-00383,1
PAIR-002280,crm,document,PRJ-2024-00383,PRJ-2024-00383,PRJ-2024-00383,PRJ-2024-00383,1
PAIR-002281,erp,partner,PRJ-2024-00383,PRJ-2024-00383,PRJ-2024-00383,PRJ-2024-00383,1
PAIR-002282,erp,document,PRJ-2024-00383,PRJ-2024-00383,PRJ-2024-00383,PRJ-2024-00383,1
PAIR-002283,partner,document,PRJ-2024-00383,PRJ-2024-00383,PRJ-2024-00383,PRJ-2024-00383,1
PAIR-002284,crm,erp,PRJ-2024-00384,PRJ-2024-00384,PRJ-2024-00384,PRJ-2024-00384,1
PAIR-002285,crm,partner,PRJ-2024-00384,PRJ-2024-00384,PRJ-2024-00384,PRJ-2024-00384,1
PAIR-002286,crm,document,PRJ-2024-00384,PRJ-2024-00384,PRJ-2024-00384,PRJ-2024-00384,1
PAIR-002287,erp,partner,PRJ-2024-00384,PRJ-2024-00384,PRJ-2024-00384,PRJ-2024-00384,1
PAIR-002288,erp,document,PRJ-2024-00384,PRJ-2024-00384,PRJ-2024-00384,PRJ-2024-00384,1
PAIR-002289,partner,document,PRJ-2024-00384,PRJ-2024-00384,PRJ-2024-00384,PRJ-2024-00384,1
PAIR-002290,crm,erp,PRJ-2024-00385,PRJ-2024-00385,PRJ-2024-00385,PRJ-2024-00385,1
PAIR-002291,crm,partner,PRJ-2024-00385,PRJ-2024-00385,PRJ-2024-00385,PRJ-2024-00385,1
PAIR-002292,crm,document,PRJ-2024-00385,PRJ-2024-00385,PRJ-2024-00385,PRJ-2024-00385,1
PAIR-002293,erp,partner,PRJ-2024-00385,PRJ-2024-00385,PRJ-2024-00385,PRJ-2024-00385,1
PAIR-002294,erp,document,PRJ-2024-00385,PRJ-2024-00385,PRJ-2024-00385,PRJ-2024-00385,1
PAIR-002295,partner,document,PRJ-2024-00385,PRJ-2024-00385,PRJ-2024-00385,PRJ-2024-00385,1
PAIR-002296,crm,erp,PRJ-2024-00386,PRJ-2024-00386,PRJ-2024-00386,PRJ-2024-00386,1
PAIR-002297,crm,partner,PRJ-2024-00386,PRJ-2024-00386,PRJ-2024-00386,PRJ-2024-00386,1
PAIR-002298,crm,document,PRJ-2024-00386,PRJ-2024-00386,PRJ-2024-00386,PRJ-2024-00386,1
PAIR-002299,erp,partner,PRJ-2024-00386,PRJ-2024-00386,PRJ-2024-00386,PRJ-2024-00386,1
PAIR-002300,erp,document,PRJ-2024-00386,PRJ-2024-00386,PRJ-2024-00386,PRJ-2024-00386,1
PAIR-002301,partner,document,PRJ-2024-00386,PRJ-2024-00386,PRJ-2024-00386,PRJ-2024-00386,1
PAIR-002302,crm,erp,PRJ-2024-00387,PRJ-2024-00387,PRJ-2024-00387,PRJ-2024-00387,1
PAIR-002303,crm,partner,PRJ-2024-00387,PRJ-2024-00387,PRJ-2024-00387,PRJ-2024-00387,1
PAIR-002304,crm,document,PRJ-2024-00387,PRJ-2024-00387,PRJ-2024-00387,PRJ-2024-00387,1
PAIR-002305,erp,partner,PRJ-2024-00387,PRJ-2024-00387,PRJ-2024-00387,PRJ-2024-00387,1
PAIR-002306,erp,document,PRJ-2024-00387,PRJ-2024-00387,PRJ-2024-00387,PRJ-2024-00387,1
PAIR-002307,partner,document,PRJ-2024-00387,PRJ-2024-00387,PRJ-2024-00387,PRJ-2024-00387,1
PAIR-002308,crm,erp,PRJ-2024-00388,PRJ-2024-00388,PRJ-2024-00388,PRJ-2024-00388,1
PAIR-002309,crm,partner,PRJ-2024-00388,PRJ-2024-00388,PRJ-2024-00388,PRJ-2024-00388,1
PAIR-002310,crm,document,PRJ-2024-00388,PRJ-2024-00388,PRJ-2024-00388,PRJ-2024-00388,1
PAIR-002311,erp,partner,PRJ-2024-00388,PRJ-2024-00388,PRJ-2024-00388,PRJ-2024-00388,1
PAIR-002312,erp,document,PRJ-2024-00388,PRJ-2024-00388,PRJ-2024-00388,PRJ-2024-00388,1
PAIR-002313,partner,document,PRJ-2024-00388,PRJ-2024-00388,PRJ-2024-00388,PRJ-2024-00388,1
PAIR-002314,crm,erp,PRJ-2024-00389,PRJ-2024-00389,PRJ-2024-00389,PRJ-2024-00389,1
PAIR-002315,crm,partner,PRJ-2024-00389,PRJ-2024-00389,PRJ-2024-00389,PRJ-2024-00389,1
PAIR-002316,crm,document,PRJ-2024-00389,PRJ-2024-00389,PRJ-2024-00389,PRJ-2024-00389,1
PAIR-002317,erp,partner,PRJ-2024-00389,PRJ-2024-00389,PRJ-2024-00389,PRJ-2024-00389,1
PAIR-002318,erp,document,PRJ-2024-00389,PRJ-2024-00389,PRJ-2024-00389,PRJ-2024-00389,1
PAIR-002319,partner,document,PRJ-2024-00389,PRJ-2024-00389,PRJ-2024-00389,PRJ-2024-00389,1
PAIR-002320,crm,erp,PRJ-2024-00390,PRJ-2024-00390,PRJ-2024-00390,PRJ-2024-00390,1
PAIR-002321,crm,partner,PRJ-2024-00390,PRJ-2024-00390,PRJ-2024-00390,PRJ-2024-00390,1
PAIR-002322,crm,document,PRJ-2024-00390,PRJ-2024-00390,PRJ-2024-00390,PRJ-2024-00390,1
PAIR-002323,erp,partner,PRJ-2024-00390,PRJ-2024-00390,PRJ-2024-00390,PRJ-2024-00390,1
PAIR-002324,erp,document,PRJ-2024-00390,PRJ-2024-00390,PRJ-2024-00390,PRJ-2024-00390,1
PAIR-002325,partner,document,PRJ-2024-00390,PRJ-2024-00390,PRJ-2024-00390,PRJ-2024-00390,1
PAIR-002326,crm,erp,PRJ-2024-00391,PRJ-2024-00391,PRJ-2024-00391,PRJ-2024-00391,1
PAIR-002327,crm,partner,PRJ-2024-00391,PRJ-2024-00391,PRJ-2024-00391,PRJ-2024-00391,1
PAIR-002328,crm,document,PRJ-2024-00391,PRJ-2024-00391,PRJ-2024-00391,PRJ-2024-00391,1
PAIR-002329,erp,partner,PRJ-2024-00391,PRJ-2024-00391,PRJ-2024-00391,PRJ-2024-00391,1
PAIR-002330,erp,document,PRJ-2024-00391,PRJ-2024-00391,PRJ-2024-00391,PRJ-2024-00391,1
PAIR-002331,partner,document,PRJ-2024-00391,PRJ-2024-00391,PRJ-2024-00391,PRJ-2024-00391,1
PAIR-002332,crm,erp,PRJ-2024-00392,PRJ-2024-00392,PRJ-2024-00392,PRJ-2024-00392,1
PAIR-002333,crm,partner,PRJ-2024-00392,PRJ-2024-00392,PRJ-2024-00392,PRJ-2024-00392,1
PAIR-002334,crm,document,PRJ-2024-00392,PRJ-2024-00392,PRJ-2024-00392,PRJ-2024-00392,1
PAIR-002335,erp,partner,PRJ-2024-00392,PRJ-2024-00392,PRJ-2024-00392,PRJ-2024-00392,1
PAIR-002336,erp,document,PRJ-2024-00392,PRJ-2024-00392,PRJ-2024-00392,PRJ-2024-00392,1
PAIR-002337,partner,document,PRJ-2024-00392,PRJ-2024-00392,PRJ-2024-00392,PRJ-2024-00392,1
PAIR-002338,crm,erp,PRJ-2024-00393,PRJ-2024-00393,PRJ-2024-00393,PRJ-2024-00393,1
PAIR-002339,crm,partner,PRJ-2024-00393,PRJ-2024-00393,PRJ-2024-00393,PRJ-2024-00393,1
PAIR-002340,crm,document,PRJ-2024-00393,PRJ-2024-00393,PRJ-2024-00393,PRJ-2024-00393,1
PAIR-002341,erp,partner,PRJ-2024-00393,PRJ-2024-00393,PRJ-2024-00393,PRJ-2024-00393,1
PAIR-002342,erp,document,PRJ-2024-00393,PRJ-2024-00393,PRJ-2024-00393,PRJ-2024-00393,1
PAIR-002343,partner,document,PRJ-2024-00393,PRJ-2024-00393,PRJ-2024-00393,PRJ-2024-00393,1
PAIR-002344,crm,erp,PRJ-2024-00394,PRJ-2024-00394,PRJ-2024-00394,PRJ-2024-00394,1
PAIR-002345,crm,partner,PRJ-2024-00394,PRJ-2024-00394,PRJ-2024-00394,PRJ-2024-00394,1
PAIR-002346,crm,document,PRJ-2024-00394,PRJ-2024-00394,PRJ-2024-00394,PRJ-2024-00394,1
PAIR-002347,erp,partner,PRJ-2024-00394,PRJ-2024-00394,PRJ-2024-00394,PRJ-2024-00394,1
PAIR-002348,erp,document,PRJ-2024-00394,PRJ-2024-00394,PRJ-2024-00394,PRJ-2024-00394,1
PAIR-002349,partner,document,PRJ-2024-00394,PRJ-2024-00394,PRJ-2024-00394,PRJ-2024-00394,1
PAIR-002350,crm,erp,PRJ-2024-00395,PRJ-2024-00395,PRJ-2024-00395,PRJ-2024-00395,1
PAIR-002351,crm,partner,PRJ-2024-00395,PRJ-2024-00395,PRJ-2024-00395,PRJ-2024-00395,1
PAIR-002352,crm,document,PRJ-2024-00395,PRJ-2024-00395,PRJ-2024-00395,PRJ-2024-00395,1
PAIR-002353,erp,partner,PRJ-2024-00395,PRJ-2024-00395,PRJ-2024-00395,PRJ-2024-00395,1
PAIR-002354,erp,document,PRJ-2024-00395,PRJ-2024-00395,PRJ-2024-00395,PRJ-2024-00395,1
PAIR-002355,partner,document,PRJ-2024-00395,PRJ-2024-00395,PRJ-2024-00395,PRJ-2024-00395,1
PAIR-002356,crm,erp,PRJ-2024-00396,PRJ-2024-00396,PRJ-2024-00396,PRJ-2024-00396,1
PAIR-002357,crm,partner,PRJ-2024-00396,PRJ-2024-00396,PRJ-2024-00396,PRJ-2024-00396,1
PAIR-002358,crm,document,PRJ-2024-00396,PRJ-2024-00396,PRJ-2024-00396,PRJ-2024-00396,1
PAIR-002359,erp,partner,PRJ-2024-00396,PRJ-2024-00396,PRJ-2024-00396,PRJ-2024-00396,1
PAIR-002360,erp,document,PRJ-2024-00396,PRJ-2024-00396,PRJ-2024-00396,PRJ-2024-00396,1
PAIR-002361,partner,document,PRJ-2024-00396,PRJ-2024-00396,PRJ-2024-00396,PRJ-2024-00396,1
PAIR-002362,crm,erp,PRJ-2024-00397,PRJ-2024-00397,PRJ-2024-00397,PRJ-2024-00397,1
PAIR-002363,crm,partner,PRJ-2024-00397,PRJ-2024-00397,PRJ-2024-00397,PRJ-2024-00397,1
PAIR-002364,crm,document,PRJ-2024-00397,PRJ-2024-00397,PRJ-2024-00397,PRJ-2024-00397,1
PAIR-002365,erp,partner,PRJ-2024-00397,PRJ-2024-00397,PRJ-2024-00397,PRJ-2024-00397,1
PAIR-002366,erp,document,PRJ-2024-00397,PRJ-2024-00397,PRJ-2024-00397,PRJ-2024-00397,1
PAIR-002367,partner,document,PRJ-2024-00397,PRJ-2024-00397,PRJ-2024-00397,PRJ-2024-00397,1
PAIR-002368,crm,erp,PRJ-2024-00398,PRJ-2024-00398,PRJ-2024-00398,PRJ-2024-00398,1
PAIR-002369,crm,partner,PRJ-2024-00398,PRJ-2024-00398,PRJ-2024-00398,PRJ-2024-00398,1
PAIR-002370,crm,document,PRJ-2024-00398,PRJ-2024-00398,PRJ-2024-00398,PRJ-2024-00398,1
PAIR-002371,erp,partner,PRJ-2024-00398,PRJ-2024-00398,PRJ-2024-00398,PRJ-2024-00398,1
PAIR-002372,erp,document,PRJ-2024-00398,PRJ-2024-00398,PRJ-2024-00398,PRJ-2024-00398,1
PAIR-002373,partner,document,PRJ-2024-00398,PRJ-2024-00398,PRJ-2024-00398,PRJ-2024-00398,1
PAIR-002374,crm,erp,PRJ-2024-00399,PRJ-2024-00399,PRJ-2024-00399,PRJ-2024-00399,1
PAIR-002375,crm,partner,PRJ-2024-00399,PRJ-2024-00399,PRJ-2024-00399,PRJ-2024-00399,1
PAIR-002376,crm,document,PRJ-2024-00399,PRJ-2024-00399,PRJ-2024-00399,PRJ-2024-00399,1
PAIR-002377,erp,partner,PRJ-2024-00399,PRJ-2024-00399,PRJ-2024-00399,PRJ-2024-00399,1
PAIR-002378,erp,document,PRJ-2024-00399,PRJ-2024-00399,PRJ-2024-00399,PRJ-2024-00399,1
PAIR-002379,partner,document,PRJ-2024-00399,PRJ-2024-00399,PRJ-2024-00399,PRJ-2024-00399,1
PAIR-002380,crm,erp,PRJ-2024-00400,PRJ-2024-00400,PRJ-2024-00400,PRJ-2024-00400,1
PAIR-002381,crm,partner,PRJ-2024-00400,PRJ-2024-00400,PRJ-2024-00400,PRJ-2024-00400,1
PAIR-002382,crm,document,PRJ-2024-00400,PRJ-2024-00400,PRJ-2024-00400,PRJ-2024-00400,1
PAIR-002383,erp,partner,PRJ-2024-00400,PRJ-2024-00400,PRJ-2024-00400,PRJ-2024-00400,1
PAIR-002384,erp,document,PRJ-2024-00400,PRJ-2024-00400,PRJ-2024-00400,PRJ-2024-00400,1
PAIR-002385,partner,document,PRJ-2024-00400,PRJ-2024-00400,PRJ-2024-00400,PRJ-2024-00400,1
PAIR-002386,crm,erp,PRJ-2024-00401,PRJ-2024-00401,PRJ-2024-00401,PRJ-2024-00401,1
PAIR-002387,crm,partner,PRJ-2024-00401,PRJ-2024-00401,PRJ-2024-00401,PRJ-2024-00401,1
PAIR-002388,crm,document,PRJ-2024-00401,PRJ-2024-00401,PRJ-2024-00401,PRJ-2024-00401,1
PAIR-002389,erp,partner,PRJ-2024-00401,PRJ-2024-00401,PRJ-2024-00401,PRJ-2024-00401,1
PAIR-002390,erp,document,PRJ-2024-00401,PRJ-2024-00401,PRJ-2024-00401,PRJ-2024-00401,1
PAIR-002391,partner,document,PRJ-2024-00401,PRJ-2024-00401,PRJ-2024-00401,PRJ-2024-00401,1
PAIR-002392,crm,erp,PRJ-2024-00402,PRJ-2024-00402,PRJ-2024-00402,PRJ-2024-00402,1
PAIR-002393,crm,partner,PRJ-2024-00402,PRJ-2024-00402,PRJ-2024-00402,PRJ-2024-00402,1
PAIR-002394,crm,document,PRJ-2024-00402,PRJ-2024-00402,PRJ-2024-00402,PRJ-2024-00402,1
PAIR-002395,erp,partner,PRJ-2024-00402,PRJ-2024-00402,PRJ-2024-00402,PRJ-2024-00402,1
PAIR-002396,erp,document,PRJ-2024-00402,PRJ-2024-00402,PRJ-2024-00402,PRJ-2024-00402,1
PAIR-002397,partner,document,PRJ-2024-00402,PRJ-2024-00402,PRJ-2024-00402,PRJ-2024-00402,1
PAIR-002398,crm,erp,PRJ-2024-00403,PRJ-2024-00403,PRJ-2024-00403,PRJ-2024-00403,1
PAIR-002399,crm,partner,PRJ-2024-00403,PRJ-2024-00403,PRJ-2024-00403,PRJ-2024-00403,1
PAIR-002400,crm,document,PRJ-2024-00403,PRJ-2024-00403,PRJ-2024-00403,PRJ-2024-00403,1
PAIR-002401,erp,partner,PRJ-2024-00403,PRJ-2024-00403,PRJ-2024-00403,PRJ-2024-00403,1
PAIR-002402,erp,document,PRJ-2024-00403,PRJ-2024-00403,PRJ-2024-00403,PRJ-2024-00403,1
PAIR-002403,partner,document,PRJ-2024-00403,PRJ-2024-00403,PRJ-2024-00403,PRJ-2024-00403,1
PAIR-002404,crm,erp,PRJ-2024-00404,PRJ-2024-00404,PRJ-2024-00404,PRJ-2024-00404,1
PAIR-002405,crm,partner,PRJ-2024-00404,PRJ-2024-00404,PRJ-2024-00404,PRJ-2024-00404,1
PAIR-002406,crm,document,PRJ-2024-00404,PRJ-2024-00404,PRJ-2024-00404,PRJ-2024-00404,1
PAIR-002407,erp,partner,PRJ-2024-00404,PRJ-2024-00404,PRJ-2024-00404,PRJ-2024-00404,1
PAIR-002408,erp,document,PRJ-2024-00404,PRJ-2024-00404,PRJ-2024-00404,PRJ-2024-00404,1
PAIR-002409,partner,document,PRJ-2024-00404,PRJ-2024-00404,PRJ-2024-00404,PRJ-2024-00404,1
PAIR-002410,crm,erp,PRJ-2024-00405,PRJ-2024-00405,PRJ-2024-00405,PRJ-2024-00405,1
PAIR-002411,crm,partner,PRJ-2024-00405,PRJ-2024-00405,PRJ-2024-00405,PRJ-2024-00405,1
PAIR-002412,crm,document,PRJ-2024-00405,PRJ-2024-00405,PRJ-2024-00405,PRJ-2024-00405,1
PAIR-002413,erp,partner,PRJ-2024-00405,PRJ-2024-00405,PRJ-2024-00405,PRJ-2024-00405,1
PAIR-002414,erp,document,PRJ-2024-00405,PRJ-2024-00405,PRJ-2024-00405,PRJ-2024-00405,1
PAIR-002415,partner,document,PRJ-2024-00405,PRJ-2024-00405,PRJ-2024-00405,PRJ-2024-00405,1
PAIR-002416,crm,erp,PRJ-2024-00406,PRJ-2024-00406,PRJ-2024-00406,PRJ-2024-00406,1
PAIR-002417,crm,partner,PRJ-2024-00406,PRJ-2024-00406,PRJ-2024-00406,PRJ-2024-00406,1
PAIR-002418,crm,document,PRJ-2024-00406,PRJ-2024-00406,PRJ-2024-00406,PRJ-2024-00406,1
PAIR-002419,erp,partner,PRJ-2024-00406,PRJ-2024-00406,PRJ-2024-00406,PRJ-2024-00406,1
PAIR-002420,erp,document,PRJ-2024-00406,PRJ-2024-00406,PRJ-2024-00406,PRJ-2024-00406,1
PAIR-002421,partner,document,PRJ-2024-00406,PRJ-2024-00406,PRJ-2024-00406,PRJ-2024-00406,1
PAIR-002422,crm,erp,PRJ-2024-00407,PRJ-2024-00407,PRJ-2024-00407,PRJ-2024-00407,1
PAIR-002423,crm,partner,PRJ-2024-00407,PRJ-2024-00407,PRJ-2024-00407,PRJ-2024-00407,1
PAIR-002424,crm,document,PRJ-2024-00407,PRJ-2024-00407,PRJ-2024-00407,PRJ-2024-00407,1
PAIR-002425,erp,partner,PRJ-2024-00407,PRJ-2024-00407,PRJ-2024-00407,PRJ-2024-00407,1
PAIR-002426,erp,document,PRJ-2024-00407,PRJ-2024-00407,PRJ-2024-00407,PRJ-2024-00407,1
PAIR-002427,partner,document,PRJ-2024-00407,PRJ-2024-00407,PRJ-2024-00407,PRJ-2024-00407,1
PAIR-002428,crm,erp,PRJ-2024-00408,PRJ-2024-00408,PRJ-2024-00408,PRJ-2024-00408,1
PAIR-002429,crm,partner,PRJ-2024-00408,PRJ-2024-00408,PRJ-2024-00408,PRJ-2024-00408,1
PAIR-002430,crm,document,PRJ-2024-00408,PRJ-2024-00408,PRJ-2024-00408,PRJ-2024-00408,1
PAIR-002431,erp,partner,PRJ-2024-00408,PRJ-2024-00408,PRJ-2024-00408,PRJ-2024-00408,1
PAIR-002432,erp,document,PRJ-2024-00408,PRJ-2024-00408,PRJ-2024-00408,PRJ-2024-00408,1
PAIR-002433,partner,document,PRJ-2024-00408,PRJ-2024-00408,PRJ-2024-00408,PRJ-2024-00408,1
PAIR-002434,crm,erp,PRJ-2024-00409,PRJ-2024-00409,PRJ-2024-00409,PRJ-2024-00409,1
PAIR-002435,crm,partner,PRJ-2024-00409,PRJ-2024-00409,PRJ-2024-00409,PRJ-2024-00409,1
PAIR-002436,crm,document,PRJ-2024-00409,PRJ-2024-00409,PRJ-2024-00409,PRJ-2024-00409,1
PAIR-002437,erp,partner,PRJ-2024-00409,PRJ-2024-00409,PRJ-2024-00409,PRJ-2024-00409,1
PAIR-002438,erp,document,PRJ-2024-00409,PRJ-2024-00409,PRJ-2024-00409,PRJ-2024-00409,1
PAIR-002439,partner,document,PRJ-2024-00409,PRJ-2024-00409,PRJ-2024-00409,PRJ-2024-00409,1
PAIR-002440,crm,erp,PRJ-2024-00410,PRJ-2024-00410,PRJ-2024-00410,PRJ-2024-00410,1
PAIR-002441,crm,partner,PRJ-2024-00410,PRJ-2024-00410,PRJ-2024-00410,PRJ-2024-00410,1
PAIR-002442,crm,document,PRJ-2024-00410,PRJ-2024-00410,PRJ-2024-00410,PRJ-2024-00410,1
PAIR-002443,erp,partner,PRJ-2024-00410,PRJ-2024-00410,PRJ-2024-00410,PRJ-2024-00410,1
PAIR-002444,erp,document,PRJ-2024-00410,PRJ-2024-00410,PRJ-2024-00410,PRJ-2024-00410,1
PAIR-002445,partner,document,PRJ-2024-00410,PRJ-2024-00410,PRJ-2024-00410,PRJ-2024-00410,1
PAIR-002446,crm,erp,PRJ-2024-00411,PRJ-2024-00411,PRJ-2024-00411,PRJ-2024-00411,1
PAIR-002447,crm,partner,PRJ-2024-00411,PRJ-2024-00411,PRJ-2024-00411,PRJ-2024-00411,1
PAIR-002448,crm,document,PRJ-2024-00411,PRJ-2024-00411,PRJ-2024-00411,PRJ-2024-00411,1
PAIR-002449,erp,partner,PRJ-2024-00411,PRJ-2024-00411,PRJ-2024-00411,PRJ-2024-00411,1
PAIR-002450,erp,document,PRJ-2024-00411,PRJ-2024-00411,PRJ-2024-00411,PRJ-2024-00411,1
PAIR-002451,partner,document,PRJ-2024-00411,PRJ-2024-00411,PRJ-2024-00411,PRJ-2024-00411,1
PAIR-002452,crm,erp,PRJ-2024-00412,PRJ-2024-00412,PRJ-2024-00412,PRJ-2024-00412,1
PAIR-002453,crm,partner,PRJ-2024-00412,PRJ-2024-00412,PRJ-2024-00412,PRJ-2024-00412,1
PAIR-002454,crm,document,PRJ-2024-00412,PRJ-2024-00412,PRJ-2024-00412,PRJ-2024-00412,1
PAIR-002455,erp,partner,PRJ-2024-00412,PRJ-2024-00412,PRJ-2024-00412,PRJ-2024-00412,1
PAIR-002456,erp,document,PRJ-2024-00412,PRJ-2024-00412,PRJ-2024-00412,PRJ-2024-00412,1
PAIR-002457,partner,document,PRJ-2024-00412,PRJ-2024-00412,PRJ-2024-00412,PRJ-2024-00412,1
PAIR-002458,crm,erp,PRJ-2024-00413,PRJ-2024-00413,PRJ-2024-00413,PRJ-2024-00413,1
PAIR-002459,crm,partner,PRJ-2024-00413,PRJ-2024-00413,PRJ-2024-00413,PRJ-2024-00413,1
PAIR-002460,crm,document,PRJ-2024-00413,PRJ-2024-00413,PRJ-2024-00413,PRJ-2024-00413,1
PAIR-002461,erp,partner,PRJ-2024-00413,PRJ-2024-00413,PRJ-2024-00413,PRJ-2024-00413,1
PAIR-002462,erp,document,PRJ-2024-00413,PRJ-2024-00413,PRJ-2024-00413,PRJ-2024-00413,1
PAIR-002463,partner,document,PRJ-2024-00413,PRJ-2024-00413,PRJ-2024-00413,PRJ-2024-00413,1
PAIR-002464,crm,erp,PRJ-2024-00414,PRJ-2024-00414,PRJ-2024-00414,PRJ-2024-00414,1
PAIR-002465,crm,partner,PRJ-2024-00414,PRJ-2024-00414,PRJ-2024-00414,PRJ-2024-00414,1
PAIR-002466,crm,document,PRJ-2024-00414,PRJ-2024-00414,PRJ-2024-00414,PRJ-2024-00414,1
PAIR-002467,erp,partner,PRJ-2024-00414,PRJ-2024-00414,PRJ-2024-00414,PRJ-2024-00414,1
PAIR-002468,erp,document,PRJ-2024-00414,PRJ-2024-00414,PRJ-2024-00414,PRJ-2024-00414,1
PAIR-002469,partner,document,PRJ-2024-00414,PRJ-2024-00414,PRJ-2024-00414,PRJ-2024-00414,1
PAIR-002470,crm,erp,PRJ-2024-00415,PRJ-2024-00415,PRJ-2024-00415,PRJ-2024-00415,1
PAIR-002471,crm,partner,PRJ-2024-00415,PRJ-2024-00415,PRJ-2024-00415,PRJ-2024-00415,1
PAIR-002472,crm,document,PRJ-2024-00415,PRJ-2024-00415,PRJ-2024-00415,PRJ-2024-00415,1
PAIR-002473,erp,partner,PRJ-2024-00415,PRJ-2024-00415,PRJ-2024-00415,PRJ-2024-00415,1
PAIR-002474,erp,document,PRJ-2024-00415,PRJ-2024-00415,PRJ-2024-00415,PRJ-2024-00415,1
PAIR-002475,partner,document,PRJ-2024-00415,PRJ-2024-00415,PRJ-2024-00415,PRJ-2024-00415,1
PAIR-002476,crm,erp,PRJ-2024-00416,PRJ-2024-00416,PRJ-2024-00416,PRJ-2024-00416,1
PAIR-002477,crm,partner,PRJ-2024-00416,PRJ-2024-00416,PRJ-2024-00416,PRJ-2024-00416,1
PAIR-002478,crm,document,PRJ-2024-00416,PRJ-2024-00416,PRJ-2024-00416,PRJ-2024-00416,1
PAIR-002479,erp,partner,PRJ-2024-00416,PRJ-2024-00416,PRJ-2024-00416,PRJ-2024-00416,1
PAIR-002480,erp,document,PRJ-2024-00416,PRJ-2024-00416,PRJ-2024-00416,PRJ-2024-00416,1
PAIR-002481,partner,document,PRJ-2024-00416,PRJ-2024-00416,PRJ-2024-00416,PRJ-2024-00416,1
PAIR-002482,crm,erp,PRJ-2024-00417,PRJ-2024-00417,PRJ-2024-00417,PRJ-2024-00417,1
PAIR-002483,crm,partner,PRJ-2024-00417,PRJ-2024-00417,PRJ-2024-00417,PRJ-2024-00417,1
PAIR-002484,crm,document,PRJ-2024-00417,PRJ-2024-00417,PRJ-2024-00417,PRJ-2024-00417,1
PAIR-002485,erp,partner,PRJ-2024-00417,PRJ-2024-00417,PRJ-2024-00417,PRJ-2024-00417,1
PAIR-002486,erp,document,PRJ-2024-00417,PRJ-2024-00417,PRJ-2024-00417,PRJ-2024-00417,1
PAIR-002487,partner,document,PRJ-2024-00417,PRJ-2024-00417,PRJ-2024-00417,PRJ-2024-00417,1
PAIR-002488,crm,erp,PRJ-2024-00418,PRJ-2024-00418,PRJ-2024-00418,PRJ-2024-00418,1
PAIR-002489,crm,partner,PRJ-2024-00418,PRJ-2024-00418,PRJ-2024-00418,PRJ-2024-00418,1
PAIR-002490,crm,document,PRJ-2024-00418,PRJ-2024-00418,PRJ-2024-00418,PRJ-2024-00418,1
PAIR-002491,erp,partner,PRJ-2024-00418,PRJ-2024-00418,PRJ-2024-00418,PRJ-2024-00418,1
PAIR-002492,erp,document,PRJ-2024-00418,PRJ-2024-00418,PRJ-2024-00418,PRJ-2024-00418,1
PAIR-002493,partner,document,PRJ-2024-00418,PRJ-2024-00418,PRJ-2024-00418,PRJ-2024-00418,1
PAIR-002494,crm,erp,PRJ-2024-00419,PRJ-2024-00419,PRJ-2024-00419,PRJ-2024-00419,1
PAIR-002495,crm,partner,PRJ-2024-00419,PRJ-2024-00419,PRJ-2024-00419,PRJ-2024-00419,1
PAIR-002496,crm,document,PRJ-2024-00419,PRJ-2024-00419,PRJ-2024-00419,PRJ-2024-00419,1
PAIR-002497,erp,partner,PRJ-2024-00419,PRJ-2024-00419,PRJ-2024-00419,PRJ-2024-00419,1
PAIR-002498,erp,document,PRJ-2024-00419,PRJ-2024-00419,PRJ-2024-00419,PRJ-2024-00419,1
PAIR-002499,partner,document,PRJ-2024-00419,PRJ-2024-00419,PRJ-2024-00419,PRJ-2024-00419,1
PAIR-002500,crm,erp,PRJ-2024-00420,PRJ-2024-00420,PRJ-2024-00420,PRJ-2024-00420,1
PAIR-002501,crm,partner,PRJ-2024-00420,PRJ-2024-00420,PRJ-2024-00420,PRJ-2024-00420,1
PAIR-002502,crm,document,PRJ-2024-00420,PRJ-2024-00420,PRJ-2024-00420,PRJ-2024-00420,1
PAIR-002503,erp,partner,PRJ-2024-00420,PRJ-2024-00420,PRJ-2024-00420,PRJ-2024-00420,1
PAIR-002504,erp,document,PRJ-2024-00420,PRJ-2024-00420,PRJ-2024-00420,PRJ-2024-00420,1
PAIR-002505,partner,document,PRJ-2024-00420,PRJ-2024-00420,PRJ-2024-00420,PRJ-2024-00420,1
PAIR-002506,crm,erp,PRJ-2024-00421,PRJ-2024-00421,PRJ-2024-00421,PRJ-2024-00421,1
PAIR-002507,crm,partner,PRJ-2024-00421,PRJ-2024-00421,PRJ-2024-00421,PRJ-2024-00421,1
PAIR-002508,crm,document,PRJ-2024-00421,PRJ-2024-00421,PRJ-2024-00421,PRJ-2024-00421,1
PAIR-002509,erp,partner,PRJ-2024-00421,PRJ-2024-00421,PRJ-2024-00421,PRJ-2024-00421,1
PAIR-002510,erp,document,PRJ-2024-00421,PRJ-2024-00421,PRJ-2024-00421,PRJ-2024-00421,1
PAIR-002511,partner,document,PRJ-2024-00421,PRJ-2024-00421,PRJ-2024-00421,PRJ-2024-00421,1
PAIR-002512,crm,erp,PRJ-2024-00422,PRJ-2024-00422,PRJ-2024-00422,PRJ-2024-00422,1
PAIR-002513,crm,partner,PRJ-2024-00422,PRJ-2024-00422,PRJ-2024-00422,PRJ-2024-00422,1
PAIR-002514,crm,document,PRJ-2024-00422,PRJ-2024-00422,PRJ-2024-00422,PRJ-2024-00422,1
PAIR-002515,erp,partner,PRJ-2024-00422,PRJ-2024-00422,PRJ-2024-00422,PRJ-2024-00422,1
PAIR-002516,erp,document,PRJ-2024-00422,PRJ-2024-00422,PRJ-2024-00422,PRJ-2024-00422,1
PAIR-002517,partner,document,PRJ-2024-00422,PRJ-2024-00422,PRJ-2024-00422,PRJ-2024-00422,1
PAIR-002518,crm,erp,PRJ-2024-00423,PRJ-2024-00423,PRJ-2024-00423,PRJ-2024-00423,1
PAIR-002519,crm,partner,PRJ-2024-00423,PRJ-2024-00423,PRJ-2024-00423,PRJ-2024-00423,1
PAIR-002520,crm,document,PRJ-2024-00423,PRJ-2024-00423,PRJ-2024-00423,PRJ-2024-00423,1
PAIR-002521,erp,partner,PRJ-2024-00423,PRJ-2024-00423,PRJ-2024-00423,PRJ-2024-00423,1
PAIR-002522,erp,document,PRJ-2024-00423,PRJ-2024-00423,PRJ-2024-00423,PRJ-2024-00423,1
PAIR-002523,partner,document,PRJ-2024-00423,PRJ-2024-00423,PRJ-2024-00423,PRJ-2024-00423,1
PAIR-002524,crm,erp,PRJ-2024-00424,PRJ-2024-00424,PRJ-2024-00424,PRJ-2024-00424,1
PAIR-002525,crm,partner,PRJ-2024-00424,PRJ-2024-00424,PRJ-2024-00424,PRJ-2024-00424,1
PAIR-002526,crm,document,PRJ-2024-00424,PRJ-2024-00424,PRJ-2024-00424,PRJ-2024-00424,1
PAIR-002527,erp,partner,PRJ-2024-00424,PRJ-2024-00424,PRJ-2024-00424,PRJ-2024-00424,1
PAIR-002528,erp,document,PRJ-2024-00424,PRJ-2024-00424,PRJ-2024-00424,PRJ-2024-00424,1
PAIR-002529,partner,document,PRJ-2024-00424,PRJ-2024-00424,PRJ-2024-00424,PRJ-2024-00424,1
PAIR-002530,crm,erp,PRJ-2024-00425,PRJ-2024-00425,PRJ-2024-00425,PRJ-2024-00425,1
PAIR-002531,crm,partner,PRJ-2024-00425,PRJ-2024-00425,PRJ-2024-00425,PRJ-2024-00425,1
PAIR-002532,crm,document,PRJ-2024-00425,PRJ-2024-00425,PRJ-2024-00425,PRJ-2024-00425,1
PAIR-002533,erp,partner,PRJ-2024-00425,PRJ-2024-00425,PRJ-2024-00425,PRJ-2024-00425,1
PAIR-002534,erp,document,PRJ-2024-00425,PRJ-2024-00425,PRJ-2024-00425,PRJ-2024-00425,1
PAIR-002535,partner,document,PRJ-2024-00425,PRJ-2024-00425,PRJ-2024-00425,PRJ-2024-00425,1
PAIR-002536,crm,erp,PRJ-2024-00426,PRJ-2024-00426,PRJ-2024-00426,PRJ-2024-00426,1
PAIR-002537,crm,partner,PRJ-2024-00426,PRJ-2024-00426,PRJ-2024-00426,PRJ-2024-00426,1
PAIR-002538,crm,document,PRJ-2024-00426,PRJ-2024-00426,PRJ-2024-00426,PRJ-2024-00426,1
PAIR-002539,erp,partner,PRJ-2024-00426,PRJ-2024-00426,PRJ-2024-00426,PRJ-2024-00426,1
PAIR-002540,erp,document,PRJ-2024-00426,PRJ-2024-00426,PRJ-2024-00426,PRJ-2024-00426,1
PAIR-002541,partner,document,PRJ-2024-00426,PRJ-2024-00426,PRJ-2024-00426,PRJ-2024-00426,1
PAIR-002542,crm,erp,PRJ-2024-00427,PRJ-2024-00427,PRJ-2024-00427,PRJ-2024-00427,1
PAIR-002543,crm,partner,PRJ-2024-00427,PRJ-2024-00427,PRJ-2024-00427,PRJ-2024-00427,1
PAIR-002544,crm,document,PRJ-2024-00427,PRJ-2024-00427,PRJ-2024-00427,PRJ-2024-00427,1
PAIR-002545,erp,partner,PRJ-2024-00427,PRJ-2024-00427,PRJ-2024-00427,PRJ-2024-00427,1
PAIR-002546,erp,document,PRJ-2024-00427,PRJ-2024-00427,PRJ-2024-00427,PRJ-2024-00427,1
PAIR-002547,partner,document,PRJ-2024-00427,PRJ-2024-00427,PRJ-2024-00427,PRJ-2024-00427,1
PAIR-002548,crm,erp,PRJ-2024-00428,PRJ-2024-00428,PRJ-2024-00428,PRJ-2024-00428,1
PAIR-002549,crm,partner,PRJ-2024-00428,PRJ-2024-00428,PRJ-2024-00428,PRJ-2024-00428,1
PAIR-002550,crm,document,PRJ-2024-00428,PRJ-2024-00428,PRJ-2024-00428,PRJ-2024-00428,1
PAIR-002551,erp,partner,PRJ-2024-00428,PRJ-2024-00428,PRJ-2024-00428,PRJ-2024-00428,1
PAIR-002552,erp,document,PRJ-2024-00428,PRJ-2024-00428,PRJ-2024-00428,PRJ-2024-00428,1
PAIR-002553,partner,document,PRJ-2024-00428,PRJ-2024-00428,PRJ-2024-00428,PRJ-2024-00428,1
PAIR-002554,crm,erp,PRJ-2024-00429,PRJ-2024-00429,PRJ-2024-00429,PRJ-2024-00429,1
PAIR-002555,crm,partner,PRJ-2024-00429,PRJ-2024-00429,PRJ-2024-00429,PRJ-2024-00429,1
PAIR-002556,crm,document,PRJ-2024-00429,PRJ-2024-00429,PRJ-2024-00429,PRJ-2024-00429,1
PAIR-002557,erp,partner,PRJ-2024-00429,PRJ-2024-00429,PRJ-2024-00429,PRJ-2024-00429,1
PAIR-002558,erp,document,PRJ-2024-00429,PRJ-2024-00429,PRJ-2024-00429,PRJ-2024-00429,1
PAIR-002559,partner,document,PRJ-2024-00429,PRJ-2024-00429,PRJ-2024-00429,PRJ-2024-00429,1
PAIR-002560,crm,erp,PRJ-2024-00430,PRJ-2024-00430,PRJ-2024-00430,PRJ-2024-00430,1
PAIR-002561,crm,partner,PRJ-2024-00430,PRJ-2024-00430,PRJ-2024-00430,PRJ-2024-00430,1
PAIR-002562,crm,document,PRJ-2024-00430,PRJ-2024-00430,PRJ-2024-00430,PRJ-2024-00430,1
PAIR-002563,erp,partner,PRJ-2024-00430,PRJ-2024-00430,PRJ-2024-00430,PRJ-2024-00430,1
PAIR-002564,erp,document,PRJ-2024-00430,PRJ-2024-00430,PRJ-2024-00430,PRJ-2024-00430,1
PAIR-002565,partner,document,PRJ-2024-00430,PRJ-2024-00430,PRJ-2024-00430,PRJ-2024-00430,1
PAIR-002566,crm,erp,PRJ-2024-00431,PRJ-2024-00431,PRJ-2024-00431,PRJ-2024-00431,1
PAIR-002567,crm,partner,PRJ-2024-00431,PRJ-2024-00431,PRJ-2024-00431,PRJ-2024-00431,1
PAIR-002568,crm,document,PRJ-2024-00431,PRJ-2024-00431,PRJ-2024-00431,PRJ-2024-00431,1
PAIR-002569,erp,partner,PRJ-2024-00431,PRJ-2024-00431,PRJ-2024-00431,PRJ-2024-00431,1
PAIR-002570,erp,document,PRJ-2024-00431,PRJ-2024-00431,PRJ-2024-00431,PRJ-2024-00431,1
PAIR-002571,partner,document,PRJ-2024-00431,PRJ-2024-00431,PRJ-2024-00431,PRJ-2024-00431,1
PAIR-002572,crm,erp,PRJ-2024-00432,PRJ-2024-00432,PRJ-2024-00432,PRJ-2024-00432,1
PAIR-002573,crm,partner,PRJ-2024-00432,PRJ-2024-00432,PRJ-2024-00432,PRJ-2024-00432,1
PAIR-002574,crm,document,PRJ-2024-00432,PRJ-2024-00432,PRJ-2024-00432,PRJ-2024-00432,1
PAIR-002575,erp,partner,PRJ-2024-00432,PRJ-2024-00432,PRJ-2024-00432,PRJ-2024-00432,1
PAIR-002576,erp,document,PRJ-2024-00432,PRJ-2024-00432,PRJ-2024-00432,PRJ-2024-00432,1
PAIR-002577,partner,document,PRJ-2024-00432,PRJ-2024-00432,PRJ-2024-00432,PRJ-2024-00432,1
PAIR-002578,crm,erp,PRJ-2024-00433,PRJ-2024-00433,PRJ-2024-00433,PRJ-2024-00433,1
PAIR-002579,crm,partner,PRJ-2024-00433,PRJ-2024-00433,PRJ-2024-00433,PRJ-2024-00433,1
PAIR-002580,crm,document,PRJ-2024-00433,PRJ-2024-00433,PRJ-2024-00433,PRJ-2024-00433,1
PAIR-002581,erp,partner,PRJ-2024-00433,PRJ-2024-00433,PRJ-2024-00433,PRJ-2024-00433,1
PAIR-002582,erp,document,PRJ-2024-00433,PRJ-2024-00433,PRJ-2024-00433,PRJ-2024-00433,1
PAIR-002583,partner,document,PRJ-2024-00433,PRJ-2024-00433,PRJ-2024-00433,PRJ-2024-00433,1
PAIR-002584,crm,erp,PRJ-2024-00434,PRJ-2024-00434,PRJ-2024-00434,PRJ-2024-00434,1
PAIR-002585,crm,partner,PRJ-2024-00434,PRJ-2024-00434,PRJ-2024-00434,PRJ-2024-00434,1
PAIR-002586,crm,document,PRJ-2024-00434,PRJ-2024-00434,PRJ-2024-00434,PRJ-2024-00434,1
PAIR-002587,erp,partner,PRJ-2024-00434,PRJ-2024-00434,PRJ-2024-00434,PRJ-2024-00434,1
PAIR-002588,erp,document,PRJ-2024-00434,PRJ-2024-00434,PRJ-2024-00434,PRJ-2024-00434,1
PAIR-002589,partner,document,PRJ-2024-00434,PRJ-2024-00434,PRJ-2024-00434,PRJ-2024-00434,1
PAIR-002590,crm,erp,PRJ-2024-00435,PRJ-2024-00435,PRJ-2024-00435,PRJ-2024-00435,1
PAIR-002591,crm,partner,PRJ-2024-00435,PRJ-2024-00435,PRJ-2024-00435,PRJ-2024-00435,1
PAIR-002592,crm,document,PRJ-2024-00435,PRJ-2024-00435,PRJ-2024-00435,PRJ-2024-00435,1
PAIR-002593,erp,partner,PRJ-2024-00435,PRJ-2024-00435,PRJ-2024-00435,PRJ-2024-00435,1
PAIR-002594,erp,document,PRJ-2024-00435,PRJ-2024-00435,PRJ-2024-00435,PRJ-2024-00435,1
PAIR-002595,partner,document,PRJ-2024-00435,PRJ-2024-00435,PRJ-2024-00435,PRJ-2024-00435,1
PAIR-002596,crm,erp,PRJ-2024-00436,PRJ-2024-00436,PRJ-2024-00436,PRJ-2024-00436,1
PAIR-002597,crm,partner,PRJ-2024-00436,PRJ-2024-00436,PRJ-2024-00436,PRJ-2024-00436,1
PAIR-002598,crm,document,PRJ-2024-00436,PRJ-2024-00436,PRJ-2024-00436,PRJ-2024-00436,1
PAIR-002599,erp,partner,PRJ-2024-00436,PRJ-2024-00436,PRJ-2024-00436,PRJ-2024-00436,1
PAIR-002600,erp,document,PRJ-2024-00436,PRJ-2024-00436,PRJ-2024-00436,PRJ-2024-00436,1
PAIR-002601,partner,document,PRJ-2024-00436,PRJ-2024-00436,PRJ-2024-00436,PRJ-2024-00436,1
PAIR-002602,crm,erp,PRJ-2024-00437,PRJ-2024-00437,PRJ-2024-00437,PRJ-2024-00437,1
PAIR-002603,crm,partner,PRJ-2024-00437,PRJ-2024-00437,PRJ-2024-00437,PRJ-2024-00437,1
PAIR-002604,crm,document,PRJ-2024-00437,PRJ-2024-00437,PRJ-2024-00437,PRJ-2024-00437,1
PAIR-002605,erp,partner,PRJ-2024-00437,PRJ-2024-00437,PRJ-2024-00437,PRJ-2024-00437,1
PAIR-002606,erp,document,PRJ-2024-00437,PRJ-2024-00437,PRJ-2024-00437,PRJ-2024-00437,1
PAIR-002607,partner,document,PRJ-2024-00437,PRJ-2024-00437,PRJ-2024-00437,PRJ-2024-00437,1
PAIR-002608,crm,erp,PRJ-2024-00438,PRJ-2024-00438,PRJ-2024-00438,PRJ-2024-00438,1
PAIR-002609,crm,partner,PRJ-2024-00438,PRJ-2024-00438,PRJ-2024-00438,PRJ-2024-00438,1
PAIR-002610,crm,document,PRJ-2024-00438,PRJ-2024-00438,PRJ-2024-00438,PRJ-2024-00438,1
PAIR-002611,erp,partner,PRJ-2024-00438,PRJ-2024-00438,PRJ-2024-00438,PRJ-2024-00438,1
PAIR-002612,erp,document,PRJ-2024-00438,PRJ-2024-00438,PRJ-2024-00438,PRJ-2024-00438,1
PAIR-002613,partner,document,PRJ-2024-00438,PRJ-2024-00438,PRJ-2024-00438,PRJ-2024-00438,1
PAIR-002614,crm,erp,PRJ-2024-00439,PRJ-2024-00439,PRJ-2024-00439,PRJ-2024-00439,1
PAIR-002615,crm,partner,PRJ-2024-00439,PRJ-2024-00439,PRJ-2024-00439,PRJ-2024-00439,1
PAIR-002616,crm,document,PRJ-2024-00439,PRJ-2024-00439,PRJ-2024-00439,PRJ-2024-00439,1
PAIR-002617,erp,partner,PRJ-2024-00439,PRJ-2024-00439,PRJ-2024-00439,PRJ-2024-00439,1
PAIR-002618,erp,document,PRJ-2024-00439,PRJ-2024-00439,PRJ-2024-00439,PRJ-2024-00439,1
PAIR-002619,partner,document,PRJ-2024-00439,PRJ-2024-00439,PRJ-2024-00439,PRJ-2024-00439,1
PAIR-002620,crm,erp,PRJ-2024-00440,PRJ-2024-00440,PRJ-2024-00440,PRJ-2024-00440,1
PAIR-002621,crm,partner,PRJ-2024-00440,PRJ-2024-00440,PRJ-2024-00440,PRJ-2024-00440,1
PAIR-002622,crm,document,PRJ-2024-00440,PRJ-2024-00440,PRJ-2024-00440,PRJ-2024-00440,1
PAIR-002623,erp,partner,PRJ-2024-00440,PRJ-2024-00440,PRJ-2024-00440,PRJ-2024-00440,1
PAIR-002624,erp,document,PRJ-2024-00440,PRJ-2024-00440,PRJ-2024-00440,PRJ-2024-00440,1
PAIR-002625,partner,document,PRJ-2024-00440,PRJ-2024-00440,PRJ-2024-00440,PRJ-2024-00440,1
PAIR-002626,crm,erp,PRJ-2024-00441,PRJ-2024-00441,PRJ-2024-00441,PRJ-2024-00441,1
PAIR-002627,crm,partner,PRJ-2024-00441,PRJ-2024-00441,PRJ-2024-00441,PRJ-2024-00441,1
PAIR-002628,crm,document,PRJ-2024-00441,PRJ-2024-00441,PRJ-2024-00441,PRJ-2024-00441,1
PAIR-002629,erp,partner,PRJ-2024-00441,PRJ-2024-00441,PRJ-2024-00441,PRJ-2024-00441,1
PAIR-002630,erp,document,PRJ-2024-00441,PRJ-2024-00441,PRJ-2024-00441,PRJ-2024-00441,1
PAIR-002631,partner,document,PRJ-2024-00441,PRJ-2024-00441,PRJ-2024-00441,PRJ-2024-00441,1
PAIR-002632,crm,erp,PRJ-2024-00442,PRJ-2024-00442,PRJ-2024-00442,PRJ-2024-00442,1
PAIR-002633,crm,partner,PRJ-2024-00442,PRJ-2024-00442,PRJ-2024-00442,PRJ-2024-00442,1
PAIR-002634,crm,document,PRJ-2024-00442,PRJ-2024-00442,PRJ-2024-00442,PRJ-2024-00442,1
PAIR-002635,erp,partner,PRJ-2024-00442,PRJ-2024-00442,PRJ-2024-00442,PRJ-2024-00442,1
PAIR-002636,erp,document,PRJ-2024-00442,PRJ-2024-00442,PRJ-2024-00442,PRJ-2024-00442,1
PAIR-002637,partner,document,PRJ-2024-00442,PRJ-2024-00442,PRJ-2024-00442,PRJ-2024-00442,1
PAIR-002638,crm,erp,PRJ-2024-00443,PRJ-2024-00443,PRJ-2024-00443,PRJ-2024-00443,1
PAIR-002639,crm,partner,PRJ-2024-00443,PRJ-2024-00443,PRJ-2024-00443,PRJ-2024-00443,1
PAIR-002640,crm,document,PRJ-2024-00443,PRJ-2024-00443,PRJ-2024-00443,PRJ-2024-00443,1
PAIR-002641,erp,partner,PRJ-2024-00443,PRJ-2024-00443,PRJ-2024-00443,PRJ-2024-00443,1
PAIR-002642,erp,document,PRJ-2024-00443,PRJ-2024-00443,PRJ-2024-00443,PRJ-2024-00443,1
PAIR-002643,partner,document,PRJ-2024-00443,PRJ-2024-00443,PRJ-2024-00443,PRJ-2024-00443,1
PAIR-002644,crm,erp,PRJ-2024-00444,PRJ-2024-00444,PRJ-2024-00444,PRJ-2024-00444,1
PAIR-002645,crm,partner,PRJ-2024-00444,PRJ-2024-00444,PRJ-2024-00444,PRJ-2024-00444,1
PAIR-002646,crm,document,PRJ-2024-00444,PRJ-2024-00444,PRJ-2024-00444,PRJ-2024-00444,1
PAIR-002647,erp,partner,PRJ-2024-00444,PRJ-2024-00444,PRJ-2024-00444,PRJ-2024-00444,1
PAIR-002648,erp,document,PRJ-2024-00444,PRJ-2024-00444,PRJ-2024-00444,PRJ-2024-00444,1
PAIR-002649,partner,document,PRJ-2024-00444,PRJ-2024-00444,PRJ-2024-00444,PRJ-2024-00444,1
PAIR-002650,crm,partner,PRJ-2024-00445,PRJ-2024-00445,PRJ-2024-00445,PRJ-2024-00445,1
PAIR-002651,crm,document,PRJ-2024-00445,PRJ-2024-00445,PRJ-2024-00445,PRJ-2024-00445,1
PAIR-002652,partner,document,PRJ-2024-00445,PRJ-2024-00445,PRJ-2024-00445,PRJ-2024-00445,1
PAIR-002653,crm,erp,PRJ-2024-00446,PRJ-2024-00446,PRJ-2024-00446,PRJ-2024-00446,1
PAIR-002654,crm,partner,PRJ-2024-00446,PRJ-2024-00446,PRJ-2024-00446,PRJ-2024-00446,1
PAIR-002655,crm,document,PRJ-2024-00446,PRJ-2024-00446,PRJ-2024-00446,PRJ-2024-00446,1
PAIR-002656,erp,partner,PRJ-2024-00446,PRJ-2024-00446,PRJ-2024-00446,PRJ-2024-00446,1
PAIR-002657,erp,document,PRJ-2024-00446,PRJ-2024-00446,PRJ-2024-00446,PRJ-2024-00446,1
PAIR-002658,partner,document,PRJ-2024-00446,PRJ-2024-00446,PRJ-2024-00446,PRJ-2024-00446,1
PAIR-002659,crm,erp,PRJ-2024-00447,PRJ-2024-00447,PRJ-2024-00447,PRJ-2024-00447,1
PAIR-002660,crm,partner,PRJ-2024-00447,PRJ-2024-00447,PRJ-2024-00447,PRJ-2024-00447,1
PAIR-002661,crm,document,PRJ-2024-00447,PRJ-2024-00447,PRJ-2024-00447,PRJ-2024-00447,1
PAIR-002662,erp,partner,PRJ-2024-00447,PRJ-2024-00447,PRJ-2024-00447,PRJ-2024-00447,1
PAIR-002663,erp,document,PRJ-2024-00447,PRJ-2024-00447,PRJ-2024-00447,PRJ-2024-00447,1
PAIR-002664,partner,document,PRJ-2024-00447,PRJ-2024-00447,PRJ-2024-00447,PRJ-2024-00447,1
PAIR-002665,crm,erp,PRJ-2024-00448,PRJ-2024-00448,PRJ-2024-00448,PRJ-2024-00448,1
PAIR-002666,crm,partner,PRJ-2024-00448,PRJ-2024-00448,PRJ-2024-00448,PRJ-2024-00448,1
PAIR-002667,crm,document,PRJ-2024-00448,PRJ-2024-00448,PRJ-2024-00448,PRJ-2024-00448,1
PAIR-002668,erp,partner,PRJ-2024-00448,PRJ-2024-00448,PRJ-2024-00448,PRJ-2024-00448,1
PAIR-002669,erp,document,PRJ-2024-00448,PRJ-2024-00448,PRJ-2024-00448,PRJ-2024-00448,1
PAIR-002670,partner,document,PRJ-2024-00448,PRJ-2024-00448,PRJ-2024-00448,PRJ-2024-00448,1
PAIR-002671,crm,erp,PRJ-2024-00449,PRJ-2024-00449,PRJ-2024-00449,PRJ-2024-00449,1
PAIR-002672,crm,partner,PRJ-2024-00449,PRJ-2024-00449,PRJ-2024-00449,PRJ-2024-00449,1
PAIR-002673,crm,document,PRJ-2024-00449,PRJ-2024-00449,PRJ-2024-00449,PRJ-2024-00449,1
PAIR-002674,erp,partner,PRJ-2024-00449,PRJ-2024-00449,PRJ-2024-00449,PRJ-2024-00449,1
PAIR-002675,erp,document,PRJ-2024-00449,PRJ-2024-00449,PRJ-2024-00449,PRJ-2024-00449,1
PAIR-002676,partner,document,PRJ-2024-00449,PRJ-2024-00449,PRJ-2024-00449,PRJ-2024-00449,1
PAIR-002677,crm,erp,PRJ-2024-00450,PRJ-2024-00450,PRJ-2024-00450,PRJ-2024-00450,1
PAIR-002678,crm,partner,PRJ-2024-00450,PRJ-2024-00450,PRJ-2024-00450,PRJ-2024-00450,1
PAIR-002679,crm,document,PRJ-2024-00450,PRJ-2024-00450,PRJ-2024-00450,PRJ-2024-00450,1
PAIR-002680,erp,partner,PRJ-2024-00450,PRJ-2024-00450,PRJ-2024-00450,PRJ-2024-00450,1
PAIR-002681,erp,document,PRJ-2024-00450,PRJ-2024-00450,PRJ-2024-00450,PRJ-2024-00450,1
PAIR-002682,partner,document,PRJ-2024-00450,PRJ-2024-00450,PRJ-2024-00450,PRJ-2024-00450,1
PAIR-002683,crm,erp,PRJ-2024-00451,PRJ-2024-00451,PRJ-2024-00451,PRJ-2024-00451,1
PAIR-002684,crm,partner,PRJ-2024-00451,PRJ-2024-00451,PRJ-2024-00451,PRJ-2024-00451,1
PAIR-002685,crm,document,PRJ-2024-00451,PRJ-2024-00451,PRJ-2024-00451,PRJ-2024-00451,1
PAIR-002686,erp,partner,PRJ-2024-00451,PRJ-2024-00451,PRJ-2024-00451,PRJ-2024-00451,1
PAIR-002687,erp,document,PRJ-2024-00451,PRJ-2024-00451,PRJ-2024-00451,PRJ-2024-00451,1
PAIR-002688,partner,document,PRJ-2024-00451,PRJ-2024-00451,PRJ-2024-00451,PRJ-2024-00451,1
PAIR-002689,crm,erp,PRJ-2024-00452,PRJ-2024-00452,PRJ-2024-00452,PRJ-2024-00452,1
PAIR-002690,crm,partner,PRJ-2024-00452,PRJ-2024-00452,PRJ-2024-00452,PRJ-2024-00452,1
PAIR-002691,crm,document,PRJ-2024-00452,PRJ-2024-00452,PRJ-2024-00452,PRJ-2024-00452,1
PAIR-002692,erp,partner,PRJ-2024-00452,PRJ-2024-00452,PRJ-2024-00452,PRJ-2024-00452,1
PAIR-002693,erp,document,PRJ-2024-00452,PRJ-2024-00452,PRJ-2024-00452,PRJ-2024-00452,1
PAIR-002694,partner,document,PRJ-2024-00452,PRJ-2024-00452,PRJ-2024-00452,PRJ-2024-00452,1
PAIR-002695,crm,erp,PRJ-2024-00453,PRJ-2024-00453,PRJ-2024-00453,PRJ-2024-00453,1
PAIR-002696,crm,partner,PRJ-2024-00453,PRJ-2024-00453,PRJ-2024-00453,PRJ-2024-00453,1
PAIR-002697,crm,document,PRJ-2024-00453,PRJ-2024-00453,PRJ-2024-00453,PRJ-2024-00453,1
PAIR-002698,erp,partner,PRJ-2024-00453,PRJ-2024-00453,PRJ-2024-00453,PRJ-2024-00453,1
PAIR-002699,erp,document,PRJ-2024-00453,PRJ-2024-00453,PRJ-2024-00453,PRJ-2024-00453,1
PAIR-002700,partner,document,PRJ-2024-00453,PRJ-2024-00453,PRJ-2024-00453,PRJ-2024-00453,1
PAIR-002701,crm,erp,PRJ-2024-00454,PRJ-2024-00454,PRJ-2024-00454,PRJ-2024-00454,1
PAIR-002702,crm,partner,PRJ-2024-00454,PRJ-2024-00454,PRJ-2024-00454,PRJ-2024-00454,1
PAIR-002703,crm,document,PRJ-2024-00454,PRJ-2024-00454,PRJ-2024-00454,PRJ-2024-00454,1
PAIR-002704,erp,partner,PRJ-2024-00454,PRJ-2024-00454,PRJ-2024-00454,PRJ-2024-00454,1
PAIR-002705,erp,document,PRJ-2024-00454,PRJ-2024-00454,PRJ-2024-00454,PRJ-2024-00454,1
PAIR-002706,partner,document,PRJ-2024-00454,PRJ-2024-00454,PRJ-2024-00454,PRJ-2024-00454,1
PAIR-002707,crm,erp,PRJ-2024-00455,PRJ-2024-00455,PRJ-2024-00455,PRJ-2024-00455,1
PAIR-002708,crm,partner,PRJ-2024-00455,PRJ-2024-00455,PRJ-2024-00455,PRJ-2024-00455,1
PAIR-002709,crm,document,PRJ-2024-00455,PRJ-2024-00455,PRJ-2024-00455,PRJ-2024-00455,1
PAIR-002710,erp,partner,PRJ-2024-00455,PRJ-2024-00455,PRJ-2024-00455,PRJ-2024-00455,1
PAIR-002711,erp,document,PRJ-2024-00455,PRJ-2024-00455,PRJ-2024-00455,PRJ-2024-00455,1
PAIR-002712,partner,document,PRJ-2024-00455,PRJ-2024-00455,PRJ-2024-00455,PRJ-2024-00455,1
PAIR-002713,crm,erp,PRJ-2024-00456,PRJ-2024-00456,PRJ-2024-00456,PRJ-2024-00456,1
PAIR-002714,crm,partner,PRJ-2024-00456,PRJ-2024-00456,PRJ-2024-00456,PRJ-2024-00456,1
PAIR-002715,crm,document,PRJ-2024-00456,PRJ-2024-00456,PRJ-2024-00456,PRJ-2024-00456,1
PAIR-002716,erp,partner,PRJ-2024-00456,PRJ-2024-00456,PRJ-2024-00456,PRJ-2024-00456,1
PAIR-002717,erp,document,PRJ-2024-00456,PRJ-2024-00456,PRJ-2024-00456,PRJ-2024-00456,1
PAIR-002718,partner,document,PRJ-2024-00456,PRJ-2024-00456,PRJ-2024-00456,PRJ-2024-00456,1
PAIR-002719,crm,erp,PRJ-2024-00457,PRJ-2024-00457,PRJ-2024-00457,PRJ-2024-00457,1
PAIR-002720,crm,partner,PRJ-2024-00457,PRJ-2024-00457,PRJ-2024-00457,PRJ-2024-00457,1
PAIR-002721,crm,document,PRJ-2024-00457,PRJ-2024-00457,PRJ-2024-00457,PRJ-2024-00457,1
PAIR-002722,erp,partner,PRJ-2024-00457,PRJ-2024-00457,PRJ-2024-00457,PRJ-2024-00457,1
PAIR-002723,erp,document,PRJ-2024-00457,PRJ-2024-00457,PRJ-2024-00457,PRJ-2024-00457,1
PAIR-002724,partner,document,PRJ-2024-00457,PRJ-2024-00457,PRJ-2024-00457,PRJ-2024-00457,1
PAIR-002725,crm,erp,PRJ-2024-00458,PRJ-2024-00458,PRJ-2024-00458,PRJ-2024-00458,1
PAIR-002726,crm,partner,PRJ-2024-00458,PRJ-2024-00458,PRJ-2024-00458,PRJ-2024-00458,1
PAIR-002727,crm,document,PRJ-2024-00458,PRJ-2024-00458,PRJ-2024-00458,PRJ-2024-00458,1
PAIR-002728,erp,partner,PRJ-2024-00458,PRJ-2024-00458,PRJ-2024-00458,PRJ-2024-00458,1
PAIR-002729,erp,document,PRJ-2024-00458,PRJ-2024-00458,PRJ-2024-00458,PRJ-2024-00458,1
PAIR-002730,partner,document,PRJ-2024-00458,PRJ-2024-00458,PRJ-2024-00458,PRJ-2024-00458,1
PAIR-002731,crm,erp,PRJ-2024-00459,PRJ-2024-00459,PRJ-2024-00459,PRJ-2024-00459,1
PAIR-002732,crm,partner,PRJ-2024-00459,PRJ-2024-00459,PRJ-2024-00459,PRJ-2024-00459,1
PAIR-002733,crm,document,PRJ-2024-00459,PRJ-2024-00459,PRJ-2024-00459,PRJ-2024-00459,1
PAIR-002734,erp,partner,PRJ-2024-00459,PRJ-2024-00459,PRJ-2024-00459,PRJ-2024-00459,1
PAIR-002735,erp,document,PRJ-2024-00459,PRJ-2024-00459,PRJ-2024-00459,PRJ-2024-00459,1
PAIR-002736,partner,document,PRJ-2024-00459,PRJ-2024-00459,PRJ-2024-00459,PRJ-2024-00459,1
PAIR-002737,crm,erp,PRJ-2024-00460,PRJ-2024-00460,PRJ-2024-00460,PRJ-2024-00460,1
PAIR-002738,crm,partner,PRJ-2024-00460,PRJ-2024-00460,PRJ-2024-00460,PRJ-2024-00460,1
PAIR-002739,crm,document,PRJ-2024-00460,PRJ-2024-00460,PRJ-2024-00460,PRJ-2024-00460,1
PAIR-002740,erp,partner,PRJ-2024-00460,PRJ-2024-00460,PRJ-2024-00460,PRJ-2024-00460,1
PAIR-002741,erp,document,PRJ-2024-00460,PRJ-2024-00460,PRJ-2024-00460,PRJ-2024-00460,1
PAIR-002742,partner,document,PRJ-2024-00460,PRJ-2024-00460,PRJ-2024-00460,PRJ-2024-00460,1
PAIR-002743,crm,erp,PRJ-2024-00461,PRJ-2024-00461,PRJ-2024-00461,PRJ-2024-00461,1
PAIR-002744,crm,partner,PRJ-2024-00461,PRJ-2024-00461,PRJ-2024-00461,PRJ-2024-00461,1
PAIR-002745,crm,document,PRJ-2024-00461,PRJ-2024-00461,PRJ-2024-00461,PRJ-2024-00461,1
PAIR-002746,erp,partner,PRJ-2024-00461,PRJ-2024-00461,PRJ-2024-00461,PRJ-2024-00461,1
PAIR-002747,erp,document,PRJ-2024-00461,PRJ-2024-00461,PRJ-2024-00461,PRJ-2024-00461,1
PAIR-002748,partner,document,PRJ-2024-00461,PRJ-2024-00461,PRJ-2024-00461,PRJ-2024-00461,1
PAIR-002749,crm,erp,PRJ-2024-00462,PRJ-2024-00462,PRJ-2024-00462,PRJ-2024-00462,1
PAIR-002750,crm,partner,PRJ-2024-00462,PRJ-2024-00462,PRJ-2024-00462,PRJ-2024-00462,1
PAIR-002751,crm,document,PRJ-2024-00462,PRJ-2024-00462,PRJ-2024-00462,PRJ-2024-00462,1
PAIR-002752,erp,partner,PRJ-2024-00462,PRJ-2024-00462,PRJ-2024-00462,PRJ-2024-00462,1
PAIR-002753,erp,document,PRJ-2024-00462,PRJ-2024-00462,PRJ-2024-00462,PRJ-2024-00462,1
PAIR-002754,partner,document,PRJ-2024-00462,PRJ-2024-00462,PRJ-2024-00462,PRJ-2024-00462,1
PAIR-002755,crm,erp,PRJ-2024-00463,PRJ-2024-00463,PRJ-2024-00463,PRJ-2024-00463,1
PAIR-002756,crm,partner,PRJ-2024-00463,PRJ-2024-00463,PRJ-2024-00463,PRJ-2024-00463,1
PAIR-002757,crm,document,PRJ-2024-00463,PRJ-2024-00463,PRJ-2024-00463,PRJ-2024-00463,1
PAIR-002758,erp,partner,PRJ-2024-00463,PRJ-2024-00463,PRJ-2024-00463,PRJ-2024-00463,1
PAIR-002759,erp,document,PRJ-2024-00463,PRJ-2024-00463,PRJ-2024-00463,PRJ-2024-00463,1
PAIR-002760,partner,document,PRJ-2024-00463,PRJ-2024-00463,PRJ-2024-00463,PRJ-2024-00463,1
PAIR-002761,crm,erp,PRJ-2024-00464,PRJ-2024-00464,PRJ-2024-00464,PRJ-2024-00464,1
PAIR-002762,crm,partner,PRJ-2024-00464,PRJ-2024-00464,PRJ-2024-00464,PRJ-2024-00464,1
PAIR-002763,crm,document,PRJ-2024-00464,PRJ-2024-00464,PRJ-2024-00464,PRJ-2024-00464,1
PAIR-002764,erp,partner,PRJ-2024-00464,PRJ-2024-00464,PRJ-2024-00464,PRJ-2024-00464,1
PAIR-002765,erp,document,PRJ-2024-00464,PRJ-2024-00464,PRJ-2024-00464,PRJ-2024-00464,1
PAIR-002766,partner,document,PRJ-2024-00464,PRJ-2024-00464,PRJ-2024-00464,PRJ-2024-00464,1
PAIR-002767,crm,erp,PRJ-2024-00465,PRJ-2024-00465,PRJ-2024-00465,PRJ-2024-00465,1
PAIR-002768,crm,partner,PRJ-2024-00465,PRJ-2024-00465,PRJ-2024-00465,PRJ-2024-00465,1
PAIR-002769,crm,document,PRJ-2024-00465,PRJ-2024-00465,PRJ-2024-00465,PRJ-2024-00465,1
PAIR-002770,erp,partner,PRJ-2024-00465,PRJ-2024-00465,PRJ-2024-00465,PRJ-2024-00465,1
PAIR-002771,erp,document,PRJ-2024-00465,PRJ-2024-00465,PRJ-2024-00465,PRJ-2024-00465,1
PAIR-002772,partner,document,PRJ-2024-00465,PRJ-2024-00465,PRJ-2024-00465,PRJ-2024-00465,1
PAIR-002773,crm,erp,PRJ-2024-00466,PRJ-2024-00466,PRJ-2024-00466,PRJ-2024-00466,1
PAIR-002774,crm,partner,PRJ-2024-00466,PRJ-2024-00466,PRJ-2024-00466,PRJ-2024-00466,1
PAIR-002775,crm,document,PRJ-2024-00466,PRJ-2024-00466,PRJ-2024-00466,PRJ-2024-00466,1
PAIR-002776,erp,partner,PRJ-2024-00466,PRJ-2024-00466,PRJ-2024-00466,PRJ-2024-00466,1
PAIR-002777,erp,document,PRJ-2024-00466,PRJ-2024-00466,PRJ-2024-00466,PRJ-2024-00466,1
PAIR-002778,partner,document,PRJ-2024-00466,PRJ-2024-00466,PRJ-2024-00466,PRJ-2024-00466,1
PAIR-002779,crm,erp,PRJ-2024-00467,PRJ-2024-00467,PRJ-2024-00467,PRJ-2024-00467,1
PAIR-002780,crm,partner,PRJ-2024-00467,PRJ-2024-00467,PRJ-2024-00467,PRJ-2024-00467,1
PAIR-002781,crm,document,PRJ-2024-00467,PRJ-2024-00467,PRJ-2024-00467,PRJ-2024-00467,1
PAIR-002782,erp,partner,PRJ-2024-00467,PRJ-2024-00467,PRJ-2024-00467,PRJ-2024-00467,1
PAIR-002783,erp,document,PRJ-2024-00467,PRJ-2024-00467,PRJ-2024-00467,PRJ-2024-00467,1
PAIR-002784,partner,document,PRJ-2024-00467,PRJ-2024-00467,PRJ-2024-00467,PRJ-2024-00467,1
PAIR-002785,crm,erp,PRJ-2024-00468,PRJ-2024-00468,PRJ-2024-00468,PRJ-2024-00468,1
PAIR-002786,crm,partner,PRJ-2024-00468,PRJ-2024-00468,PRJ-2024-00468,PRJ-2024-00468,1
PAIR-002787,crm,document,PRJ-2024-00468,PRJ-2024-00468,PRJ-2024-00468,PRJ-2024-00468,1
PAIR-002788,erp,partner,PRJ-2024-00468,PRJ-2024-00468,PRJ-2024-00468,PRJ-2024-00468,1
PAIR-002789,erp,document,PRJ-2024-00468,PRJ-2024-00468,PRJ-2024-00468,PRJ-2024-00468,1
PAIR-002790,partner,document,PRJ-2024-00468,PRJ-2024-00468,PRJ-2024-00468,PRJ-2024-00468,1
PAIR-002791,crm,erp,PRJ-2024-00469,PRJ-2024-00469,PRJ-2024-00469,PRJ-2024-00469,1
PAIR-002792,crm,partner,PRJ-2024-00469,PRJ-2024-00469,PRJ-2024-00469,PRJ-2024-00469,1
PAIR-002793,crm,document,PRJ-2024-00469,PRJ-2024-00469,PRJ-2024-00469,PRJ-2024-00469,1
PAIR-002794,erp,partner,PRJ-2024-00469,PRJ-2024-00469,PRJ-2024-00469,PRJ-2024-00469,1
PAIR-002795,erp,document,PRJ-2024-00469,PRJ-2024-00469,PRJ-2024-00469,PRJ-2024-00469,1
PAIR-002796,partner,document,PRJ-2024-00469,PRJ-2024-00469,PRJ-2024-00469,PRJ-2024-00469,1
PAIR-002797,crm,erp,PRJ-2024-00470,PRJ-2024-00470,PRJ-2024-00470,PRJ-2024-00470,1
PAIR-002798,crm,partner,PRJ-2024-00470,PRJ-2024-00470,PRJ-2024-00470,PRJ-2024-00470,1
PAIR-002799,crm,document,PRJ-2024-00470,PRJ-2024-00470,PRJ-2024-00470,PRJ-2024-00470,1
PAIR-002800,erp,partner,PRJ-2024-00470,PRJ-2024-00470,PRJ-2024-00470,PRJ-2024-00470,1
PAIR-002801,erp,document,PRJ-2024-00470,PRJ-2024-00470,PRJ-2024-00470,PRJ-2024-00470,1
PAIR-002802,partner,document,PRJ-2024-00470,PRJ-2024-00470,PRJ-2024-00470,PRJ-2024-00470,1
PAIR-002803,crm,erp,PRJ-2024-00471,PRJ-2024-00471,PRJ-2024-00471,PRJ-2024-00471,1
PAIR-002804,crm,partner,PRJ-2024-00471,PRJ-2024-00471,PRJ-2024-00471,PRJ-2024-00471,1
PAIR-002805,crm,document,PRJ-2024-00471,PRJ-2024-00471,PRJ-2024-00471,PRJ-2024-00471,1
PAIR-002806,erp,partner,PRJ-2024-00471,PRJ-2024-00471,PRJ-2024-00471,PRJ-2024-00471,1
PAIR-002807,erp,document,PRJ-2024-00471,PRJ-2024-00471,PRJ-2024-00471,PRJ-2024-00471,1
PAIR-002808,partner,document,PRJ-2024-00471,PRJ-2024-00471,PRJ-2024-00471,PRJ-2024-00471,1
PAIR-002809,crm,erp,PRJ-2024-00472,PRJ-2024-00472,PRJ-2024-00472,PRJ-2024-00472,1
PAIR-002810,crm,partner,PRJ-2024-00472,PRJ-2024-00472,PRJ-2024-00472,PRJ-2024-00472,1
PAIR-002811,crm,document,PRJ-2024-00472,PRJ-2024-00472,PRJ-2024-00472,PRJ-2024-00472,1
PAIR-002812,erp,partner,PRJ-2024-00472,PRJ-2024-00472,PRJ-2024-00472,PRJ-2024-00472,1
PAIR-002813,erp,document,PRJ-2024-00472,PRJ-2024-00472,PRJ-2024-00472,PRJ-2024-00472,1
PAIR-002814,partner,document,PRJ-2024-00472,PRJ-2024-00472,PRJ-2024-00472,PRJ-2024-00472,1
PAIR-002815,crm,erp,PRJ-2024-00473,PRJ-2024-00473,PRJ-2024-00473,PRJ-2024-00473,1
PAIR-002816,crm,partner,PRJ-2024-00473,PRJ-2024-00473,PRJ-2024-00473,PRJ-2024-00473,1
PAIR-002817,crm,document,PRJ-2024-00473,PRJ-2024-00473,PRJ-2024-00473,PRJ-2024-00473,1
PAIR-002818,erp,partner,PRJ-2024-00473,PRJ-2024-00473,PRJ-2024-00473,PRJ-2024-00473,1
PAIR-002819,erp,document,PRJ-2024-00473,PRJ-2024-00473,PRJ-2024-00473,PRJ-2024-00473,1
PAIR-002820,partner,document,PRJ-2024-00473,PRJ-2024-00473,PRJ-2024-00473,PRJ-2024-00473,1
PAIR-002821,crm,erp,PRJ-2024-00474,PRJ-2024-00474,PRJ-2024-00474,PRJ-2024-00474,1
PAIR-002822,crm,partner,PRJ-2024-00474,PRJ-2024-00474,PRJ-2024-00474,PRJ-2024-00474,1
PAIR-002823,crm,document,PRJ-2024-00474,PRJ-2024-00474,PRJ-2024-00474,PRJ-2024-00474,1
PAIR-002824,erp,partner,PRJ-2024-00474,PRJ-2024-00474,PRJ-2024-00474,PRJ-2024-00474,1
PAIR-002825,erp,document,PRJ-2024-00474,PRJ-2024-00474,PRJ-2024-00474,PRJ-2024-00474,1
PAIR-002826,partner,document,PRJ-2024-00474,PRJ-2024-00474,PRJ-2024-00474,PRJ-2024-00474,1
PAIR-002827,crm,erp,PRJ-2024-00475,PRJ-2024-00475,PRJ-2024-00475,PRJ-2024-00475,1
PAIR-002828,crm,partner,PRJ-2024-00475,PRJ-2024-00475,PRJ-2024-00475,PRJ-2024-00475,1
PAIR-002829,crm,document,PRJ-2024-00475,PRJ-2024-00475,PRJ-2024-00475,PRJ-2024-00475,1
PAIR-002830,erp,partner,PRJ-2024-00475,PRJ-2024-00475,PRJ-2024-00475,PRJ-2024-00475,1
PAIR-002831,erp,document,PRJ-2024-00475,PRJ-2024-00475,PRJ-2024-00475,PRJ-2024-00475,1
PAIR-002832,partner,document,PRJ-2024-00475,PRJ-2024-00475,PRJ-2024-00475,PRJ-2024-00475,1
PAIR-002833,crm,erp,PRJ-2024-00476,PRJ-2024-00476,PRJ-2024-00476,PRJ-2024-00476,1
PAIR-002834,crm,partner,PRJ-2024-00476,PRJ-2024-00476,PRJ-2024-00476,PRJ-2024-00476,1
PAIR-002835,crm,document,PRJ-2024-00476,PRJ-2024-00476,PRJ-2024-00476,PRJ-2024-00476,1
PAIR-002836,erp,partner,PRJ-2024-00476,PRJ-2024-00476,PRJ-2024-00476,PRJ-2024-00476,1
PAIR-002837,erp,document,PRJ-2024-00476,PRJ-2024-00476,PRJ-2024-00476,PRJ-2024-00476,1
PAIR-002838,partner,document,PRJ-2024-00476,PRJ-2024-00476,PRJ-2024-00476,PRJ-2024-00476,1
PAIR-002839,crm,erp,PRJ-2024-00477,PRJ-2024-00477,PRJ-2024-00477,PRJ-2024-00477,1
PAIR-002840,crm,partner,PRJ-2024-00477,PRJ-2024-00477,PRJ-2024-00477,PRJ-2024-00477,1
PAIR-002841,crm,document,PRJ-2024-00477,PRJ-2024-00477,PRJ-2024-00477,PRJ-2024-00477,1
PAIR-002842,erp,partner,PRJ-2024-00477,PRJ-2024-00477,PRJ-2024-00477,PRJ-2024-00477,1
PAIR-002843,erp,document,PRJ-2024-00477,PRJ-2024-00477,PRJ-2024-00477,PRJ-2024-00477,1
PAIR-002844,partner,document,PRJ-2024-00477,PRJ-2024-00477,PRJ-2024-00477,PRJ-2024-00477,1
PAIR-002845,crm,erp,PRJ-2024-00478,PRJ-2024-00478,PRJ-2024-00478,PRJ-2024-00478,1
PAIR-002846,crm,partner,PRJ-2024-00478,PRJ-2024-00478,PRJ-2024-00478,PRJ-2024-00478,1
PAIR-002847,crm,document,PRJ-2024-00478,PRJ-2024-00478,PRJ-2024-00478,PRJ-2024-00478,1
PAIR-002848,erp,partner,PRJ-2024-00478,PRJ-2024-00478,PRJ-2024-00478,PRJ-2024-00478,1
PAIR-002849,erp,document,PRJ-2024-00478,PRJ-2024-00478,PRJ-2024-00478,PRJ-2024-00478,1
PAIR-002850,partner,document,PRJ-2024-00478,PRJ-2024-00478,PRJ-2024-00478,PRJ-2024-00478,1
PAIR-002851,crm,erp,PRJ-2024-00479,PRJ-2024-00479,PRJ-2024-00479,PRJ-2024-00479,1
PAIR-002852,crm,partner,PRJ-2024-00479,PRJ-2024-00479,PRJ-2024-00479,PRJ-2024-00479,1
PAIR-002853,crm,document,PRJ-2024-00479,PRJ-2024-00479,PRJ-2024-00479,PRJ-2024-00479,1
PAIR-002854,erp,partner,PRJ-2024-00479,PRJ-2024-00479,PRJ-2024-00479,PRJ-2024-00479,1
PAIR-002855,erp,document,PRJ-2024-00479,PRJ-2024-00479,PRJ-2024-00479,PRJ-2024-00479,1
PAIR-002856,partner,document,PRJ-2024-00479,PRJ-2024-00479,PRJ-2024-00479,PRJ-2024-00479,1
PAIR-002857,crm,erp,PRJ-2024-00480,PRJ-2024-00480,PRJ-2024-00480,PRJ-2024-00480,1
PAIR-002858,crm,partner,PRJ-2024-00480,PRJ-2024-00480,PRJ-2024-00480,PRJ-2024-00480,1
PAIR-002859,crm,document,PRJ-2024-00480,PRJ-2024-00480,PRJ-2024-00480,PRJ-2024-00480,1
PAIR-002860,erp,partner,PRJ-2024-00480,PRJ-2024-00480,PRJ-2024-00480,PRJ-2024-00480,1
PAIR-002861,erp,document,PRJ-2024-00480,PRJ-2024-00480,PRJ-2024-00480,PRJ-2024-00480,1
PAIR-002862,partner,document,PRJ-2024-00480,PRJ-2024-00480,PRJ-2024-00480,PRJ-2024-00480,1
PAIR-002863,crm,erp,PRJ-2024-00481,PRJ-2024-00481,PRJ-2024-00481,PRJ-2024-00481,1
PAIR-002864,crm,partner,PRJ-2024-00481,PRJ-2024-00481,PRJ-2024-00481,PRJ-2024-00481,1
PAIR-002865,crm,document,PRJ-2024-00481,PRJ-2024-00481,PRJ-2024-00481,PRJ-2024-00481,1
PAIR-002866,erp,partner,PRJ-2024-00481,PRJ-2024-00481,PRJ-2024-00481,PRJ-2024-00481,1
PAIR-002867,erp,document,PRJ-2024-00481,PRJ-2024-00481,PRJ-2024-00481,PRJ-2024-00481,1
PAIR-002868,partner,document,PRJ-2024-00481,PRJ-2024-00481,PRJ-2024-00481,PRJ-2024-00481,1
PAIR-002869,crm,erp,PRJ-2024-00482,PRJ-2024-00482,PRJ-2024-00482,PRJ-2024-00482,1
PAIR-002870,crm,partner,PRJ-2024-00482,PRJ-2024-00482,PRJ-2024-00482,PRJ-2024-00482,1
PAIR-002871,crm,document,PRJ-2024-00482,PRJ-2024-00482,PRJ-2024-00482,PRJ-2024-00482,1
PAIR-002872,erp,partner,PRJ-2024-00482,PRJ-2024-00482,PRJ-2024-00482,PRJ-2024-00482,1
PAIR-002873,erp,document,PRJ-2024-00482,PRJ-2024-00482,PRJ-2024-00482,PRJ-2024-00482,1
PAIR-002874,partner,document,PRJ-2024-00482,PRJ-2024-00482,PRJ-2024-00482,PRJ-2024-00482,1
PAIR-002875,crm,erp,PRJ-2024-00483,PRJ-2024-00483,PRJ-2024-00483,PRJ-2024-00483,1
PAIR-002876,crm,partner,PRJ-2024-00483,PRJ-2024-00483,PRJ-2024-00483,PRJ-2024-00483,1
PAIR-002877,crm,document,PRJ-2024-00483,PRJ-2024-00483,PRJ-2024-00483,PRJ-2024-00483,1
PAIR-002878,erp,partner,PRJ-2024-00483,PRJ-2024-00483,PRJ-2024-00483,PRJ-2024-00483,1
PAIR-002879,erp,document,PRJ-2024-00483,PRJ-2024-00483,PRJ-2024-00483,PRJ-2024-00483,1
PAIR-002880,partner,document,PRJ-2024-00483,PRJ-2024-00483,PRJ-2024-00483,PRJ-2024-00483,1
PAIR-002881,crm,erp,PRJ-2024-00484,PRJ-2024-00484,PRJ-2024-00484,PRJ-2024-00484,1
PAIR-002882,crm,partner,PRJ-2024-00484,PRJ-2024-00484,PRJ-2024-00484,PRJ-2024-00484,1
PAIR-002883,crm,document,PRJ-2024-00484,PRJ-2024-00484,PRJ-2024-00484,PRJ-2024-00484,1
PAIR-002884,erp,partner,PRJ-2024-00484,PRJ-2024-00484,PRJ-2024-00484,PRJ-2024-00484,1
PAIR-002885,erp,document,PRJ-2024-00484,PRJ-2024-00484,PRJ-2024-00484,PRJ-2024-00484,1
PAIR-002886,partner,document,PRJ-2024-00484,PRJ-2024-00484,PRJ-2024-00484,PRJ-2024-00484,1
PAIR-002887,crm,erp,PRJ-2024-00485,PRJ-2024-00485,PRJ-2024-00485,PRJ-2024-00485,1
PAIR-002888,crm,partner,PRJ-2024-00485,PRJ-2024-00485,PRJ-2024-00485,PRJ-2024-00485,1
PAIR-002889,crm,document,PRJ-2024-00485,PRJ-2024-00485,PRJ-2024-00485,PRJ-2024-00485,1
PAIR-002890,erp,partner,PRJ-2024-00485,PRJ-2024-00485,PRJ-2024-00485,PRJ-2024-00485,1
PAIR-002891,erp,document,PRJ-2024-00485,PRJ-2024-00485,PRJ-2024-00485,PRJ-2024-00485,1
PAIR-002892,partner,document,PRJ-2024-00485,PRJ-2024-00485,PRJ-2024-00485,PRJ-2024-00485,1
PAIR-002893,crm,erp,PRJ-2024-00486,PRJ-2024-00486,PRJ-2024-00486,PRJ-2024-00486,1
PAIR-002894,crm,partner,PRJ-2024-00486,PRJ-2024-00486,PRJ-2024-00486,PRJ-2024-00486,1
PAIR-002895,crm,document,PRJ-2024-00486,PRJ-2024-00486,PRJ-2024-00486,PRJ-2024-00486,1
PAIR-002896,erp,partner,PRJ-2024-00486,PRJ-2024-00486,PRJ-2024-00486,PRJ-2024-00486,1
PAIR-002897,erp,document,PRJ-2024-00486,PRJ-2024-00486,PRJ-2024-00486,PRJ-2024-00486,1
PAIR-002898,partner,document,PRJ-2024-00486,PRJ-2024-00486,PRJ-2024-00486,PRJ-2024-00486,1
PAIR-002899,crm,erp,PRJ-2024-00487,PRJ-2024-00487,PRJ-2024-00487,PRJ-2024-00487,1
PAIR-002900,crm,partner,PRJ-2024-00487,PRJ-2024-00487,PRJ-2024-00487,PRJ-2024-00487,1
PAIR-002901,crm,document,PRJ-2024-00487,PRJ-2024-00487,PRJ-2024-00487,PRJ-2024-00487,1
PAIR-002902,erp,partner,PRJ-2024-00487,PRJ-2024-00487,PRJ-2024-00487,PRJ-2024-00487,1
PAIR-002903,erp,document,PRJ-2024-00487,PRJ-2024-00487,PRJ-2024-00487,PRJ-2024-00487,1
PAIR-002904,partner,document,PRJ-2024-00487,PRJ-2024-00487,PRJ-2024-00487,PRJ-2024-00487,1
PAIR-002905,crm,erp,PRJ-2024-00488,PRJ-2024-00488,PRJ-2024-00488,PRJ-2024-00488,1
PAIR-002906,crm,partner,PRJ-2024-00488,PRJ-2024-00488,PRJ-2024-00488,PRJ-2024-00488,1
PAIR-002907,crm,document,PRJ-2024-00488,PRJ-2024-00488,PRJ-2024-00488,PRJ-2024-00488,1
PAIR-002908,erp,partner,PRJ-2024-00488,PRJ-2024-00488,PRJ-2024-00488,PRJ-2024-00488,1
PAIR-002909,erp,document,PRJ-2024-00488,PRJ-2024-00488,PRJ-2024-00488,PRJ-2024-00488,1
PAIR-002910,partner,document,PRJ-2024-00488,PRJ-2024-00488,PRJ-2024-00488,PRJ-2024-00488,1
PAIR-002911,crm,erp,PRJ-2024-00489,PRJ-2024-00489,PRJ-2024-00489,PRJ-2024-00489,1
PAIR-002912,crm,partner,PRJ-2024-00489,PRJ-2024-00489,PRJ-2024-00489,PRJ-2024-00489,1
PAIR-002913,crm,document,PRJ-2024-00489,PRJ-2024-00489,PRJ-2024-00489,PRJ-2024-00489,1
PAIR-002914,erp,partner,PRJ-2024-00489,PRJ-2024-00489,PRJ-2024-00489,PRJ-2024-00489,1
PAIR-002915,erp,document,PRJ-2024-00489,PRJ-2024-00489,PRJ-2024-00489,PRJ-2024-00489,1
PAIR-002916,partner,document,PRJ-2024-00489,PRJ-2024-00489,PRJ-2024-00489,PRJ-2024-00489,1
PAIR-002917,crm,erp,PRJ-2024-00490,PRJ-2024-00490,PRJ-2024-00490,PRJ-2024-00490,1
PAIR-002918,crm,partner,PRJ-2024-00490,PRJ-2024-00490,PRJ-2024-00490,PRJ-2024-00490,1
PAIR-002919,crm,document,PRJ-2024-00490,PRJ-2024-00490,PRJ-2024-00490,PRJ-2024-00490,1
PAIR-002920,erp,partner,PRJ-2024-00490,PRJ-2024-00490,PRJ-2024-00490,PRJ-2024-00490,1
PAIR-002921,erp,document,PRJ-2024-00490,PRJ-2024-00490,PRJ-2024-00490,PRJ-2024-00490,1
PAIR-002922,partner,document,PRJ-2024-00490,PRJ-2024-00490,PRJ-2024-00490,PRJ-2024-00490,1
PAIR-002923,crm,erp,PRJ-2024-00491,PRJ-2024-00491,PRJ-2024-00491,PRJ-2024-00491,1
PAIR-002924,crm,partner,PRJ-2024-00491,PRJ-2024-00491,PRJ-2024-00491,PRJ-2024-00491,1
PAIR-002925,crm,document,PRJ-2024-00491,PRJ-2024-00491,PRJ-2024-00491,PRJ-2024-00491,1
PAIR-002926,erp,partner,PRJ-2024-00491,PRJ-2024-00491,PRJ-2024-00491,PRJ-2024-00491,1
PAIR-002927,erp,document,PRJ-2024-00491,PRJ-2024-00491,PRJ-2024-00491,PRJ-2024-00491,1
PAIR-002928,partner,document,PRJ-2024-00491,PRJ-2024-00491,PRJ-2024-00491,PRJ-2024-00491,1
PAIR-002929,crm,erp,PRJ-2024-00492,PRJ-2024-00492,PRJ-2024-00492,PRJ-2024-00492,1
PAIR-002930,crm,partner,PRJ-2024-00492,PRJ-2024-00492,PRJ-2024-00492,PRJ-2024-00492,1
PAIR-002931,crm,document,PRJ-2024-00492,PRJ-2024-00492,PRJ-2024-00492,PRJ-2024-00492,1
PAIR-002932,erp,partner,PRJ-2024-00492,PRJ-2024-00492,PRJ-2024-00492,PRJ-2024-00492,1
PAIR-002933,erp,document,PRJ-2024-00492,PRJ-2024-00492,PRJ-2024-00492,PRJ-2024-00492,1
PAIR-002934,partner,document,PRJ-2024-00492,PRJ-2024-00492,PRJ-2024-00492,PRJ-2024-00492,1
PAIR-002935,crm,erp,PRJ-2024-00493,PRJ-2024-00493,PRJ-2024-00493,PRJ-2024-00493,1
PAIR-002936,crm,partner,PRJ-2024-00493,PRJ-2024-00493,PRJ-2024-00493,PRJ-2024-00493,1
PAIR-002937,crm,document,PRJ-2024-00493,PRJ-2024-00493,PRJ-2024-00493,PRJ-2024-00493,1
PAIR-002938,erp,partner,PRJ-2024-00493,PRJ-2024-00493,PRJ-2024-00493,PRJ-2024-00493,1
PAIR-002939,erp,document,PRJ-2024-00493,PRJ-2024-00493,PRJ-2024-00493,PRJ-2024-00493,1
PAIR-002940,partner,document,PRJ-2024-00493,PRJ-2024-00493,PRJ-2024-00493,PRJ-2024-00493,1
PAIR-002941,crm,erp,PRJ-2024-00494,PRJ-2024-00494,PRJ-2024-00494,PRJ-2024-00494,1
PAIR-002942,crm,partner,PRJ-2024-00494,PRJ-2024-00494,PRJ-2024-00494,PRJ-2024-00494,1
PAIR-002943,crm,document,PRJ-2024-00494,PRJ-2024-00494,PRJ-2024-00494,PRJ-2024-00494,1
PAIR-002944,erp,partner,PRJ-2024-00494,PRJ-2024-00494,PRJ-2024-00494,PRJ-2024-00494,1
PAIR-002945,erp,document,PRJ-2024-00494,PRJ-2024-00494,PRJ-2024-00494,PRJ-2024-00494,1
PAIR-002946,partner,document,PRJ-2024-00494,PRJ-2024-00494,PRJ-2024-00494,PRJ-2024-00494,1
PAIR-002947,crm,erp,PRJ-2024-00495,PRJ-2024-00495,PRJ-2024-00495,PRJ-2024-00495,1
PAIR-002948,crm,partner,PRJ-2024-00495,PRJ-2024-00495,PRJ-2024-00495,PRJ-2024-00495,1
PAIR-002949,crm,document,PRJ-2024-00495,PRJ-2024-00495,PRJ-2024-00495,PRJ-2024-00495,1
PAIR-002950,erp,partner,PRJ-2024-00495,PRJ-2024-00495,PRJ-2024-00495,PRJ-2024-00495,1
PAIR-002951,erp,document,PRJ-2024-00495,PRJ-2024-00495,PRJ-2024-00495,PRJ-2024-00495,1
PAIR-002952,partner,document,PRJ-2024-00495,PRJ-2024-00495,PRJ-2024-00495,PRJ-2024-00495,1
PAIR-002953,crm,erp,PRJ-2024-00496,PRJ-2024-00496,PRJ-2024-00496,PRJ-2024-00496,1
PAIR-002954,crm,partner,PRJ-2024-00496,PRJ-2024-00496,PRJ-2024-00496,PRJ-2024-00496,1
PAIR-002955,crm,document,PRJ-2024-00496,PRJ-2024-00496,PRJ-2024-00496,PRJ-2024-00496,1
PAIR-002956,erp,partner,PRJ-2024-00496,PRJ-2024-00496,PRJ-2024-00496,PRJ-2024-00496,1
PAIR-002957,erp,document,PRJ-2024-00496,PRJ-2024-00496,PRJ-2024-00496,PRJ-2024-00496,1
PAIR-002958,partner,document,PRJ-2024-00496,PRJ-2024-00496,PRJ-2024-00496,PRJ-2024-00496,1
PAIR-002959,crm,erp,PRJ-2024-00497,PRJ-2024-00497,PRJ-2024-00497,PRJ-2024-00497,1
PAIR-002960,crm,partner,PRJ-2024-00497,PRJ-2024-00497,PRJ-2024-00497,PRJ-2024-00497,1
PAIR-002961,crm,document,PRJ-2024-00497,PRJ-2024-00497,PRJ-2024-00497,PRJ-2024-00497,1
PAIR-002962,erp,partner,PRJ-2024-00497,PRJ-2024-00497,PRJ-2024-00497,PRJ-2024-00497,1
PAIR-002963,erp,document,PRJ-2024-00497,PRJ-2024-00497,PRJ-2024-00497,PRJ-2024-00497,1
PAIR-002964,partner,document,PRJ-2024-00497,PRJ-2024-00497,PRJ-2024-00497,PRJ-2024-00497,1
PAIR-002965,crm,erp,PRJ-2024-00498,PRJ-2024-00498,PRJ-2024-00498,PRJ-2024-00498,1
PAIR-002966,crm,partner,PRJ-2024-00498,PRJ-2024-00498,PRJ-2024-00498,PRJ-2024-00498,1
PAIR-002967,crm,document,PRJ-2024-00498,PRJ-2024-00498,PRJ-2024-00498,PRJ-2024-00498,1
PAIR-002968,erp,partner,PRJ-2024-00498,PRJ-2024-00498,PRJ-2024-00498,PRJ-2024-00498,1
PAIR-002969,erp,document,PRJ-2024-00498,PRJ-2024-00498,PRJ-2024-00498,PRJ-2024-00498,1
PAIR-002970,partner,document,PRJ-2024-00498,PRJ-2024-00498,PRJ-2024-00498,PRJ-2024-00498,1
PAIR-002971,crm,erp,PRJ-2024-00499,PRJ-2024-00499,PRJ-2024-00499,PRJ-2024-00499,1
PAIR-002972,crm,partner,PRJ-2024-00499,PRJ-2024-00499,PRJ-2024-00499,PRJ-2024-00499,1
PAIR-002973,crm,document,PRJ-2024-00499,PRJ-2024-00499,PRJ-2024-00499,PRJ-2024-00499,1
PAIR-002974,erp,partner,PRJ-2024-00499,PRJ-2024-00499,PRJ-2024-00499,PRJ-2024-00499,1
PAIR-002975,erp,document,PRJ-2024-00499,PRJ-2024-00499,PRJ-2024-00499,PRJ-2024-00499,1
PAIR-002976,partner,document,PRJ-2024-00499,PRJ-2024-00499,PRJ-2024-00499,PRJ-2024-00499,1
PAIR-002977,crm,erp,PRJ-2024-00500,PRJ-2024-00500,PRJ-2024-00500,PRJ-2024-00500,1
PAIR-002978,crm,partner,PRJ-2024-00500,PRJ-2024-00500,PRJ-2024-00500,PRJ-2024-00500,1
PAIR-002979,crm,document,PRJ-2024-00500,PRJ-2024-00500,PRJ-2024-00500,PRJ-2024-00500,1
PAIR-002980,erp,partner,PRJ-2024-00500,PRJ-2024-00500,PRJ-2024-00500,PRJ-2024-00500,1
PAIR-002981,erp,document,PRJ-2024-00500,PRJ-2024-00500,PRJ-2024-00500,PRJ-2024-00500,1
PAIR-002982,partner,document,PRJ-2024-00500,PRJ-2024-00500,PRJ-2024-00500,PRJ-2024-00500,1
PAIR-100001,crm,document,PRJ-2024-00328,PRJ-2024-00058,PRJ-2024-00328,PRJ-2024-00058,0
PAIR-100002,erp,crm,PRJ-2024-00141,PRJ-2024-00126,PRJ-2024-00141,PRJ-2024-00126,0
PAIR-100003,crm,document,PRJ-2024-00378,PRJ-2024-00053,PRJ-2024-00378,PRJ-2024-00053,0
PAIR-100004,crm,erp,PRJ-2024-00217,PRJ-2024-00017,PRJ-2024-00217,PRJ-2024-00017,0
PAIR-100005,crm,document,PRJ-2024-00112,PRJ-2024-00120,PRJ-2024-00112,PRJ-2024-00120,0
PAIR-100006,document,crm,PRJ-2024-00102,PRJ-2024-00367,PRJ-2024-00102,PRJ-2024-00367,0
PAIR-100007,partner,crm,PRJ-2024-00230,PRJ-2024-00302,PRJ-2024-00230,PRJ-2024-00302,0
PAIR-100008,erp,document,PRJ-2024-00389,PRJ-2024-00413,PRJ-2024-00389,PRJ-2024-00413,0
PAIR-100009,partner,crm,PRJ-2024-00217,PRJ-2024-00175,PRJ-2024-00217,PRJ-2024-00175,0
PAIR-100010,partner,crm,PRJ-2024-00111,PRJ-2024-00491,PRJ-2024-00111,PRJ-2024-00491,0
PAIR-100011,crm,partner,PRJ-2024-00048,PRJ-2024-00195,PRJ-2024-00048,PRJ-2024-00195,0
PAIR-100012,partner,crm,PRJ-2024-00434,PRJ-2024-00177,PRJ-2024-00434,PRJ-2024-00177,0
PAIR-100013,crm,partner,PRJ-2024-00374,PRJ-2024-00236,PRJ-2024-00374,PRJ-2024-00236,0
PAIR-100014,partner,document,PRJ-2024-00041,PRJ-2024-00283,PRJ-2024-00041,PRJ-2024-00283,0
PAIR-100015,partner,document,PRJ-2024-00317,PRJ-2024-00454,PRJ-2024-00317,PRJ-2024-00454,0
PAIR-100016,crm,erp,PRJ-2024-00099,PRJ-2024-00361,PRJ-2024-00099,PRJ-2024-00361,0
PAIR-100017,partner,crm,PRJ-2024-00339,PRJ-2024-00117,PRJ-2024-00339,PRJ-2024-00117,0
PAIR-100018,crm,partner,PRJ-2024-00438,PRJ-2024-00120,PRJ-2024-00438,PRJ-2024-00120,0
PAIR-100019,partner,crm,PRJ-2024-00143,PRJ-2024-00233,PRJ-2024-00143,PRJ-2024-00233,0
PAIR-100020,erp,document,PRJ-2024-00190,PRJ-2024-00182,PRJ-2024-00190,PRJ-2024-00182,0
PAIR-100021,crm,document,PRJ-2024-00137,PRJ-2024-00360,PRJ-2024-00137,PRJ-2024-00360,0
PAIR-100022,erp,crm,PRJ-2024-00326,PRJ-2024-00088,PRJ-2024-00326,PRJ-2024-00088,0
PAIR-100023,partner,document,PRJ-2024-00237,PRJ-2024-00195,PRJ-2024-00237,PRJ-2024-00195,0
PAIR-100024,erp,document,PRJ-2024-00353,PRJ-2024-00286,PRJ-2024-00353,PRJ-2024-00286,0
PAIR-100025,crm,erp,PRJ-2024-00167,PRJ-2024-00432,PRJ-2024-00167,PRJ-2024-00432,0
PAIR-100026,partner,erp,PRJ-2024-00421,PRJ-2024-00017,PRJ-2024-00421,PRJ-2024-00017,0
PAIR-100027,erp,document,PRJ-2024-00138,PRJ-2024-00034,PRJ-2024-00138,PRJ-2024-00034,0
PAIR-100028,partner,crm,PRJ-2024-00449,PRJ-2024-00368,PRJ-2024-00449,PRJ-2024-00368,0
PAIR-100029,document,partner,PRJ-2024-00336,PRJ-2024-00256,PRJ-2024-00336,PRJ-2024-00256,0
PAIR-100030,partner,crm,PRJ-2024-00235,PRJ-2024-00074,PRJ-2024-00235,PRJ-2024-00074,0
PAIR-100031,partner,document,PRJ-2024-00127,PRJ-2024-00382,PRJ-2024-00127,PRJ-2024-00382,0
PAIR-100032,document,erp,PRJ-2024-00300,PRJ-2024-00220,PRJ-2024-00300,PRJ-2024-00220,0
PAIR-100033,document,crm,PRJ-2024-00113,PRJ-2024-00071,PRJ-2024-00113,PRJ-2024-00071,0
PAIR-100034,crm,erp,PRJ-2024-00387,PRJ-2024-00025,PRJ-2024-00387,PRJ-2024-00025,0
PAIR-100035,document,partner,PRJ-2024-00322,PRJ-2024-00082,PRJ-2024-00322,PRJ-2024-00082,0
PAIR-100036,document,partner,PRJ-2024-00033,PRJ-2024-00198,PRJ-2024-00033,PRJ-2024-00198,0
PAIR-100037,partner,document,PRJ-2024-00240,PRJ-2024-00271,PRJ-2024-00240,PRJ-2024-00271,0
PAIR-100038,crm,document,PRJ-2024-00441,PRJ-2024-00483,PRJ-2024-00441,PRJ-2024-00483,0
PAIR-100039,partner,document,PRJ-2024-00370,PRJ-2024-00059,PRJ-2024-00370,PRJ-2024-00059,0
PAIR-100040,partner,erp,PRJ-2024-00175,PRJ-2024-00058,PRJ-2024-00175,PRJ-2024-00058,0
PAIR-100041,crm,document,PRJ-2024-00081,PRJ-2024-00233,PRJ-2024-00081,PRJ-2024-00233,0
PAIR-100042,partner,document,PRJ-2024-00449,PRJ-2024-00369,PRJ-2024-00449,PRJ-2024-00369,0
PAIR-100043,crm,document,PRJ-2024-00391,PRJ-2024-00092,PRJ-2024-00391,PRJ-2024-00092,0
PAIR-100044,erp,crm,PRJ-2024-00153,PRJ-2024-00431,PRJ-2024-00153,PRJ-2024-00431,0
PAIR-100045,erp,document,PRJ-2024-00192,PRJ-2024-00391,PRJ-2024-00192,PRJ-2024-00391,0
PAIR-100046,crm,document,PRJ-2024-00489,PRJ-2024-00399,PRJ-2024-00489,PRJ-2024-00399,0
PAIR-100047,crm,erp,PRJ-2024-00166,PRJ-2024-00251,PRJ-2024-00166,PRJ-2024-00251,0
PAIR-100048,partner,crm,PRJ-2024-00476,PRJ-2024-00186,PRJ-2024-00476,PRJ-2024-00186,0
PAIR-100049,crm,erp,PRJ-2024-00030,PRJ-2024-00124,PRJ-2024-00030,PRJ-2024-00124,0
PAIR-100050,crm,document,PRJ-2024-00375,PRJ-2024-00249,PRJ-2024-00375,PRJ-2024-00249,0
PAIR-100051,erp,document,PRJ-2024-00393,PRJ-2024-00065,PRJ-2024-00393,PRJ-2024-00065,0
PAIR-100052,erp,partner,PRJ-2024-00244,PRJ-2024-00485,PRJ-2024-00244,PRJ-2024-00485,0
PAIR-100053,document,crm,PRJ-2024-00271,PRJ-2024-00447,PRJ-2024-00271,PRJ-2024-00447,0
PAIR-100054,erp,document,PRJ-2024-00476,PRJ-2024-00277,PRJ-2024-00476,PRJ-2024-00277,0
PAIR-100055,partner,erp,PRJ-2024-00160,PRJ-2024-00205,PRJ-2024-00160,PRJ-2024-00205,0
PAIR-100056,document,crm,PRJ-2024-00461,PRJ-2024-00265,PRJ-2024-00461,PRJ-2024-00265,0
PAIR-100057,crm,partner,PRJ-2024-00127,PRJ-2024-00116,PRJ-2024-00127,PRJ-2024-00116,0
PAIR-100058,erp,document,PRJ-2024-00011,PRJ-2024-00302,PRJ-2024-00011,PRJ-2024-00302,0
PAIR-100059,crm,document,PRJ-2024-00113,PRJ-2024-00004,PRJ-2024-00113,PRJ-2024-00004,0
PAIR-100060,erp,crm,PRJ-2024-00324,PRJ-2024-00031,PRJ-2024-00324,PRJ-2024-00031,0
PAIR-100061,partner,crm,PRJ-2024-00464,PRJ-2024-00017,PRJ-2024-00464,PRJ-2024-00017,0
PAIR-100062,partner,document,PRJ-2024-00264,PRJ-2024-00122,PRJ-2024-00264,PRJ-2024-00122,0
PAIR-100063,erp,document,PRJ-2024-00249,PRJ-2024-00110,PRJ-2024-00249,PRJ-2024-00110,0
PAIR-100064,document,crm,PRJ-2024-00479,PRJ-2024-00452,PRJ-2024-00479,PRJ-2024-00452,0
PAIR-100065,document,crm,PRJ-2024-00402,PRJ-2024-00243,PRJ-2024-00402,PRJ-2024-00243,0
PAIR-100066,document,erp,PRJ-2024-00049,PRJ-2024-00050,PRJ-2024-00049,PRJ-2024-00050,0
PAIR-100067,document,partner,PRJ-2024-00217,PRJ-2024-00211,PRJ-2024-00217,PRJ-2024-00211,0
PAIR-100068,crm,erp,PRJ-2024-00028,PRJ-2024-00345,PRJ-2024-00028,PRJ-2024-00345,0
PAIR-100069,partner,crm,PRJ-2024-00207,PRJ-2024-00373,PRJ-2024-00207,PRJ-2024-00373,0
PAIR-100070,erp,document,PRJ-2024-00128,PRJ-2024-00099,PRJ-2024-00128,PRJ-2024-00099,0
PAIR-100071,document,crm,PRJ-2024-00230,PRJ-2024-00072,PRJ-2024-00230,PRJ-2024-00072,0
PAIR-100072,erp,crm,PRJ-2024-00143,PRJ-2024-00237,PRJ-2024-00143,PRJ-2024-00237,0
PAIR-100073,crm,erp,PRJ-2024-00227,PRJ-2024-00414,PRJ-2024-00227,PRJ-2024-00414,0
PAIR-100074,crm,erp,PRJ-2024-00334,PRJ-2024-00277,PRJ-2024-00334,PRJ-2024-00277,0
PAIR-100075,erp,crm,PRJ-2024-00475,PRJ-2024-00386,PRJ-2024-00475,PRJ-2024-00386,0
PAIR-100076,document,crm,PRJ-2024-00209,PRJ-2024-00249,PRJ-2024-00209,PRJ-2024-00249,0
PAIR-100077,crm,erp,PRJ-2024-00443,PRJ-2024-00206,PRJ-2024-00443,PRJ-2024-00206,0
PAIR-100078,document,erp,PRJ-2024-00195,PRJ-2024-00002,PRJ-2024-00195,PRJ-2024-00002,0
PAIR-100079,document,erp,PRJ-2024-00475,PRJ-2024-00402,PRJ-2024-00475,PRJ-2024-00402,0
PAIR-100080,document,crm,PRJ-2024-00217,PRJ-2024-00357,PRJ-2024-00217,PRJ-2024-00357,0
PAIR-100081,erp,crm,PRJ-2024-00098,PRJ-2024-00152,PRJ-2024-00098,PRJ-2024-00152,0
PAIR-100082,crm,document,PRJ-2024-00297,PRJ-2024-00377,PRJ-2024-00297,PRJ-2024-00377,0
PAIR-100083,crm,document,PRJ-2024-00161,PRJ-2024-00030,PRJ-2024-00161,PRJ-2024-00030,0
PAIR-100084,erp,crm,PRJ-2024-00245,PRJ-2024-00258,PRJ-2024-00245,PRJ-2024-00258,0
PAIR-100085,crm,erp,PRJ-2024-00492,PRJ-2024-00261,PRJ-2024-00492,PRJ-2024-00261,0
PAIR-100086,crm,document,PRJ-2024-00036,PRJ-2024-00305,PRJ-2024-00036,PRJ-2024-00305,0
PAIR-100087,document,crm,PRJ-2024-00442,PRJ-2024-00121,PRJ-2024-00442,PRJ-2024-00121,0
PAIR-100088,erp,document,PRJ-2024-00483,PRJ-2024-00456,PRJ-2024-00483,PRJ-2024-00456,0
PAIR-100089,crm,partner,PRJ-2024-00305,PRJ-2024-00021,PRJ-2024-00305,PRJ-2024-00021,0
PAIR-100090,partner,erp,PRJ-2024-00337,PRJ-2024-00299,PRJ-2024-00337,PRJ-2024-00299,0
PAIR-100091,partner,crm,PRJ-2024-00105,PRJ-2024-00343,PRJ-2024-00105,PRJ-2024-00343,0
PAIR-100092,erp,document,PRJ-2024-00136,PRJ-2024-00203,PRJ-2024-00136,PRJ-2024-00203,0
PAIR-100093,document,erp,PRJ-2024-00331,PRJ-2024-00154,PRJ-2024-00331,PRJ-2024-00154,0
PAIR-100094,crm,erp,PRJ-2024-00476,PRJ-2024-00385,PRJ-2024-00476,PRJ-2024-00385,0
PAIR-100095,crm,erp,PRJ-2024-00235,PRJ-2024-00319,PRJ-2024-00235,PRJ-2024-00319,0
PAIR-100096,partner,crm,PRJ-2024-00276,PRJ-2024-00110,PRJ-2024-00276,PRJ-2024-00110,0
PAIR-100097,crm,erp,PRJ-2024-00478,PRJ-2024-00179,PRJ-2024-00478,PRJ-2024-00179,0
PAIR-100098,erp,partner,PRJ-2024-00190,PRJ-2024-00146,PRJ-2024-00190,PRJ-2024-00146,0
PAIR-100099,partner,document,PRJ-2024-00427,PRJ-2024-00279,PRJ-2024-00427,PRJ-2024-00279,0
PAIR-100100,crm,document,PRJ-2024-00414,PRJ-2024-00335,PRJ-2024-00414,PRJ-2024-00335,0
PAIR-100101,partner,document,PRJ-2024-00419,PRJ-2024-00284,PRJ-2024-00419,PRJ-2024-00284,0
PAIR-100102,erp,partner,PRJ-2024-00054,PRJ-2024-00481,PRJ-2024-00054,PRJ-2024-00481,0
PAIR-100103,crm,document,PRJ-2024-00060,PRJ-2024-00456,PRJ-2024-00060,PRJ-2024-00456,0
PAIR-100104,partner,erp,PRJ-2024-00284,PRJ-2024-00080,PRJ-2024-00284,PRJ-2024-00080,0
PAIR-100105,partner,crm,PRJ-2024-00310,PRJ-2024-00108,PRJ-2024-00310,PRJ-2024-00108,0
PAIR-100106,partner,document,PRJ-2024-00352,PRJ-2024-00325,PRJ-2024-00352,PRJ-2024-00325,0
PAIR-100107,crm,erp,PRJ-2024-00251,PRJ-2024-00129,PRJ-2024-00251,PRJ-2024-00129,0
PAIR-100108,partner,crm,PRJ-2024-00325,PRJ-2024-00217,PRJ-2024-00325,PRJ-2024-00217,0
PAIR-100109,erp,document,PRJ-2024-00002,PRJ-2024-00171,PRJ-2024-00002,PRJ-2024-00171,0
PAIR-100110,document,partner,PRJ-2024-00135,PRJ-2024-00083,PRJ-2024-00135,PRJ-2024-00083,0
PAIR-100111,crm,erp,PRJ-2024-00362,PRJ-2024-00219,PRJ-2024-00362,PRJ-2024-00219,0
PAIR-100112,erp,document,PRJ-2024-00039,PRJ-2024-00484,PRJ-2024-00039,PRJ-2024-00484,0
PAIR-100113,partner,document,PRJ-2024-00019,PRJ-2024-00428,PRJ-2024-00019,PRJ-2024-00428,0
PAIR-100114,document,crm,PRJ-2024-00283,PRJ-2024-00076,PRJ-2024-00283,PRJ-2024-00076,0
PAIR-100115,partner,crm,PRJ-2024-00022,PRJ-2024-00158,PRJ-2024-00022,PRJ-2024-00158,0
PAIR-100116,erp,document,PRJ-2024-00461,PRJ-2024-00184,PRJ-2024-00461,PRJ-2024-00184,0
PAIR-100117,crm,partner,PRJ-2024-00128,PRJ-2024-00342,PRJ-2024-00128,PRJ-2024-00342,0
PAIR-100118,document,partner,PRJ-2024-00400,PRJ-2024-00287,PRJ-2024-00400,PRJ-2024-00287,0
PAIR-100119,erp,crm,PRJ-2024-00384,PRJ-2024-00080,PRJ-2024-00384,PRJ-2024-00080,0
PAIR-100120,erp,partner,PRJ-2024-00500,PRJ-2024-00410,PRJ-2024-00500,PRJ-2024-00410,0
PAIR-100121,partner,erp,PRJ-2024-00013,PRJ-2024-00092,PRJ-2024-00013,PRJ-2024-00092,0
PAIR-100122,erp,partner,PRJ-2024-00411,PRJ-2024-00343,PRJ-2024-00411,PRJ-2024-00343,0
PAIR-100123,crm,partner,PRJ-2024-00082,PRJ-2024-00404,PRJ-2024-00082,PRJ-2024-00404,0
PAIR-100124,document,crm,PRJ-2024-00447,PRJ-2024-00020,PRJ-2024-00447,PRJ-2024-00020,0
PAIR-100125,document,erp,PRJ-2024-00103,PRJ-2024-00419,PRJ-2024-00103,PRJ-2024-00419,0
PAIR-100126,erp,crm,PRJ-2024-00157,PRJ-2024-00421,PRJ-2024-00157,PRJ-2024-00421,0
PAIR-100127,erp,partner,PRJ-2024-00013,PRJ-2024-00338,PRJ-2024-00013,PRJ-2024-00338,0
PAIR-100128,crm,partner,PRJ-2024-00169,PRJ-2024-00143,PRJ-2024-00169,PRJ-2024-00143,0
PAIR-100129,document,partner,PRJ-2024-00180,PRJ-2024-00329,PRJ-2024-00180,PRJ-2024-00329,0
PAIR-100130,partner,crm,PRJ-2024-00432,PRJ-2024-00275,PRJ-2024-00432,PRJ-2024-00275,0
PAIR-100131,partner,crm,PRJ-2024-00060,PRJ-2024-00450,PRJ-2024-00060,PRJ-2024-00450,0
PAIR-100132,partner,crm,PRJ-2024-00298,PRJ-2024-00493,PRJ-2024-00298,PRJ-2024-00493,0
PAIR-100133,document,erp,PRJ-2024-00056,PRJ-2024-00306,PRJ-2024-00056,PRJ-2024-00306,0
PAIR-100134,partner,erp,PRJ-2024-00374,PRJ-2024-00403,PRJ-2024-00374,PRJ-2024-00403,0
PAIR-100135,crm,partner,PRJ-2024-00311,PRJ-2024-00262,PRJ-2024-00311,PRJ-2024-00262,0
PAIR-100136,erp,partner,PRJ-2024-00461,PRJ-2024-00296,PRJ-2024-00461,PRJ-2024-00296,0
PAIR-100137,document,crm,PRJ-2024-00023,PRJ-2024-00363,PRJ-2024-00023,PRJ-2024-00363,0
PAIR-100138,erp,partner,PRJ-2024-00267,PRJ-2024-00474,PRJ-2024-00267,PRJ-2024-00474,0
PAIR-100139,partner,document,PRJ-2024-00221,PRJ-2024-00036,PRJ-2024-00221,PRJ-2024-00036,0
PAIR-100140,crm,document,PRJ-2024-00161,PRJ-2024-00340,PRJ-2024-00161,PRJ-2024-00340,0
PAIR-100141,partner,document,PRJ-2024-00461,PRJ-2024-00154,PRJ-2024-00461,PRJ-2024-00154,0
PAIR-100142,document,partner,PRJ-2024-00210,PRJ-2024-00168,PRJ-2024-00210,PRJ-2024-00168,0
PAIR-100143,erp,crm,PRJ-2024-00152,PRJ-2024-00284,PRJ-2024-00152,PRJ-2024-00284,0
PAIR-100144,document,partner,PRJ-2024-00216,PRJ-2024-00341,PRJ-2024-00216,PRJ-2024-00341,0
PAIR-100145,erp,document,PRJ-2024-00384,PRJ-2024-00463,PRJ-2024-00384,PRJ-2024-00463,0
PAIR-100146,document,partner,PRJ-2024-00292,PRJ-2024-00155,PRJ-2024-00292,PRJ-2024-00155,0
PAIR-100147,partner,erp,PRJ-2024-00427,PRJ-2024-00001,PRJ-2024-00427,PRJ-2024-00001,0
PAIR-100148,partner,erp,PRJ-2024-00108,PRJ-2024-00221,PRJ-2024-00108,PRJ-2024-00221,0
PAIR-100149,erp,document,PRJ-2024-00227,PRJ-2024-00346,PRJ-2024-00227,PRJ-2024-00346,0
PAIR-100150,erp,document,PRJ-2024-00243,PRJ-2024-00407,PRJ-2024-00243,PRJ-2024-00407,0
PAIR-100151,partner,crm,PRJ-2024-00044,PRJ-2024-00146,PRJ-2024-00044,PRJ-2024-00146,0
PAIR-100152,erp,document,PRJ-2024-00420,PRJ-2024-00488,PRJ-2024-00420,PRJ-2024-00488,0
PAIR-100153,erp,crm,PRJ-2024-00159,PRJ-2024-00116,PRJ-2024-00159,PRJ-2024-00116,0
PAIR-100154,erp,partner,PRJ-2024-00013,PRJ-2024-00024,PRJ-2024-00013,PRJ-2024-00024,0
PAIR-100155,crm,partner,PRJ-2024-00313,PRJ-2024-00436,PRJ-2024-00313,PRJ-2024-00436,0
PAIR-100156,erp,document,PRJ-2024-00213,PRJ-2024-00454,PRJ-2024-00213,PRJ-2024-00454,0
PAIR-100157,document,erp,PRJ-2024-00357,PRJ-2024-00197,PRJ-2024-00357,PRJ-2024-00197,0
PAIR-100158,crm,erp,PRJ-2024-00125,PRJ-2024-00076,PRJ-2024-00125,PRJ-2024-00076,0
PAIR-100159,erp,crm,PRJ-2024-00399,PRJ-2024-00218,PRJ-2024-00399,PRJ-2024-00218,0
PAIR-100160,document,crm,PRJ-2024-00412,PRJ-2024-00491,PRJ-2024-00412,PRJ-2024-00491,0
PAIR-100161,crm,partner,PRJ-2024-00286,PRJ-2024-00128,PRJ-2024-00286,PRJ-2024-00128,0
PAIR-100162,document,partner,PRJ-2024-00069,PRJ-2024-00411,PRJ-2024-00069,PRJ-2024-00411,0
PAIR-100163,partner,erp,PRJ-2024-00272,PRJ-2024-00287,PRJ-2024-00272,PRJ-2024-00287,0
PAIR-100164,document,partner,PRJ-2024-00314,PRJ-2024-00418,PRJ-2024-00314,PRJ-2024-00418,0
PAIR-100165,erp,document,PRJ-2024-00229,PRJ-2024-00460,PRJ-2024-00229,PRJ-2024-00460,0
PAIR-100166,document,erp,PRJ-2024-00442,PRJ-2024-00244,PRJ-2024-00442,PRJ-2024-00244,0
PAIR-100167,partner,document,PRJ-2024-00385,PRJ-2024-00127,PRJ-2024-00385,PRJ-2024-00127,0
PAIR-100168,erp,partner,PRJ-2024-00249,PRJ-2024-00321,PRJ-2024-00249,PRJ-2024-00321,0
PAIR-100169,partner,crm,PRJ-2024-00226,PRJ-2024-00040,PRJ-2024-00226,PRJ-2024-00040,0
PAIR-100170,partner,document,PRJ-2024-00140,PRJ-2024-00172,PRJ-2024-00140,PRJ-2024-00172,0
PAIR-100171,erp,crm,PRJ-2024-00042,PRJ-2024-00071,PRJ-2024-00042,PRJ-2024-00071,0
PAIR-100172,erp,document,PRJ-2024-00197,PRJ-2024-00356,PRJ-2024-00197,PRJ-2024-00356,0
PAIR-100173,document,erp,PRJ-2024-00110,PRJ-2024-00033,PRJ-2024-00110,PRJ-2024-00033,0
PAIR-100174,document,erp,PRJ-2024-00170,PRJ-2024-00278,PRJ-2024-00170,PRJ-2024-00278,0
PAIR-100175,document,erp,PRJ-2024-00032,PRJ-2024-00106,PRJ-2024-00032,PRJ-2024-00106,0
PAIR-100176,crm,document,PRJ-2024-00464,PRJ-2024-00395,PRJ-2024-00464,PRJ-2024-00395,0
PAIR-100177,crm,partner,PRJ-2024-00195,PRJ-2024-00245,PRJ-2024-00195,PRJ-2024-00245,0
PAIR-100178,document,erp,PRJ-2024-00153,PRJ-2024-00386,PRJ-2024-00153,PRJ-2024-00386,0
PAIR-100179,erp,partner,PRJ-2024-00276,PRJ-2024-00383,PRJ-2024-00276,PRJ-2024-00383,0
PAIR-100180,document,erp,PRJ-2024-00113,PRJ-2024-00140,PRJ-2024-00113,PRJ-2024-00140,0
PAIR-100181,partner,document,PRJ-2024-00015,PRJ-2024-00200,PRJ-2024-00015,PRJ-2024-00200,0
PAIR-100182,document,partner,PRJ-2024-00348,PRJ-2024-00409,PRJ-2024-00348,PRJ-2024-00409,0
PAIR-100183,document,crm,PRJ-2024-00085,PRJ-2024-00431,PRJ-2024-00085,PRJ-2024-00431,0
PAIR-100184,crm,partner,PRJ-2024-00319,PRJ-2024-00274,PRJ-2024-00319,PRJ-2024-00274,0
PAIR-100185,crm,erp,PRJ-2024-00304,PRJ-2024-00289,PRJ-2024-00304,PRJ-2024-00289,0
PAIR-100186,erp,partner,PRJ-2024-00330,PRJ-2024-00220,PRJ-2024-00330,PRJ-2024-00220,0
PAIR-100187,partner,erp,PRJ-2024-00094,PRJ-2024-00026,PRJ-2024-00094,PRJ-2024-00026,0
PAIR-100188,document,erp,PRJ-2024-00168,PRJ-2024-00109,PRJ-2024-00168,PRJ-2024-00109,0
PAIR-100189,document,erp,PRJ-2024-00173,PRJ-2024-00390,PRJ-2024-00173,PRJ-2024-00390,0
PAIR-100190,document,erp,PRJ-2024-00386,PRJ-2024-00488,PRJ-2024-00386,PRJ-2024-00488,0
PAIR-100191,document,crm,PRJ-2024-00428,PRJ-2024-00042,PRJ-2024-00428,PRJ-2024-00042,0
PAIR-100192,crm,partner,PRJ-2024-00384,PRJ-2024-00277,PRJ-2024-00384,PRJ-2024-00277,0
PAIR-100193,crm,document,PRJ-2024-00115,PRJ-2024-00333,PRJ-2024-00115,PRJ-2024-00333,0
PAIR-100194,crm,erp,PRJ-2024-00021,PRJ-2024-00387,PRJ-2024-00021,PRJ-2024-00387,0
PAIR-100195,crm,document,PRJ-2024-00103,PRJ-2024-00430,PRJ-2024-00103,PRJ-2024-00430,0
PAIR-100196,erp,partner,PRJ-2024-00079,PRJ-2024-00123,PRJ-2024-00079,PRJ-2024-00123,0
PAIR-100197,erp,partner,PRJ-2024-00343,PRJ-2024-00059,PRJ-2024-00343,PRJ-2024-00059,0
PAIR-100198,partner,crm,PRJ-2024-00359,PRJ-2024-00132,PRJ-2024-00359,PRJ-2024-00132,0
PAIR-100199,crm,erp,PRJ-2024-00311,PRJ-2024-00494,PRJ-2024-00311,PRJ-2024-00494,0
PAIR-100200,crm,document,PRJ-2024-00494,PRJ-2024-00160,PRJ-2024-00494,PRJ-2024-00160,0
PAIR-100201,partner,document,PRJ-2024-00014,PRJ-2024-00476,PRJ-2024-00014,PRJ-2024-00476,0
PAIR-100202,document,erp,PRJ-2024-00347,PRJ-2024-00465,PRJ-2024-00347,PRJ-2024-00465,0
PAIR-100203,erp,crm,PRJ-2024-00483,PRJ-2024-00367,PRJ-2024-00483,PRJ-2024-00367,0
PAIR-100204,erp,crm,PRJ-2024-00304,PRJ-2024-00354,PRJ-2024-00304,PRJ-2024-00354,0
PAIR-100205,partner,document,PRJ-2024-00357,PRJ-2024-00396,PRJ-2024-00357,PRJ-2024-00396,0
PAIR-100206,crm,document,PRJ-2024-00308,PRJ-2024-00413,PRJ-2024-00308,PRJ-2024-00413,0
PAIR-100207,partner,document,PRJ-2024-00401,PRJ-2024-00022,PRJ-2024-00401,PRJ-2024-00022,0
PAIR-100208,partner,crm,PRJ-2024-00220,PRJ-2024-00339,PRJ-2024-00220,PRJ-2024-00339,0
PAIR-100209,partner,crm,PRJ-2024-00260,PRJ-2024-00332,PRJ-2024-00260,PRJ-2024-00332,0
PAIR-100210,document,crm,PRJ-2024-00435,PRJ-2024-00216,PRJ-2024-00435,PRJ-2024-00216,0
PAIR-100211,partner,document,PRJ-2024-00222,PRJ-2024-00492,PRJ-2024-00222,PRJ-2024-00492,0
PAIR-100212,document,partner,PRJ-2024-00457,PRJ-2024-00425,PRJ-2024-00457,PRJ-2024-00425,0
PAIR-100213,erp,document,PRJ-2024-00079,PRJ-2024-00223,PRJ-2024-00079,PRJ-2024-00223,0
PAIR-100214,partner,document,PRJ-2024-00268,PRJ-2024-00495,PRJ-2024-00268,PRJ-2024-00495,0
PAIR-100215,document,erp,PRJ-2024-00414,PRJ-2024-00471,PRJ-2024-00414,PRJ-2024-00471,0
PAIR-100216,partner,erp,PRJ-2024-00224,PRJ-2024-00423,PRJ-2024-00224,PRJ-2024-00423,0
PAIR-100217,crm,partner,PRJ-2024-00437,PRJ-2024-00126,PRJ-2024-00437,PRJ-2024-00126,0
PAIR-100218,erp,partner,PRJ-2024-00452,PRJ-2024-00231,PRJ-2024-00452,PRJ-2024-00231,0
PAIR-100219,document,erp,PRJ-2024-00292,PRJ-2024-00313,PRJ-2024-00292,PRJ-2024-00313,0
PAIR-100220,partner,crm,PRJ-2024-00015,PRJ-2024-00254,PRJ-2024-00015,PRJ-2024-00254,0
PAIR-100221,partner,erp,PRJ-2024-00250,PRJ-2024-00109,PRJ-2024-00250,PRJ-2024-00109,0
PAIR-100222,partner,document,PRJ-2024-00175,PRJ-2024-00144,PRJ-2024-00175,PRJ-2024-00144,0
PAIR-100223,erp,crm,PRJ-2024-00006,PRJ-2024-00265,PRJ-2024-00006,PRJ-2024-00265,0
PAIR-100224,document,erp,PRJ-2024-00124,PRJ-2024-00369,PRJ-2024-00124,PRJ-2024-00369,0
PAIR-100225,erp,document,PRJ-2024-00285,PRJ-2024-00389,PRJ-2024-00285,PRJ-2024-00389,0
PAIR-100226,document,erp,PRJ-2024-00244,PRJ-2024-00331,PRJ-2024-00244,PRJ-2024-00331,0
PAIR-100227,crm,partner,PRJ-2024-00406,PRJ-2024-00009,PRJ-2024-00406,PRJ-2024-00009,0
PAIR-100228,erp,partner,PRJ-2024-00114,PRJ-2024-00208,PRJ-2024-00114,PRJ-2024-00208,0
PAIR-100229,partner,erp,PRJ-2024-00340,PRJ-2024-00298,PRJ-2024-00340,PRJ-2024-00298,0
PAIR-100230,partner,erp,PRJ-2024-00284,PRJ-2024-00272,PRJ-2024-00284,PRJ-2024-00272,0
PAIR-100231,partner,erp,PRJ-2024-00382,PRJ-2024-00282,PRJ-2024-00382,PRJ-2024-00282,0
PAIR-100232,partner,erp,PRJ-2024-00360,PRJ-2024-00233,PRJ-2024-00360,PRJ-2024-00233,0
PAIR-100233,crm,document,PRJ-2024-00129,PRJ-2024-00119,PRJ-2024-00129,PRJ-2024-00119,0
PAIR-100234,crm,document,PRJ-2024-00099,PRJ-2024-00162,PRJ-2024-00099,PRJ-2024-00162,0
PAIR-100235,erp,crm,PRJ-2024-00275,PRJ-2024-00487,PRJ-2024-00275,PRJ-2024-00487,0
PAIR-100236,document,erp,PRJ-2024-00111,PRJ-2024-00379,PRJ-2024-00111,PRJ-2024-00379,0
PAIR-100237,partner,crm,PRJ-2024-00371,PRJ-2024-00302,PRJ-2024-00371,PRJ-2024-00302,0
PAIR-100238,partner,crm,PRJ-2024-00427,PRJ-2024-00100,PRJ-2024-00427,PRJ-2024-00100,0
PAIR-100239,partner,crm,PRJ-2024-00185,PRJ-2024-00092,PRJ-2024-00185,PRJ-2024-00092,0
PAIR-100240,erp,partner,PRJ-2024-00363,PRJ-2024-00274,PRJ-2024-00363,PRJ-2024-00274,0
PAIR-100241,crm,document,PRJ-2024-00024,PRJ-2024-00499,PRJ-2024-00024,PRJ-2024-00499,0
PAIR-100242,erp,document,PRJ-2024-00150,PRJ-2024-00358,PRJ-2024-00150,PRJ-2024-00358,0
PAIR-100243,document,crm,PRJ-2024-00445,PRJ-2024-00386,PRJ-2024-00445,PRJ-2024-00386,0
PAIR-100244,partner,erp,PRJ-2024-00447,PRJ-2024-00007,PRJ-2024-00447,PRJ-2024-00007,0
PAIR-100245,partner,crm,PRJ-2024-00246,PRJ-2024-00226,PRJ-2024-00246,PRJ-2024-00226,0
PAIR-100246,partner,erp,PRJ-2024-00495,PRJ-2024-00027,PRJ-2024-00495,PRJ-2024-00027,0
PAIR-100247,crm,partner,PRJ-2024-00059,PRJ-2024-00421,PRJ-2024-00059,PRJ-2024-00421,0
PAIR-100248,crm,erp,PRJ-2024-00252,PRJ-2024-00038,PRJ-2024-00252,PRJ-2024-00038,0
PAIR-100249,partner,crm,PRJ-2024-00077,PRJ-2024-00416,PRJ-2024-00077,PRJ-2024-00416,0
PAIR-100250,document,partner,PRJ-2024-00128,PRJ-2024-00061,PRJ-2024-00128,PRJ-2024-00061,0
PAIR-100251,erp,document,PRJ-2024-00306,PRJ-2024-00405,PRJ-2024-00306,PRJ-2024-00405,0
PAIR-100252,document,erp,PRJ-2024-00195,PRJ-2024-00231,PRJ-2024-00195,PRJ-2024-00231,0
PAIR-100253,document,erp,PRJ-2024-00441,PRJ-2024-00302,PRJ-2024-00441,PRJ-2024-00302,0
PAIR-100254,crm,document,PRJ-2024-00292,PRJ-2024-00318,PRJ-2024-00292,PRJ-2024-00318,0
PAIR-100255,crm,erp,PRJ-2024-00492,PRJ-2024-00379,PRJ-2024-00492,PRJ-2024-00379,0
PAIR-100256,partner,document,PRJ-2024-00321,PRJ-2024-00109,PRJ-2024-00321,PRJ-2024-00109,0
PAIR-100257,erp,crm,PRJ-2024-00042,PRJ-2024-00081,PRJ-2024-00042,PRJ-2024-00081,0
PAIR-100258,erp,crm,PRJ-2024-00283,PRJ-2024-00039,PRJ-2024-00283,PRJ-2024-00039,0
PAIR-100259,document,erp,PRJ-2024-00210,PRJ-2024-00231,PRJ-2024-00210,PRJ-2024-00231,0
PAIR-100260,partner,document,PRJ-2024-00017,PRJ-2024-00119,PRJ-2024-00017,PRJ-2024-00119,0
PAIR-100261,document,crm,PRJ-2024-00145,PRJ-2024-00360,PRJ-2024-00145,PRJ-2024-00360,0
PAIR-100262,partner,document,PRJ-2024-00352,PRJ-2024-00120,PRJ-2024-00352,PRJ-2024-00120,0
PAIR-100263,erp,partner,PRJ-2024-00302,PRJ-2024-00339,PRJ-2024-00302,PRJ-2024-00339,0
PAIR-100264,erp,document,PRJ-2024-00059,PRJ-2024-00279,PRJ-2024-00059,PRJ-2024-00279,0
PAIR-100265,partner,crm,PRJ-2024-00077,PRJ-2024-00466,PRJ-2024-00077,PRJ-2024-00466,0
PAIR-100266,erp,partner,PRJ-2024-00037,PRJ-2024-00031,PRJ-2024-00037,PRJ-2024-00031,0
PAIR-100267,partner,erp,PRJ-2024-00305,PRJ-2024-00384,PRJ-2024-00305,PRJ-2024-00384,0
PAIR-100268,partner,document,PRJ-2024-00064,PRJ-2024-00240,PRJ-2024-00064,PRJ-2024-00240,0
PAIR-100269,partner,document,PRJ-2024-00207,PRJ-2024-00483,PRJ-2024-00207,PRJ-2024-00483,0
PAIR-100270,document,crm,PRJ-2024-00277,PRJ-2024-00253,PRJ-2024-00277,PRJ-2024-00253,0
PAIR-100271,document,partner,PRJ-2024-00307,PRJ-2024-00021,PRJ-2024-00307,PRJ-2024-00021,0
PAIR-100272,partner,crm,PRJ-2024-00166,PRJ-2024-00310,PRJ-2024-00166,PRJ-2024-00310,0
PAIR-100273,crm,document,PRJ-2024-00047,PRJ-2024-00118,PRJ-2024-00047,PRJ-2024-00118,0
PAIR-100274,crm,erp,PRJ-2024-00421,PRJ-2024-00138,PRJ-2024-00421,PRJ-2024-00138,0
PAIR-100275,document,erp,PRJ-2024-00241,PRJ-2024-00266,PRJ-2024-00241,PRJ-2024-00266,0
PAIR-100276,document,partner,PRJ-2024-00093,PRJ-2024-00300,PRJ-2024-00093,PRJ-2024-00300,0
PAIR-100277,crm,partner,PRJ-2024-00417,PRJ-2024-00252,PRJ-2024-00417,PRJ-2024-00252,0
PAIR-100278,partner,erp,PRJ-2024-00179,PRJ-2024-00210,PRJ-2024-00179,PRJ-2024-00210,0
PAIR-100279,erp,partner,PRJ-2024-00344,PRJ-2024-00054,PRJ-2024-00344,PRJ-2024-00054,0
PAIR-100280,document,erp,PRJ-2024-00211,PRJ-2024-00356,PRJ-2024-00211,PRJ-2024-00356,0
PAIR-100281,document,partner,PRJ-2024-00340,PRJ-2024-00484,PRJ-2024-00340,PRJ-2024-00484,0
PAIR-100282,crm,partner,PRJ-2024-00019,PRJ-2024-00233,PRJ-2024-00019,PRJ-2024-00233,0
PAIR-100283,crm,partner,PRJ-2024-00130,PRJ-2024-00166,PRJ-2024-00130,PRJ-2024-00166,0
PAIR-100284,crm,document,PRJ-2024-00443,PRJ-2024-00264,PRJ-2024-00443,PRJ-2024-00264,0
PAIR-100285,document,erp,PRJ-2024-00446,PRJ-2024-00278,PRJ-2024-00446,PRJ-2024-00278,0
PAIR-100286,partner,document,PRJ-2024-00028,PRJ-2024-00097,PRJ-2024-00028,PRJ-2024-00097,0
PAIR-100287,document,crm,PRJ-2024-00388,PRJ-2024-00256,PRJ-2024-00388,PRJ-2024-00256,0
PAIR-100288,erp,partner,PRJ-2024-00105,PRJ-2024-00137,PRJ-2024-00105,PRJ-2024-00137,0
PAIR-100289,document,crm,PRJ-2024-00225,PRJ-2024-00451,PRJ-2024-00225,PRJ-2024-00451,0
PAIR-100290,erp,document,PRJ-2024-00015,PRJ-2024-00499,PRJ-2024-00015,PRJ-2024-00499,0
PAIR-100291,crm,document,PRJ-2024-00082,PRJ-2024-00160,PRJ-2024-00082,PRJ-2024-00160,0
PAIR-100292,erp,crm,PRJ-2024-00209,PRJ-2024-00048,PRJ-2024-00209,PRJ-2024-00048,0
PAIR-100293,crm,document,PRJ-2024-00237,PRJ-2024-00485,PRJ-2024-00237,PRJ-2024-00485,0
PAIR-100294,document,partner,PRJ-2024-00427,PRJ-2024-00079,PRJ-2024-00427,PRJ-2024-00079,0
PAIR-100295,partner,erp,PRJ-2024-00150,PRJ-2024-00261,PRJ-2024-00150,PRJ-2024-00261,0
PAIR-100296,document,crm,PRJ-2024-00428,PRJ-2024-00248,PRJ-2024-00428,PRJ-2024-00248,0
PAIR-100297,erp,partner,PRJ-2024-00234,PRJ-2024-00283,PRJ-2024-00234,PRJ-2024-00283,0
PAIR-100298,erp,crm,PRJ-2024-00098,PRJ-2024-00472,PRJ-2024-00098,PRJ-2024-00472,0
PAIR-100299,document,erp,PRJ-2024-00142,PRJ-2024-00396,PRJ-2024-00142,PRJ-2024-00396,0
PAIR-100300,partner,crm,PRJ-2024-00479,PRJ-2024-00404,PRJ-2024-00479,PRJ-2024-00404,0
PAIR-100301,partner,document,PRJ-2024-00145,PRJ-2024-00372,PRJ-2024-00145,PRJ-2024-00372,0
PAIR-100302,document,crm,PRJ-2024-00297,PRJ-2024-00338,PRJ-2024-00297,PRJ-2024-00338,0
PAIR-100303,document,erp,PRJ-2024-00229,PRJ-2024-00276,PRJ-2024-00229,PRJ-2024-00276,0
PAIR-100304,document,erp,PRJ-2024-00171,PRJ-2024-00283,PRJ-2024-00171,PRJ-2024-00283,0
PAIR-100305,erp,document,PRJ-2024-00478,PRJ-2024-00165,PRJ-2024-00478,PRJ-2024-00165,0
PAIR-100306,document,crm,PRJ-2024-00123,PRJ-2024-00293,PRJ-2024-00123,PRJ-2024-00293,0
PAIR-100307,document,crm,PRJ-2024-00439,PRJ-2024-00398,PRJ-2024-00439,PRJ-2024-00398,0
PAIR-100308,document,partner,PRJ-2024-00163,PRJ-2024-00382,PRJ-2024-00163,PRJ-2024-00382,0
PAIR-100309,document,erp,PRJ-2024-00468,PRJ-2024-00416,PRJ-2024-00468,PRJ-2024-00416,0
PAIR-100310,erp,partner,PRJ-2024-00340,PRJ-2024-00406,PRJ-2024-00340,PRJ-2024-00406,0
PAIR-100311,erp,document,PRJ-2024-00494,PRJ-2024-00019,PRJ-2024-00494,PRJ-2024-00019,0
PAIR-100312,partner,crm,PRJ-2024-00495,PRJ-2024-00303,PRJ-2024-00495,PRJ-2024-00303,0
PAIR-100313,document,crm,PRJ-2024-00448,PRJ-2024-00433,PRJ-2024-00448,PRJ-2024-00433,0
PAIR-100314,document,crm,PRJ-2024-00270,PRJ-2024-00467,PRJ-2024-00270,PRJ-2024-00467,0
PAIR-100315,document,partner,PRJ-2024-00370,PRJ-2024-00074,PRJ-2024-00370,PRJ-2024-00074,0
PAIR-100316,crm,partner,PRJ-2024-00497,PRJ-2024-00080,PRJ-2024-00497,PRJ-2024-00080,0
PAIR-100317,partner,erp,PRJ-2024-00401,PRJ-2024-00497,PRJ-2024-00401,PRJ-2024-00497,0
PAIR-100318,document,partner,PRJ-2024-00320,PRJ-2024-00355,PRJ-2024-00320,PRJ-2024-00355,0
PAIR-100319,partner,document,PRJ-2024-00042,PRJ-2024-00437,PRJ-2024-00042,PRJ-2024-00437,0
PAIR-100320,document,erp,PRJ-2024-00440,PRJ-2024-00274,PRJ-2024-00440,PRJ-2024-00274,0
PAIR-100321,document,partner,PRJ-2024-00321,PRJ-2024-00368,PRJ-2024-00321,PRJ-2024-00368,0
PAIR-100322,crm,erp,PRJ-2024-00019,PRJ-2024-00317,PRJ-2024-00019,PRJ-2024-00317,0
PAIR-100323,partner,crm,PRJ-2024-00324,PRJ-2024-00351,PRJ-2024-00324,PRJ-2024-00351,0
PAIR-100324,document,crm,PRJ-2024-00383,PRJ-2024-00047,PRJ-2024-00383,PRJ-2024-00047,0
PAIR-100325,crm,partner,PRJ-2024-00390,PRJ-2024-00325,PRJ-2024-00390,PRJ-2024-00325,0
PAIR-100326,partner,crm,PRJ-2024-00086,PRJ-2024-00356,PRJ-2024-00086,PRJ-2024-00356,0
PAIR-100327,crm,partner,PRJ-2024-00024,PRJ-2024-00167,PRJ-2024-00024,PRJ-2024-00167,0
PAIR-100328,document,crm,PRJ-2024-00184,PRJ-2024-00192,PRJ-2024-00184,PRJ-2024-00192,0
PAIR-100329,document,partner,PRJ-2024-00126,PRJ-2024-00272,PRJ-2024-00126,PRJ-2024-00272,0
PAIR-100330,erp,crm,PRJ-2024-00350,PRJ-2024-00406,PRJ-2024-00350,PRJ-2024-00406,0
PAIR-100331,document,partner,PRJ-2024-00090,PRJ-2024-00041,PRJ-2024-00090,PRJ-2024-00041,0
PAIR-100332,document,partner,PRJ-2024-00350,PRJ-2024-00124,PRJ-2024-00350,PRJ-2024-00124,0
PAIR-100333,document,partner,PRJ-2024-00074,PRJ-2024-00119,PRJ-2024-00074,PRJ-2024-00119,0
PAIR-100334,partner,document,PRJ-2024-00131,PRJ-2024-00236,PRJ-2024-00131,PRJ-2024-00236,0
PAIR-100335,document,erp,PRJ-2024-00005,PRJ-2024-00461,PRJ-2024-00005,PRJ-2024-00461,0
PAIR-100336,erp,crm,PRJ-2024-00347,PRJ-2024-00280,PRJ-2024-00347,PRJ-2024-00280,0
PAIR-100337,partner,document,PRJ-2024-00227,PRJ-2024-00484,PRJ-2024-00227,PRJ-2024-00484,0
PAIR-100338,document,partner,PRJ-2024-00154,PRJ-2024-00328,PRJ-2024-00154,PRJ-2024-00328,0
PAIR-100339,partner,crm,PRJ-2024-00129,PRJ-2024-00234,PRJ-2024-00129,PRJ-2024-00234,0
PAIR-100340,document,crm,PRJ-2024-00197,PRJ-2024-00437,PRJ-2024-00197,PRJ-2024-00437,0
PAIR-100341,partner,document,PRJ-2024-00122,PRJ-2024-00196,PRJ-2024-00122,PRJ-2024-00196,0
PAIR-100342,partner,crm,PRJ-2024-00152,PRJ-2024-00359,PRJ-2024-00152,PRJ-2024-00359,0
PAIR-100343,document,erp,PRJ-2024-00425,PRJ-2024-00338,PRJ-2024-00425,PRJ-2024-00338,0
PAIR-100344,crm,document,PRJ-2024-00005,PRJ-2024-00290,PRJ-2024-00005,PRJ-2024-00290,0
PAIR-100345,partner,crm,PRJ-2024-00382,PRJ-2024-00255,PRJ-2024-00382,PRJ-2024-00255,0
PAIR-100346,partner,crm,PRJ-2024-00311,PRJ-2024-00411,PRJ-2024-00311,PRJ-2024-00411,0
PAIR-100347,partner,document,PRJ-2024-00326,PRJ-2024-00098,PRJ-2024-00326,PRJ-2024-00098,0
PAIR-100348,erp,document,PRJ-2024-00387,PRJ-2024-00370,PRJ-2024-00387,PRJ-2024-00370,0
PAIR-100349,crm,partner,PRJ-2024-00050,PRJ-2024-00463,PRJ-2024-00050,PRJ-2024-00463,0
PAIR-100350,crm,document,PRJ-2024-00404,PRJ-2024-00226,PRJ-2024-00404,PRJ-2024-00226,0
PAIR-100351,erp,crm,PRJ-2024-00187,PRJ-2024-00375,PRJ-2024-00187,PRJ-2024-00375,0
PAIR-100352,partner,document,PRJ-2024-00466,PRJ-2024-00152,PRJ-2024-00466,PRJ-2024-00152,0
PAIR-100353,erp,crm,PRJ-2024-00213,PRJ-2024-00090,PRJ-2024-00213,PRJ-2024-00090,0
PAIR-100354,partner,document,PRJ-2024-00403,PRJ-2024-00277,PRJ-2024-00403,PRJ-2024-00277,0
PAIR-100355,partner,crm,PRJ-2024-00257,PRJ-2024-00468,PRJ-2024-00257,PRJ-2024-00468,0
PAIR-100356,document,erp,PRJ-2024-00132,PRJ-2024-00468,PRJ-2024-00132,PRJ-2024-00468,0
PAIR-100357,partner,crm,PRJ-2024-00383,PRJ-2024-00446,PRJ-2024-00383,PRJ-2024-00446,0
PAIR-100358,crm,erp,PRJ-2024-00240,PRJ-2024-00494,PRJ-2024-00240,PRJ-2024-00494,0
PAIR-100359,erp,document,PRJ-2024-00387,PRJ-2024-00495,PRJ-2024-00387,PRJ-2024-00495,0
PAIR-100360,document,partner,PRJ-2024-00371,PRJ-2024-00346,PRJ-2024-00371,PRJ-2024-00346,0
PAIR-100361,document,crm,PRJ-2024-00188,PRJ-2024-00047,PRJ-2024-00188,PRJ-2024-00047,0
PAIR-100362,crm,partner,PRJ-2024-00136,PRJ-2024-00275,PRJ-2024-00136,PRJ-2024-00275,0
PAIR-100363,partner,document,PRJ-2024-00189,PRJ-2024-00345,PRJ-2024-00189,PRJ-2024-00345,0
PAIR-100364,partner,crm,PRJ-2024-00196,PRJ-2024-00422,PRJ-2024-00196,PRJ-2024-00422,0
PAIR-100365,document,crm,PRJ-2024-00346,PRJ-2024-00120,PRJ-2024-00346,PRJ-2024-00120,0
PAIR-100366,partner,document,PRJ-2024-00318,PRJ-2024-00453,PRJ-2024-00318,PRJ-2024-00453,0
PAIR-100367,crm,document,PRJ-2024-00114,PRJ-2024-00332,PRJ-2024-00114,PRJ-2024-00332,0
PAIR-100368,partner,document,PRJ-2024-00422,PRJ-2024-00238,PRJ-2024-00422,PRJ-2024-00238,0
PAIR-100369,erp,crm,PRJ-2024-00210,PRJ-2024-00060,PRJ-2024-00210,PRJ-2024-00060,0
PAIR-100370,partner,erp,PRJ-2024-00485,PRJ-2024-00020,PRJ-2024-00485,PRJ-2024-00020,0
PAIR-100371,erp,document,PRJ-2024-00060,PRJ-2024-00050,PRJ-2024-00060,PRJ-2024-00050,0
PAIR-100372,document,erp,PRJ-2024-00070,PRJ-2024-00199,PRJ-2024-00070,PRJ-2024-00199,0
PAIR-100373,document,partner,PRJ-2024-00344,PRJ-2024-00487,PRJ-2024-00344,PRJ-2024-00487,0
PAIR-100374,erp,partner,PRJ-2024-00381,PRJ-2024-00373,PRJ-2024-00381,PRJ-2024-00373,0
PAIR-100375,document,partner,PRJ-2024-00336,PRJ-2024-00051,PRJ-2024-00336,PRJ-2024-00051,0
PAIR-100376,partner,crm,PRJ-2024-00209,PRJ-2024-00481,PRJ-2024-00209,PRJ-2024-00481,0
PAIR-100377,erp,partner,PRJ-2024-00228,PRJ-2024-00487,PRJ-2024-00228,PRJ-2024-00487,0
PAIR-100378,partner,document,PRJ-2024-00051,PRJ-2024-00352,PRJ-2024-00051,PRJ-2024-00352,0
PAIR-100379,partner,crm,PRJ-2024-00462,PRJ-2024-00331,PRJ-2024-00462,PRJ-2024-00331,0
PAIR-100380,erp,crm,PRJ-2024-00204,PRJ-2024-00142,PRJ-2024-00204,PRJ-2024-00142,0
PAIR-100381,document,crm,PRJ-2024-00486,PRJ-2024-00435,PRJ-2024-00486,PRJ-2024-00435,0
PAIR-100382,crm,erp,PRJ-2024-00340,PRJ-2024-00109,PRJ-2024-00340,PRJ-2024-00109,0
PAIR-100383,erp,crm,PRJ-2024-00403,PRJ-2024-00171,PRJ-2024-00403,PRJ-2024-00171,0
PAIR-100384,erp,crm,PRJ-2024-00403,PRJ-2024-00290,PRJ-2024-00403,PRJ-2024-00290,0
PAIR-100385,erp,document,PRJ-2024-00425,PRJ-2024-00392,PRJ-2024-00425,PRJ-2024-00392,0
PAIR-100386,erp,partner,PRJ-2024-00111,PRJ-2024-00417,PRJ-2024-00111,PRJ-2024-00417,0
PAIR-100387,crm,partner,PRJ-2024-00397,PRJ-2024-00076,PRJ-2024-00397,PRJ-2024-00076,0
PAIR-100388,erp,document,PRJ-2024-00440,PRJ-2024-00075,PRJ-2024-00440,PRJ-2024-00075,0
PAIR-100389,erp,crm,PRJ-2024-00129,PRJ-2024-00409,PRJ-2024-00129,PRJ-2024-00409,0
PAIR-100390,crm,erp,PRJ-2024-00339,PRJ-2024-00444,PRJ-2024-00339,PRJ-2024-00444,0
PAIR-100391,erp,document,PRJ-2024-00008,PRJ-2024-00184,PRJ-2024-00008,PRJ-2024-00184,0
PAIR-100392,erp,partner,PRJ-2024-00166,PRJ-2024-00009,PRJ-2024-00166,PRJ-2024-00009,0
PAIR-100393,document,partner,PRJ-2024-00027,PRJ-2024-00065,PRJ-2024-00027,PRJ-2024-00065,0
PAIR-100394,crm,partner,PRJ-2024-00059,PRJ-2024-00382,PRJ-2024-00059,PRJ-2024-00382,0
PAIR-100395,partner,document,PRJ-2024-00230,PRJ-2024-00399,PRJ-2024-00230,PRJ-2024-00399,0
PAIR-100396,document,partner,PRJ-2024-00304,PRJ-2024-00056,PRJ-2024-00304,PRJ-2024-00056,0
PAIR-100397,crm,document,PRJ-2024-00114,PRJ-2024-00485,PRJ-2024-00114,PRJ-2024-00485,0
PAIR-100398,partner,erp,PRJ-2024-00402,PRJ-2024-00466,PRJ-2024-00402,PRJ-2024-00466,0
PAIR-100399,crm,erp,PRJ-2024-00330,PRJ-2024-00494,PRJ-2024-00330,PRJ-2024-00494,0
PAIR-100400,document,erp,PRJ-2024-00246,PRJ-2024-00434,PRJ-2024-00246,PRJ-2024-00434,0
PAIR-100401,document,partner,PRJ-2024-00352,PRJ-2024-00056,PRJ-2024-00352,PRJ-2024-00056,0
PAIR-100402,crm,erp,PRJ-2024-00466,PRJ-2024-00228,PRJ-2024-00466,PRJ-2024-00228,0
PAIR-100403,erp,crm,PRJ-2024-00165,PRJ-2024-00312,PRJ-2024-00165,PRJ-2024-00312,0
PAIR-100404,partner,erp,PRJ-2024-00065,PRJ-2024-00141,PRJ-2024-00065,PRJ-2024-00141,0
PAIR-100405,partner,erp,PRJ-2024-00306,PRJ-2024-00272,PRJ-2024-00306,PRJ-2024-00272,0
PAIR-100406,document,crm,PRJ-2024-00259,PRJ-2024-00310,PRJ-2024-00259,PRJ-2024-00310,0
PAIR-100407,crm,document,PRJ-2024-00407,PRJ-2024-00360,PRJ-2024-00407,PRJ-2024-00360,0
PAIR-100408,erp,partner,PRJ-2024-00334,PRJ-2024-00450,PRJ-2024-00334,PRJ-2024-00450,0
PAIR-100409,erp,partner,PRJ-2024-00232,PRJ-2024-00455,PRJ-2024-00232,PRJ-2024-00455,0
PAIR-100410,document,erp,PRJ-2024-00174,PRJ-2024-00424,PRJ-2024-00174,PRJ-2024-00424,0
PAIR-100411,crm,partner,PRJ-2024-00213,PRJ-2024-00374,PRJ-2024-00213,PRJ-2024-00374,0
PAIR-100412,partner,erp,PRJ-2024-00219,PRJ-2024-00161,PRJ-2024-00219,PRJ-2024-00161,0
PAIR-100413,document,crm,PRJ-2024-00489,PRJ-2024-00079,PRJ-2024-00489,PRJ-2024-00079,0
PAIR-100414,crm,erp,PRJ-2024-00047,PRJ-2024-00426,PRJ-2024-00047,PRJ-2024-00426,0
PAIR-100415,partner,crm,PRJ-2024-00222,PRJ-2024-00050,PRJ-2024-00222,PRJ-2024-00050,0
PAIR-100416,partner,document,PRJ-2024-00285,PRJ-2024-00031,PRJ-2024-00285,PRJ-2024-00031,0
PAIR-100417,partner,document,PRJ-2024-00063,PRJ-2024-00211,PRJ-2024-00063,PRJ-2024-00211,0
PAIR-100418,document,partner,PRJ-2024-00482,PRJ-2024-00385,PRJ-2024-00482,PRJ-2024-00385,0
PAIR-100419,partner,document,PRJ-2024-00027,PRJ-2024-00496,PRJ-2024-00027,PRJ-2024-00496,0
PAIR-100420,crm,document,PRJ-2024-00160,PRJ-2024-00181,PRJ-2024-00160,PRJ-2024-00181,0
PAIR-100421,erp,document,PRJ-2024-00260,PRJ-2024-00109,PRJ-2024-00260,PRJ-2024-00109,0
PAIR-100422,crm,partner,PRJ-2024-00247,PRJ-2024-00115,PRJ-2024-00247,PRJ-2024-00115,0
PAIR-100423,partner,crm,PRJ-2024-00433,PRJ-2024-00285,PRJ-2024-00433,PRJ-2024-00285,0
PAIR-100424,erp,partner,PRJ-2024-00391,PRJ-2024-00143,PRJ-2024-00391,PRJ-2024-00143,0
PAIR-100425,crm,document,PRJ-2024-00433,PRJ-2024-00288,PRJ-2024-00433,PRJ-2024-00288,0
PAIR-100426,partner,crm,PRJ-2024-00476,PRJ-2024-00337,PRJ-2024-00476,PRJ-2024-00337,0
PAIR-100427,partner,erp,PRJ-2024-00093,PRJ-2024-00140,PRJ-2024-00093,PRJ-2024-00140,0
PAIR-100428,erp,crm,PRJ-2024-00180,PRJ-2024-00004,PRJ-2024-00180,PRJ-2024-00004,0
PAIR-100429,document,crm,PRJ-2024-00290,PRJ-2024-00337,PRJ-2024-00290,PRJ-2024-00337,0
PAIR-100430,crm,erp,PRJ-2024-00073,PRJ-2024-00380,PRJ-2024-00073,PRJ-2024-00380,0
PAIR-100431,erp,partner,PRJ-2024-00383,PRJ-2024-00272,PRJ-2024-00383,PRJ-2024-00272,0
PAIR-100432,partner,crm,PRJ-2024-00215,PRJ-2024-00233,PRJ-2024-00215,PRJ-2024-00233,0
PAIR-100433,partner,document,PRJ-2024-00190,PRJ-2024-00160,PRJ-2024-00190,PRJ-2024-00160,0
PAIR-100434,crm,erp,PRJ-2024-00306,PRJ-2024-00044,PRJ-2024-00306,PRJ-2024-00044,0
PAIR-100435,crm,document,PRJ-2024-00081,PRJ-2024-00387,PRJ-2024-00081,PRJ-2024-00387,0
PAIR-100436,document,erp,PRJ-2024-00218,PRJ-2024-00249,PRJ-2024-00218,PRJ-2024-00249,0
PAIR-100437,crm,partner,PRJ-2024-00140,PRJ-2024-00111,PRJ-2024-00140,PRJ-2024-00111,0
PAIR-100438,partner,document,PRJ-2024-00221,PRJ-2024-00057,PRJ-2024-00221,PRJ-2024-00057,0
PAIR-100439,document,partner,PRJ-2024-00348,PRJ-2024-00304,PRJ-2024-00348,PRJ-2024-00304,0
PAIR-100440,crm,erp,PRJ-2024-00342,PRJ-2024-00158,PRJ-2024-00342,PRJ-2024-00158,0
PAIR-100441,crm,erp,PRJ-2024-00203,PRJ-2024-00307,PRJ-2024-00203,PRJ-2024-00307,0
PAIR-100442,erp,crm,PRJ-2024-00105,PRJ-2024-00155,PRJ-2024-00105,PRJ-2024-00155,0
PAIR-100443,partner,erp,PRJ-2024-00392,PRJ-2024-00131,PRJ-2024-00392,PRJ-2024-00131,0
PAIR-100444,document,partner,PRJ-2024-00062,PRJ-2024-00004,PRJ-2024-00062,PRJ-2024-00004,0
PAIR-100445,erp,partner,PRJ-2024-00221,PRJ-2024-00090,PRJ-2024-00221,PRJ-2024-00090,0
PAIR-100446,erp,document,PRJ-2024-00273,PRJ-2024-00361,PRJ-2024-00273,PRJ-2024-00361,0
PAIR-100447,partner,crm,PRJ-2024-00287,PRJ-2024-00427,PRJ-2024-00287,PRJ-2024-00427,0
PAIR-100448,crm,partner,PRJ-2024-00204,PRJ-2024-00442,PRJ-2024-00204,PRJ-2024-00442,0
PAIR-100449,crm,partner,PRJ-2024-00010,PRJ-2024-00236,PRJ-2024-00010,PRJ-2024-00236,0
PAIR-100450,document,partner,PRJ-2024-00295,PRJ-2024-00220,PRJ-2024-00295,PRJ-2024-00220,0
PAIR-100451,partner,crm,PRJ-2024-00328,PRJ-2024-00214,PRJ-2024-00328,PRJ-2024-00214,0
PAIR-100452,partner,crm,PRJ-2024-00208,PRJ-2024-00011,PRJ-2024-00208,PRJ-2024-00011,0
PAIR-100453,document,partner,PRJ-2024-00411,PRJ-2024-00486,PRJ-2024-00411,PRJ-2024-00486,0
PAIR-100454,crm,partner,PRJ-2024-00471,PRJ-2024-00186,PRJ-2024-00471,PRJ-2024-00186,0
PAIR-100455,erp,partner,PRJ-2024-00433,PRJ-2024-00055,PRJ-2024-00433,PRJ-2024-00055,0
PAIR-100456,crm,partner,PRJ-2024-00302,PRJ-2024-00206,PRJ-2024-00302,PRJ-2024-00206,0
PAIR-100457,partner,crm,PRJ-2024-00446,PRJ-2024-00159,PRJ-2024-00446,PRJ-2024-00159,0
PAIR-100458,erp,crm,PRJ-2024-00171,PRJ-2024-00399,PRJ-2024-00171,PRJ-2024-00399,0
PAIR-100459,crm,document,PRJ-2024-00262,PRJ-2024-00325,PRJ-2024-00262,PRJ-2024-00325,0
PAIR-100460,partner,erp,PRJ-2024-00262,PRJ-2024-00100,PRJ-2024-00262,PRJ-2024-00100,0
PAIR-100461,erp,crm,PRJ-2024-00373,PRJ-2024-00491,PRJ-2024-00373,PRJ-2024-00491,0
PAIR-100462,partner,crm,PRJ-2024-00053,PRJ-2024-00075,PRJ-2024-00053,PRJ-2024-00075,0
PAIR-100463,erp,document,PRJ-2024-00089,PRJ-2024-00309,PRJ-2024-00089,PRJ-2024-00309,0
PAIR-100464,document,erp,PRJ-2024-00039,PRJ-2024-00091,PRJ-2024-00039,PRJ-2024-00091,0
PAIR-100465,document,partner,PRJ-2024-00387,PRJ-2024-00289,PRJ-2024-00387,PRJ-2024-00289,0
PAIR-100466,partner,document,PRJ-2024-00474,PRJ-2024-00452,PRJ-2024-00474,PRJ-2024-00452,0
PAIR-100467,document,crm,PRJ-2024-00162,PRJ-2024-00078,PRJ-2024-00162,PRJ-2024-00078,0
PAIR-100468,partner,erp,PRJ-2024-00241,PRJ-2024-00227,PRJ-2024-00241,PRJ-2024-00227,0
PAIR-100469,partner,document,PRJ-2024-00303,PRJ-2024-00029,PRJ-2024-00303,PRJ-2024-00029,0
PAIR-100470,document,erp,PRJ-2024-00038,PRJ-2024-00159,PRJ-2024-00038,PRJ-2024-00159,0
PAIR-100471,partner,erp,PRJ-2024-00020,PRJ-2024-00030,PRJ-2024-00020,PRJ-2024-00030,0
PAIR-100472,crm,document,PRJ-2024-00040,PRJ-2024-00331,PRJ-2024-00040,PRJ-2024-00331,0
PAIR-100473,document,erp,PRJ-2024-00305,PRJ-2024-00260,PRJ-2024-00305,PRJ-2024-00260,0
PAIR-100474,crm,partner,PRJ-2024-00298,PRJ-2024-00284,PRJ-2024-00298,PRJ-2024-00284,0
PAIR-100475,erp,partner,PRJ-2024-00466,PRJ-2024-00415,PRJ-2024-00466,PRJ-2024-00415,0
PAIR-100476,erp,crm,PRJ-2024-00310,PRJ-2024-00244,PRJ-2024-00310,PRJ-2024-00244,0
PAIR-100477,partner,document,PRJ-2024-00231,PRJ-2024-00053,PRJ-2024-00231,PRJ-2024-00053,0
PAIR-100478,erp,crm,PRJ-2024-00044,PRJ-2024-00259,PRJ-2024-00044,PRJ-2024-00259,0
PAIR-100479,document,erp,PRJ-2024-00127,PRJ-2024-00363,PRJ-2024-00127,PRJ-2024-00363,0
PAIR-100480,erp,partner,PRJ-2024-00269,PRJ-2024-00268,PRJ-2024-00269,PRJ-2024-00268,0
PAIR-100481,partner,erp,PRJ-2024-00191,PRJ-2024-00470,PRJ-2024-00191,PRJ-2024-00470,0
PAIR-100482,partner,document,PRJ-2024-00210,PRJ-2024-00397,PRJ-2024-00210,PRJ-2024-00397,0
PAIR-100483,partner,crm,PRJ-2024-00307,PRJ-2024-00027,PRJ-2024-00307,PRJ-2024-00027,0
PAIR-100484,document,erp,PRJ-2024-00169,PRJ-2024-00049,PRJ-2024-00169,PRJ-2024-00049,0
PAIR-100485,erp,partner,PRJ-2024-00130,PRJ-2024-00371,PRJ-2024-00130,PRJ-2024-00371,0
PAIR-100486,erp,partner,PRJ-2024-00042,PRJ-2024-00299,PRJ-2024-00042,PRJ-2024-00299,0
PAIR-100487,document,crm,PRJ-2024-00159,PRJ-2024-00496,PRJ-2024-00159,PRJ-2024-00496,0
PAIR-100488,crm,partner,PRJ-2024-00305,PRJ-2024-00363,PRJ-2024-00305,PRJ-2024-00363,0
PAIR-100489,partner,crm,PRJ-2024-00287,PRJ-2024-00193,PRJ-2024-00287,PRJ-2024-00193,0
PAIR-100490,crm,document,PRJ-2024-00344,PRJ-2024-00360,PRJ-2024-00344,PRJ-2024-00360,0
PAIR-100491,partner,crm,PRJ-2024-00344,PRJ-2024-00217,PRJ-2024-00344,PRJ-2024-00217,0
PAIR-100492,erp,crm,PRJ-2024-00186,PRJ-2024-00159,PRJ-2024-00186,PRJ-2024-00159,0
PAIR-100493,document,crm,PRJ-2024-00175,PRJ-2024-00486,PRJ-2024-00175,PRJ-2024-00486,0
PAIR-100494,erp,crm,PRJ-2024-00116,PRJ-2024-00071,PRJ-2024-00116,PRJ-2024-00071,0
PAIR-100495,crm,document,PRJ-2024-00152,PRJ-2024-00433,PRJ-2024-00152,PRJ-2024-00433,0
PAIR-100496,crm,document,PRJ-2024-00395,PRJ-2024-00277,PRJ-2024-00395,PRJ-2024-00277,0
PAIR-100497,erp,document,PRJ-2024-00173,PRJ-2024-00449,PRJ-2024-00173,PRJ-2024-00449,0
PAIR-100498,erp,crm,PRJ-2024-00193,PRJ-2024-00079,PRJ-2024-00193,PRJ-2024-00079,0
PAIR-100499,erp,document,PRJ-2024-00426,PRJ-2024-00355,PRJ-2024-00426,PRJ-2024-00355,0
PAIR-100500,document,erp,PRJ-2024-00225,PRJ-2024-00023,PRJ-2024-00225,PRJ-2024-00023,0
PAIR-100501,erp,partner,PRJ-2024-00347,PRJ-2024-00369,PRJ-2024-00347,PRJ-2024-00369,0
PAIR-100502,document,crm,PRJ-2024-00313,PRJ-2024-00146,PRJ-2024-00313,PRJ-2024-00146,0
PAIR-100503,partner,erp,PRJ-2024-00274,PRJ-2024-00123,PRJ-2024-00274,PRJ-2024-00123,0
PAIR-100504,erp,partner,PRJ-2024-00463,PRJ-2024-00428,PRJ-2024-00463,PRJ-2024-00428,0
PAIR-100505,document,erp,PRJ-2024-00348,PRJ-2024-00485,PRJ-2024-00348,PRJ-2024-00485,0
PAIR-100506,document,partner,PRJ-2024-00394,PRJ-2024-00145,PRJ-2024-00394,PRJ-2024-00145,0
PAIR-100507,erp,crm,PRJ-2024-00271,PRJ-2024-00215,PRJ-2024-00271,PRJ-2024-00215,0
PAIR-100508,erp,partner,PRJ-2024-00411,PRJ-2024-00310,PRJ-2024-00411,PRJ-2024-00310,0
PAIR-100509,document,erp,PRJ-2024-00027,PRJ-2024-00329,PRJ-2024-00027,PRJ-2024-00329,0
PAIR-100510,crm,document,PRJ-2024-00284,PRJ-2024-00479,PRJ-2024-00284,PRJ-2024-00479,0
PAIR-100511,crm,partner,PRJ-2024-00434,PRJ-2024-00265,PRJ-2024-00434,PRJ-2024-00265,0
PAIR-100512,erp,partner,PRJ-2024-00043,PRJ-2024-00391,PRJ-2024-00043,PRJ-2024-00391,0
PAIR-100513,erp,partner,PRJ-2024-00231,PRJ-2024-00464,PRJ-2024-00231,PRJ-2024-00464,0
PAIR-100514,erp,partner,PRJ-2024-00047,PRJ-2024-00485,PRJ-2024-00047,PRJ-2024-00485,0
PAIR-100515,crm,partner,PRJ-2024-00453,PRJ-2024-00179,PRJ-2024-00453,PRJ-2024-00179,0
PAIR-100516,partner,crm,PRJ-2024-00028,PRJ-2024-00203,PRJ-2024-00028,PRJ-2024-00203,0
PAIR-100517,partner,crm,PRJ-2024-00198,PRJ-2024-00042,PRJ-2024-00198,PRJ-2024-00042,0
PAIR-100518,crm,document,PRJ-2024-00015,PRJ-2024-00164,PRJ-2024-00015,PRJ-2024-00164,0
PAIR-100519,erp,crm,PRJ-2024-00333,PRJ-2024-00172,PRJ-2024-00333,PRJ-2024-00172,0
PAIR-100520,document,partner,PRJ-2024-00020,PRJ-2024-00147,PRJ-2024-00020,PRJ-2024-00147,0
PAIR-100521,document,erp,PRJ-2024-00426,PRJ-2024-00072,PRJ-2024-00426,PRJ-2024-00072,0
PAIR-100522,crm,erp,PRJ-2024-00316,PRJ-2024-00003,PRJ-2024-00316,PRJ-2024-00003,0
PAIR-100523,erp,document,PRJ-2024-00132,PRJ-2024-00111,PRJ-2024-00132,PRJ-2024-00111,0
PAIR-100524,document,crm,PRJ-2024-00482,PRJ-2024-00373,PRJ-2024-00482,PRJ-2024-00373,0
PAIR-100525,erp,partner,PRJ-2024-00398,PRJ-2024-00148,PRJ-2024-00398,PRJ-2024-00148,0
PAIR-100526,erp,partner,PRJ-2024-00063,PRJ-2024-00025,PRJ-2024-00063,PRJ-2024-00025,0
PAIR-100527,document,crm,PRJ-2024-00328,PRJ-2024-00407,PRJ-2024-00328,PRJ-2024-00407,0
PAIR-100528,document,partner,PRJ-2024-00057,PRJ-2024-00429,PRJ-2024-00057,PRJ-2024-00429,0
PAIR-100529,erp,document,PRJ-2024-00275,PRJ-2024-00009,PRJ-2024-00275,PRJ-2024-00009,0
PAIR-100530,document,crm,PRJ-2024-00074,PRJ-2024-00150,PRJ-2024-00074,PRJ-2024-00150,0
PAIR-100531,erp,document,PRJ-2024-00315,PRJ-2024-00181,PRJ-2024-00315,PRJ-2024-00181,0
PAIR-100532,crm,document,PRJ-2024-00214,PRJ-2024-00096,PRJ-2024-00214,PRJ-2024-00096,0
PAIR-100533,crm,document,PRJ-2024-00500,PRJ-2024-00185,PRJ-2024-00500,PRJ-2024-00185,0
PAIR-100534,crm,partner,PRJ-2024-00279,PRJ-2024-00260,PRJ-2024-00279,PRJ-2024-00260,0
PAIR-100535,crm,document,PRJ-2024-00448,PRJ-2024-00241,PRJ-2024-00448,PRJ-2024-00241,0
PAIR-100536,partner,document,PRJ-2024-00199,PRJ-2024-00192,PRJ-2024-00199,PRJ-2024-00192,0
PAIR-100537,crm,partner,PRJ-2024-00009,PRJ-2024-00183,PRJ-2024-00009,PRJ-2024-00183,0
PAIR-100538,crm,document,PRJ-2024-00124,PRJ-2024-00376,PRJ-2024-00124,PRJ-2024-00376,0
PAIR-100539,partner,crm,PRJ-2024-00377,PRJ-2024-00388,PRJ-2024-00377,PRJ-2024-00388,0
PAIR-100540,partner,document,PRJ-2024-00023,PRJ-2024-00181,PRJ-2024-00023,PRJ-2024-00181,0
PAIR-100541,document,partner,PRJ-2024-00090,PRJ-2024-00426,PRJ-2024-00090,PRJ-2024-00426,0
PAIR-100542,erp,crm,PRJ-2024-00246,PRJ-2024-00324,PRJ-2024-00246,PRJ-2024-00324,0
PAIR-100543,document,crm,PRJ-2024-00033,PRJ-2024-00367,PRJ-2024-00033,PRJ-2024-00367,0
PAIR-100544,crm,erp,PRJ-2024-00151,PRJ-2024-00104,PRJ-2024-00151,PRJ-2024-00104,0
PAIR-100545,partner,erp,PRJ-2024-00454,PRJ-2024-00022,PRJ-2024-00454,PRJ-2024-00022,0
PAIR-100546,document,erp,PRJ-2024-00264,PRJ-2024-00204,PRJ-2024-00264,PRJ-2024-00204,0
PAIR-100547,erp,partner,PRJ-2024-00019,PRJ-2024-00386,PRJ-2024-00019,PRJ-2024-00386,0
PAIR-100548,crm,document,PRJ-2024-00183,PRJ-2024-00442,PRJ-2024-00183,PRJ-2024-00442,0
PAIR-100549,crm,partner,PRJ-2024-00170,PRJ-2024-00140,PRJ-2024-00170,PRJ-2024-00140,0
PAIR-100550,document,partner,PRJ-2024-00224,PRJ-2024-00456,PRJ-2024-00224,PRJ-2024-00456,0
PAIR-100551,document,erp,PRJ-2024-00226,PRJ-2024-00459,PRJ-2024-00226,PRJ-2024-00459,0
PAIR-100552,document,partner,PRJ-2024-00499,PRJ-2024-00096,PRJ-2024-00499,PRJ-2024-00096,0
PAIR-100553,partner,crm,PRJ-2024-00255,PRJ-2024-00189,PRJ-2024-00255,PRJ-2024-00189,0
PAIR-100554,crm,partner,PRJ-2024-00373,PRJ-2024-00218,PRJ-2024-00373,PRJ-2024-00218,0
PAIR-100555,erp,document,PRJ-2024-00309,PRJ-2024-00422,PRJ-2024-00309,PRJ-2024-00422,0
PAIR-100556,crm,erp,PRJ-2024-00151,PRJ-2024-00165,PRJ-2024-00151,PRJ-2024-00165,0
PAIR-100557,partner,erp,PRJ-2024-00168,PRJ-2024-00339,PRJ-2024-00168,PRJ-2024-00339,0
PAIR-100558,document,crm,PRJ-2024-00229,PRJ-2024-00309,PRJ-2024-00229,PRJ-2024-00309,0
PAIR-100559,partner,erp,PRJ-2024-00354,PRJ-2024-00228,PRJ-2024-00354,PRJ-2024-00228,0
PAIR-100560,partner,document,PRJ-2024-00022,PRJ-2024-00373,PRJ-2024-00022,PRJ-2024-00373,0
PAIR-100561,crm,erp,PRJ-2024-00223,PRJ-2024-00141,PRJ-2024-00223,PRJ-2024-00141,0
PAIR-100562,document,erp,PRJ-2024-00344,PRJ-2024-00327,PRJ-2024-00344,PRJ-2024-00327,0
PAIR-100563,erp,crm,PRJ-2024-00263,PRJ-2024-00411,PRJ-2024-00263,PRJ-2024-00411,0
PAIR-100564,document,crm,PRJ-2024-00074,PRJ-2024-00435,PRJ-2024-00074,PRJ-2024-00435,0
PAIR-100565,erp,document,PRJ-2024-00065,PRJ-2024-00035,PRJ-2024-00065,PRJ-2024-00035,0
PAIR-100566,document,partner,PRJ-2024-00188,PRJ-2024-00186,PRJ-2024-00188,PRJ-2024-00186,0
PAIR-100567,erp,document,PRJ-2024-00017,PRJ-2024-00310,PRJ-2024-00017,PRJ-2024-00310,0
PAIR-100568,partner,erp,PRJ-2024-00231,PRJ-2024-00486,PRJ-2024-00231,PRJ-2024-00486,0
PAIR-100569,crm,document,PRJ-2024-00228,PRJ-2024-00391,PRJ-2024-00228,PRJ-2024-00391,0
PAIR-100570,partner,erp,PRJ-2024-00071,PRJ-2024-00272,PRJ-2024-00071,PRJ-2024-00272,0
PAIR-100571,partner,crm,PRJ-2024-00161,PRJ-2024-00333,PRJ-2024-00161,PRJ-2024-00333,0
PAIR-100572,crm,document,PRJ-2024-00492,PRJ-2024-00059,PRJ-2024-00492,PRJ-2024-00059,0
PAIR-100573,document,partner,PRJ-2024-00096,PRJ-2024-00256,PRJ-2024-00096,PRJ-2024-00256,0
PAIR-100574,partner,document,PRJ-2024-00061,PRJ-2024-00135,PRJ-2024-00061,PRJ-2024-00135,0
PAIR-100575,partner,document,PRJ-2024-00229,PRJ-2024-00110,PRJ-2024-00229,PRJ-2024-00110,0
PAIR-100576,erp,crm,PRJ-2024-00470,PRJ-2024-00252,PRJ-2024-00470,PRJ-2024-00252,0
PAIR-100577,crm,partner,PRJ-2024-00070,PRJ-2024-00437,PRJ-2024-00070,PRJ-2024-00437,0
PAIR-100578,document,crm,PRJ-2024-00089,PRJ-2024-00461,PRJ-2024-00089,PRJ-2024-00461,0
PAIR-100579,partner,document,PRJ-2024-00415,PRJ-2024-00350,PRJ-2024-00415,PRJ-2024-00350,0
PAIR-100580,crm,document,PRJ-2024-00178,PRJ-2024-00364,PRJ-2024-00178,PRJ-2024-00364,0
PAIR-100581,partner,crm,PRJ-2024-00278,PRJ-2024-00149,PRJ-2024-00278,PRJ-2024-00149,0
PAIR-100582,erp,partner,PRJ-2024-00365,PRJ-2024-00364,PRJ-2024-00365,PRJ-2024-00364,0
PAIR-100583,crm,erp,PRJ-2024-00261,PRJ-2024-00115,PRJ-2024-00261,PRJ-2024-00115,0
PAIR-100584,erp,partner,PRJ-2024-00406,PRJ-2024-00072,PRJ-2024-00406,PRJ-2024-00072,0
PAIR-100585,partner,erp,PRJ-2024-00014,PRJ-2024-00185,PRJ-2024-00014,PRJ-2024-00185,0
PAIR-100586,erp,document,PRJ-2024-00412,PRJ-2024-00283,PRJ-2024-00412,PRJ-2024-00283,0
PAIR-100587,crm,partner,PRJ-2024-00453,PRJ-2024-00045,PRJ-2024-00453,PRJ-2024-00045,0
PAIR-100588,document,partner,PRJ-2024-00204,PRJ-2024-00368,PRJ-2024-00204,PRJ-2024-00368,0
PAIR-100589,document,partner,PRJ-2024-00211,PRJ-2024-00394,PRJ-2024-00211,PRJ-2024-00394,0
PAIR-100590,partner,document,PRJ-2024-00038,PRJ-2024-00065,PRJ-2024-00038,PRJ-2024-00065,0
PAIR-100591,document,partner,PRJ-2024-00038,PRJ-2024-00231,PRJ-2024-00038,PRJ-2024-00231,0
PAIR-100592,erp,document,PRJ-2024-00265,PRJ-2024-00177,PRJ-2024-00265,PRJ-2024-00177,0
PAIR-100593,erp,crm,PRJ-2024-00328,PRJ-2024-00301,PRJ-2024-00328,PRJ-2024-00301,0
PAIR-100594,crm,erp,PRJ-2024-00222,PRJ-2024-00258,PRJ-2024-00222,PRJ-2024-00258,0
PAIR-100595,partner,crm,PRJ-2024-00266,PRJ-2024-00079,PRJ-2024-00266,PRJ-2024-00079,0
PAIR-100596,erp,partner,PRJ-2024-00083,PRJ-2024-00166,PRJ-2024-00083,PRJ-2024-00166,0
PAIR-100597,partner,crm,PRJ-2024-00486,PRJ-2024-00482,PRJ-2024-00486,PRJ-2024-00482,0
PAIR-100598,partner,crm,PRJ-2024-00129,PRJ-2024-00101,PRJ-2024-00129,PRJ-2024-00101,0
PAIR-100599,crm,document,PRJ-2024-00321,PRJ-2024-00156,PRJ-2024-00321,PRJ-2024-00156,0
PAIR-100600,erp,crm,PRJ-2024-00329,PRJ-2024-00087,PRJ-2024-00329,PRJ-2024-00087,0
PAIR-100601,partner,document,PRJ-2024-00338,PRJ-2024-00320,PRJ-2024-00338,PRJ-2024-00320,0
PAIR-100602,crm,erp,PRJ-2024-00022,PRJ-2024-00423,PRJ-2024-00022,PRJ-2024-00423,0
PAIR-100603,partner,document,PRJ-2024-00024,PRJ-2024-00486,PRJ-2024-00024,PRJ-2024-00486,0
PAIR-100604,document,partner,PRJ-2024-00108,PRJ-2024-00393,PRJ-2024-00108,PRJ-2024-00393,0
PAIR-100605,document,partner,PRJ-2024-00328,PRJ-2024-00016,PRJ-2024-00328,PRJ-2024-00016,0
PAIR-100606,partner,erp,PRJ-2024-00280,PRJ-2024-00149,PRJ-2024-00280,PRJ-2024-00149,0
PAIR-100607,document,erp,PRJ-2024-00126,PRJ-2024-00413,PRJ-2024-00126,PRJ-2024-00413,0
PAIR-100608,crm,erp,PRJ-2024-00233,PRJ-2024-00038,PRJ-2024-00233,PRJ-2024-00038,0
PAIR-100609,document,erp,PRJ-2024-00226,PRJ-2024-00213,PRJ-2024-00226,PRJ-2024-00213,0
PAIR-100610,erp,partner,PRJ-2024-00105,PRJ-2024-00175,PRJ-2024-00105,PRJ-2024-00175,0
PAIR-100611,partner,document,PRJ-2024-00442,PRJ-2024-00368,PRJ-2024-00442,PRJ-2024-00368,0
PAIR-100612,document,crm,PRJ-2024-00441,PRJ-2024-00177,PRJ-2024-00441,PRJ-2024-00177,0
PAIR-100613,crm,partner,PRJ-2024-00390,PRJ-2024-00190,PRJ-2024-00390,PRJ-2024-00190,0
PAIR-100614,crm,partner,PRJ-2024-00124,PRJ-2024-00239,PRJ-2024-00124,PRJ-2024-00239,0
PAIR-100615,erp,crm,PRJ-2024-00231,PRJ-2024-00127,PRJ-2024-00231,PRJ-2024-00127,0
PAIR-100616,document,partner,PRJ-2024-00026,PRJ-2024-00149,PRJ-2024-00026,PRJ-2024-00149,0
PAIR-100617,erp,partner,PRJ-2024-00215,PRJ-2024-00128,PRJ-2024-00215,PRJ-2024-00128,0
PAIR-100618,partner,crm,PRJ-2024-00479,PRJ-2024-00296,PRJ-2024-00479,PRJ-2024-00296,0
PAIR-100619,document,partner,PRJ-2024-00391,PRJ-2024-00082,PRJ-2024-00391,PRJ-2024-00082,0
PAIR-100620,partner,erp,PRJ-2024-00240,PRJ-2024-00256,PRJ-2024-00240,PRJ-2024-00256,0
PAIR-100621,document,partner,PRJ-2024-00012,PRJ-2024-00047,PRJ-2024-00012,PRJ-2024-00047,0
PAIR-100622,erp,crm,PRJ-2024-00235,PRJ-2024-00495,PRJ-2024-00235,PRJ-2024-00495,0
PAIR-100623,crm,erp,PRJ-2024-00299,PRJ-2024-00181,PRJ-2024-00299,PRJ-2024-00181,0
PAIR-100624,document,erp,PRJ-2024-00145,PRJ-2024-00254,PRJ-2024-00145,PRJ-2024-00254,0
PAIR-100625,crm,partner,PRJ-2024-00275,PRJ-2024-00005,PRJ-2024-00275,PRJ-2024-00005,0
PAIR-100626,partner,document,PRJ-2024-00069,PRJ-2024-00452,PRJ-2024-00069,PRJ-2024-00452,0
PAIR-100627,document,erp,PRJ-2024-00188,PRJ-2024-00392,PRJ-2024-00188,PRJ-2024-00392,0
PAIR-100628,crm,document,PRJ-2024-00024,PRJ-2024-00206,PRJ-2024-00024,PRJ-2024-00206,0
PAIR-100629,partner,document,PRJ-2024-00288,PRJ-2024-00100,PRJ-2024-00288,PRJ-2024-00100,0
PAIR-100630,document,partner,PRJ-2024-00148,PRJ-2024-00038,PRJ-2024-00148,PRJ-2024-00038,0
PAIR-100631,partner,document,PRJ-2024-00231,PRJ-2024-00392,PRJ-2024-00231,PRJ-2024-00392,0
PAIR-100632,crm,erp,PRJ-2024-00349,PRJ-2024-00313,PRJ-2024-00349,PRJ-2024-00313,0
PAIR-100633,document,erp,PRJ-2024-00500,PRJ-2024-00050,PRJ-2024-00500,PRJ-2024-00050,0
PAIR-100634,partner,crm,PRJ-2024-00407,PRJ-2024-00174,PRJ-2024-00407,PRJ-2024-00174,0
PAIR-100635,document,partner,PRJ-2024-00102,PRJ-2024-00309,PRJ-2024-00102,PRJ-2024-00309,0
PAIR-100636,crm,erp,PRJ-2024-00021,PRJ-2024-00024,PRJ-2024-00021,PRJ-2024-00024,0
PAIR-100637,document,partner,PRJ-2024-00366,PRJ-2024-00171,PRJ-2024-00366,PRJ-2024-00171,0
PAIR-100638,erp,partner,PRJ-2024-00234,PRJ-2024-00077,PRJ-2024-00234,PRJ-2024-00077,0
PAIR-100639,partner,crm,PRJ-2024-00477,PRJ-2024-00314,PRJ-2024-00477,PRJ-2024-00314,0
PAIR-100640,partner,document,PRJ-2024-00202,PRJ-2024-00316,PRJ-2024-00202,PRJ-2024-00316,0
PAIR-100641,document,partner,PRJ-2024-00173,PRJ-2024-00260,PRJ-2024-00173,PRJ-2024-00260,0
PAIR-100642,document,crm,PRJ-2024-00289,PRJ-2024-00154,PRJ-2024-00289,PRJ-2024-00154,0
PAIR-100643,crm,partner,PRJ-2024-00189,PRJ-2024-00170,PRJ-2024-00189,PRJ-2024-00170,0
PAIR-100644,crm,document,PRJ-2024-00299,PRJ-2024-00158,PRJ-2024-00299,PRJ-2024-00158,0
PAIR-100645,erp,document,PRJ-2024-00243,PRJ-2024-00136,PRJ-2024-00243,PRJ-2024-00136,0
PAIR-100646,document,crm,PRJ-2024-00027,PRJ-2024-00299,PRJ-2024-00027,PRJ-2024-00299,0
PAIR-100647,document,crm,PRJ-2024-00269,PRJ-2024-00323,PRJ-2024-00269,PRJ-2024-00323,0
PAIR-100648,erp,crm,PRJ-2024-00421,PRJ-2024-00349,PRJ-2024-00421,PRJ-2024-00349,0
PAIR-100649,crm,erp,PRJ-2024-00294,PRJ-2024-00486,PRJ-2024-00294,PRJ-2024-00486,0
PAIR-100650,partner,erp,PRJ-2024-00010,PRJ-2024-00226,PRJ-2024-00010,PRJ-2024-00226,0
PAIR-100651,erp,partner,PRJ-2024-00078,PRJ-2024-00212,PRJ-2024-00078,PRJ-2024-00212,0
PAIR-100652,document,partner,PRJ-2024-00257,PRJ-2024-00397,PRJ-2024-00257,PRJ-2024-00397,0
PAIR-100653,erp,document,PRJ-2024-00373,PRJ-2024-00032,PRJ-2024-00373,PRJ-2024-00032,0
PAIR-100654,partner,document,PRJ-2024-00107,PRJ-2024-00288,PRJ-2024-00107,PRJ-2024-00288,0
PAIR-100655,document,erp,PRJ-2024-00245,PRJ-2024-00270,PRJ-2024-00245,PRJ-2024-00270,0
PAIR-100656,document,partner,PRJ-2024-00490,PRJ-2024-00089,PRJ-2024-00490,PRJ-2024-00089,0
PAIR-100657,partner,document,PRJ-2024-00176,PRJ-2024-00280,PRJ-2024-00176,PRJ-2024-00280,0
PAIR-100658,partner,document,PRJ-2024-00396,PRJ-2024-00445,PRJ-2024-00396,PRJ-2024-00445,0
PAIR-100659,erp,partner,PRJ-2024-00248,PRJ-2024-00099,PRJ-2024-00248,PRJ-2024-00099,0
PAIR-100660,erp,partner,PRJ-2024-00286,PRJ-2024-00153,PRJ-2024-00286,PRJ-2024-00153,0
PAIR-100661,erp,document,PRJ-2024-00395,PRJ-2024-00148,PRJ-2024-00395,PRJ-2024-00148,0
PAIR-100662,partner,erp,PRJ-2024-00361,PRJ-2024-00251,PRJ-2024-00361,PRJ-2024-00251,0
PAIR-100663,partner,erp,PRJ-2024-00179,PRJ-2024-00287,PRJ-2024-00179,PRJ-2024-00287,0
PAIR-100664,document,erp,PRJ-2024-00063,PRJ-2024-00294,PRJ-2024-00063,PRJ-2024-00294,0
PAIR-100665,erp,partner,PRJ-2024-00420,PRJ-2024-00177,PRJ-2024-00420,PRJ-2024-00177,0
PAIR-100666,crm,partner,PRJ-2024-00022,PRJ-2024-00148,PRJ-2024-00022,PRJ-2024-00148,0
PAIR-100667,partner,document,PRJ-2024-00474,PRJ-2024-00227,PRJ-2024-00474,PRJ-2024-00227,0
PAIR-100668,erp,document,PRJ-2024-00246,PRJ-2024-00110,PRJ-2024-00246,PRJ-2024-00110,0
PAIR-100669,partner,crm,PRJ-2024-00139,PRJ-2024-00478,PRJ-2024-00139,PRJ-2024-00478,0
PAIR-100670,erp,crm,PRJ-2024-00056,PRJ-2024-00316,PRJ-2024-00056,PRJ-2024-00316,0
PAIR-100671,erp,document,PRJ-2024-00026,PRJ-2024-00343,PRJ-2024-00026,PRJ-2024-00343,0
PAIR-100672,crm,partner,PRJ-2024-00120,PRJ-2024-00027,PRJ-2024-00120,PRJ-2024-00027,0
PAIR-100673,document,crm,PRJ-2024-00170,PRJ-2024-00368,PRJ-2024-00170,PRJ-2024-00368,0
PAIR-100674,erp,crm,PRJ-2024-00349,PRJ-2024-00395,PRJ-2024-00349,PRJ-2024-00395,0
PAIR-100675,erp,partner,PRJ-2024-00494,PRJ-2024-00282,PRJ-2024-00494,PRJ-2024-00282,0
PAIR-100676,document,erp,PRJ-2024-00335,PRJ-2024-00479,PRJ-2024-00335,PRJ-2024-00479,0
PAIR-100677,partner,erp,PRJ-2024-00334,PRJ-2024-00103,PRJ-2024-00334,PRJ-2024-00103,0
PAIR-100678,crm,erp,PRJ-2024-00147,PRJ-2024-00331,PRJ-2024-00147,PRJ-2024-00331,0
PAIR-100679,erp,document,PRJ-2024-00334,PRJ-2024-00294,PRJ-2024-00334,PRJ-2024-00294,0
PAIR-100680,crm,erp,PRJ-2024-00379,PRJ-2024-00371,PRJ-2024-00379,PRJ-2024-00371,0
PAIR-100681,erp,crm,PRJ-2024-00214,PRJ-2024-00452,PRJ-2024-00214,PRJ-2024-00452,0
PAIR-100682,document,crm,PRJ-2024-00429,PRJ-2024-00204,PRJ-2024-00429,PRJ-2024-00204,0
PAIR-100683,partner,crm,PRJ-2024-00480,PRJ-2024-00384,PRJ-2024-00480,PRJ-2024-00384,0
PAIR-100684,crm,partner,PRJ-2024-00005,PRJ-2024-00153,PRJ-2024-00005,PRJ-2024-00153,0
PAIR-100685,document,crm,PRJ-2024-00146,PRJ-2024-00233,PRJ-2024-00146,PRJ-2024-00233,0
PAIR-100686,document,erp,PRJ-2024-00436,PRJ-2024-00259,PRJ-2024-00436,PRJ-2024-00259,0
PAIR-100687,crm,partner,PRJ-2024-00099,PRJ-2024-00415,PRJ-2024-00099,PRJ-2024-00415,0
PAIR-100688,document,partner,PRJ-2024-00084,PRJ-2024-00375,PRJ-2024-00084,PRJ-2024-00375,0
PAIR-100689,erp,crm,PRJ-2024-00132,PRJ-2024-00368,PRJ-2024-00132,PRJ-2024-00368,0
PAIR-100690,partner,document,PRJ-2024-00378,PRJ-2024-00173,PRJ-2024-00378,PRJ-2024-00173,0
PAIR-100691,erp,crm,PRJ-2024-00346,PRJ-2024-00388,PRJ-2024-00346,PRJ-2024-00388,0
PAIR-100692,document,erp,PRJ-2024-00313,PRJ-2024-00439,PRJ-2024-00313,PRJ-2024-00439,0
PAIR-100693,crm,partner,PRJ-2024-00264,PRJ-2024-00168,PRJ-2024-00264,PRJ-2024-00168,0
PAIR-100694,erp,crm,PRJ-2024-00343,PRJ-2024-00049,PRJ-2024-00343,PRJ-2024-00049,0
PAIR-100695,erp,crm,PRJ-2024-00245,PRJ-2024-00166,PRJ-2024-00245,PRJ-2024-00166,0
PAIR-100696,erp,partner,PRJ-2024-00134,PRJ-2024-00197,PRJ-2024-00134,PRJ-2024-00197,0
PAIR-100697,partner,erp,PRJ-2024-00386,PRJ-2024-00137,PRJ-2024-00386,PRJ-2024-00137,0
PAIR-100698,crm,partner,PRJ-2024-00299,PRJ-2024-00371,PRJ-2024-00299,PRJ-2024-00371,0
PAIR-100699,erp,crm,PRJ-2024-00335,PRJ-2024-00185,PRJ-2024-00335,PRJ-2024-00185,0
PAIR-100700,document,erp,PRJ-2024-00342,PRJ-2024-00061,PRJ-2024-00342,PRJ-2024-00061,0
PAIR-100701,partner,document,PRJ-2024-00082,PRJ-2024-00208,PRJ-2024-00082,PRJ-2024-00208,0
PAIR-100702,partner,erp,PRJ-2024-00061,PRJ-2024-00328,PRJ-2024-00061,PRJ-2024-00328,0
PAIR-100703,erp,crm,PRJ-2024-00315,PRJ-2024-00114,PRJ-2024-00315,PRJ-2024-00114,0
PAIR-100704,document,partner,PRJ-2024-00245,PRJ-2024-00079,PRJ-2024-00245,PRJ-2024-00079,0
PAIR-100705,document,partner,PRJ-2024-00311,PRJ-2024-00192,PRJ-2024-00311,PRJ-2024-00192,0
PAIR-100706,document,partner,PRJ-2024-00282,PRJ-2024-00468,PRJ-2024-00282,PRJ-2024-00468,0
PAIR-100707,erp,crm,PRJ-2024-00411,PRJ-2024-00341,PRJ-2024-00411,PRJ-2024-00341,0
PAIR-100708,crm,document,PRJ-2024-00349,PRJ-2024-00387,PRJ-2024-00349,PRJ-2024-00387,0
PAIR-100709,partner,crm,PRJ-2024-00229,PRJ-2024-00271,PRJ-2024-00229,PRJ-2024-00271,0
PAIR-100710,crm,erp,PRJ-2024-00470,PRJ-2024-00289,PRJ-2024-00470,PRJ-2024-00289,0
PAIR-100711,erp,document,PRJ-2024-00425,PRJ-2024-00281,PRJ-2024-00425,PRJ-2024-00281,0
PAIR-100712,erp,partner,PRJ-2024-00275,PRJ-2024-00077,PRJ-2024-00275,PRJ-2024-00077,0
PAIR-100713,document,crm,PRJ-2024-00438,PRJ-2024-00267,PRJ-2024-00438,PRJ-2024-00267,0
PAIR-100714,document,crm,PRJ-2024-00349,PRJ-2024-00106,PRJ-2024-00349,PRJ-2024-00106,0
PAIR-100715,document,crm,PRJ-2024-00461,PRJ-2024-00262,PRJ-2024-00461,PRJ-2024-00262,0
PAIR-100716,document,erp,PRJ-2024-00233,PRJ-2024-00068,PRJ-2024-00233,PRJ-2024-00068,0
PAIR-100717,document,partner,PRJ-2024-00289,PRJ-2024-00030,PRJ-2024-00289,PRJ-2024-00030,0
PAIR-100718,crm,partner,PRJ-2024-00414,PRJ-2024-00158,PRJ-2024-00414,PRJ-2024-00158,0
PAIR-100719,crm,document,PRJ-2024-00131,PRJ-2024-00419,PRJ-2024-00131,PRJ-2024-00419,0
PAIR-100720,crm,erp,PRJ-2024-00112,PRJ-2024-00297,PRJ-2024-00112,PRJ-2024-00297,0
PAIR-100721,crm,document,PRJ-2024-00217,PRJ-2024-00177,PRJ-2024-00217,PRJ-2024-00177,0
PAIR-100722,crm,partner,PRJ-2024-00031,PRJ-2024-00479,PRJ-2024-00031,PRJ-2024-00479,0
PAIR-100723,document,crm,PRJ-2024-00017,PRJ-2024-00147,PRJ-2024-00017,PRJ-2024-00147,0
PAIR-100724,document,erp,PRJ-2024-00394,PRJ-2024-00070,PRJ-2024-00394,PRJ-2024-00070,0
PAIR-100725,document,erp,PRJ-2024-00457,PRJ-2024-00196,PRJ-2024-00457,PRJ-2024-00196,0
PAIR-100726,crm,erp,PRJ-2024-00441,PRJ-2024-00179,PRJ-2024-00441,PRJ-2024-00179,0
PAIR-100727,erp,document,PRJ-2024-00276,PRJ-2024-00202,PRJ-2024-00276,PRJ-2024-00202,0
PAIR-100728,crm,erp,PRJ-2024-00115,PRJ-2024-00428,PRJ-2024-00115,PRJ-2024-00428,0
PAIR-100729,document,partner,PRJ-2024-00153,PRJ-2024-00238,PRJ-2024-00153,PRJ-2024-00238,0
PAIR-100730,erp,crm,PRJ-2024-00195,PRJ-2024-00422,PRJ-2024-00195,PRJ-2024-00422,0
PAIR-100731,erp,partner,PRJ-2024-00236,PRJ-2024-00178,PRJ-2024-00236,PRJ-2024-00178,0
PAIR-100732,crm,erp,PRJ-2024-00097,PRJ-2024-00480,PRJ-2024-00097,PRJ-2024-00480,0
PAIR-100733,document,partner,PRJ-2024-00415,PRJ-2024-00339,PRJ-2024-00415,PRJ-2024-00339,0
PAIR-100734,crm,erp,PRJ-2024-00393,PRJ-2024-00480,PRJ-2024-00393,PRJ-2024-00480,0
PAIR-100735,crm,document,PRJ-2024-00106,PRJ-2024-00035,PRJ-2024-00106,PRJ-2024-00035,0
PAIR-100736,crm,erp,PRJ-2024-00018,PRJ-2024-00229,PRJ-2024-00018,PRJ-2024-00229,0
PAIR-100737,document,erp,PRJ-2024-00380,PRJ-2024-00023,PRJ-2024-00380,PRJ-2024-00023,0
PAIR-100738,erp,crm,PRJ-2024-00120,PRJ-2024-00277,PRJ-2024-00120,PRJ-2024-00277,0
PAIR-100739,partner,crm,PRJ-2024-00072,PRJ-2024-00258,PRJ-2024-00072,PRJ-2024-00258,0
PAIR-100740,partner,document,PRJ-2024-00418,PRJ-2024-00470,PRJ-2024-00418,PRJ-2024-00470,0
PAIR-100741,partner,crm,PRJ-2024-00307,PRJ-2024-00396,PRJ-2024-00307,PRJ-2024-00396,0
PAIR-100742,erp,document,PRJ-2024-00155,PRJ-2024-00449,PRJ-2024-00155,PRJ-2024-00449,0
PAIR-100743,document,erp,PRJ-2024-00267,PRJ-2024-00114,PRJ-2024-00267,PRJ-2024-00114,0
PAIR-100744,erp,document,PRJ-2024-00141,PRJ-2024-00032,PRJ-2024-00141,PRJ-2024-00032,0
PAIR-100745,document,crm,PRJ-2024-00348,PRJ-2024-00219,PRJ-2024-00348,PRJ-2024-00219,0
PAIR-100746,document,partner,PRJ-2024-00498,PRJ-2024-00177,PRJ-2024-00498,PRJ-2024-00177,0
PAIR-100747,document,erp,PRJ-2024-00164,PRJ-2024-00357,PRJ-2024-00164,PRJ-2024-00357,0
PAIR-100748,document,crm,PRJ-2024-00077,PRJ-2024-00154,PRJ-2024-00077,PRJ-2024-00154,0
PAIR-100749,document,crm,PRJ-2024-00387,PRJ-2024-00276,PRJ-2024-00387,PRJ-2024-00276,0
PAIR-100750,partner,document,PRJ-2024-00435,PRJ-2024-00116,PRJ-2024-00435,PRJ-2024-00116,0
PAIR-100751,document,crm,PRJ-2024-00074,PRJ-2024-00413,PRJ-2024-00074,PRJ-2024-00413,0
PAIR-100752,document,partner,PRJ-2024-00288,PRJ-2024-00212,PRJ-2024-00288,PRJ-2024-00212,0
PAIR-100753,document,crm,PRJ-2024-00272,PRJ-2024-00069,PRJ-2024-00272,PRJ-2024-00069,0
PAIR-100754,partner,document,PRJ-2024-00131,PRJ-2024-00105,PRJ-2024-00131,PRJ-2024-00105,0
PAIR-100755,document,erp,PRJ-2024-00041,PRJ-2024-00473,PRJ-2024-00041,PRJ-2024-00473,0
PAIR-100756,erp,crm,PRJ-2024-00048,PRJ-2024-00275,PRJ-2024-00048,PRJ-2024-00275,0
PAIR-100757,crm,erp,PRJ-2024-00138,PRJ-2024-00194,PRJ-2024-00138,PRJ-2024-00194,0
PAIR-100758,erp,partner,PRJ-2024-00097,PRJ-2024-00412,PRJ-2024-00097,PRJ-2024-00412,0
PAIR-100759,partner,erp,PRJ-2024-00107,PRJ-2024-00446,PRJ-2024-00107,PRJ-2024-00446,0
PAIR-100760,crm,erp,PRJ-2024-00490,PRJ-2024-00466,PRJ-2024-00490,PRJ-2024-00466,0
PAIR-100761,crm,document,PRJ-2024-00480,PRJ-2024-00098,PRJ-2024-00480,PRJ-2024-00098,0
PAIR-100762,erp,document,PRJ-2024-00387,PRJ-2024-00246,PRJ-2024-00387,PRJ-2024-00246,0
PAIR-100763,erp,partner,PRJ-2024-00310,PRJ-2024-00361,PRJ-2024-00310,PRJ-2024-00361,0
PAIR-100764,partner,erp,PRJ-2024-00469,PRJ-2024-00123,PRJ-2024-00469,PRJ-2024-00123,0
PAIR-100765,partner,erp,PRJ-2024-00195,PRJ-2024-00239,PRJ-2024-00195,PRJ-2024-00239,0
PAIR-100766,document,erp,PRJ-2024-00134,PRJ-2024-00185,PRJ-2024-00134,PRJ-2024-00185,0
PAIR-100767,document,erp,PRJ-2024-00051,PRJ-2024-00412,PRJ-2024-00051,PRJ-2024-00412,0
PAIR-100768,partner,erp,PRJ-2024-00469,PRJ-2024-00105,PRJ-2024-00469,PRJ-2024-00105,0
PAIR-100769,erp,document,PRJ-2024-00212,PRJ-2024-00024,PRJ-2024-00212,PRJ-2024-00024,0
PAIR-100770,partner,document,PRJ-2024-00075,PRJ-2024-00009,PRJ-2024-00075,PRJ-2024-00009,0
PAIR-100771,document,erp,PRJ-2024-00479,PRJ-2024-00300,PRJ-2024-00479,PRJ-2024-00300,0
PAIR-100772,partner,crm,PRJ-2024-00079,PRJ-2024-00101,PRJ-2024-00079,PRJ-2024-00101,0
PAIR-100773,erp,partner,PRJ-2024-00195,PRJ-2024-00292,PRJ-2024-00195,PRJ-2024-00292,0
PAIR-100774,partner,erp,PRJ-2024-00282,PRJ-2024-00336,PRJ-2024-00282,PRJ-2024-00336,0
PAIR-100775,document,partner,PRJ-2024-00391,PRJ-2024-00421,PRJ-2024-00391,PRJ-2024-00421,0
PAIR-100776,document,erp,PRJ-2024-00329,PRJ-2024-00379,PRJ-2024-00329,PRJ-2024-00379,0
PAIR-100777,partner,crm,PRJ-2024-00087,PRJ-2024-00376,PRJ-2024-00087,PRJ-2024-00376,0
PAIR-100778,document,crm,PRJ-2024-00072,PRJ-2024-00369,PRJ-2024-00072,PRJ-2024-00369,0
PAIR-100779,crm,document,PRJ-2024-00470,PRJ-2024-00456,PRJ-2024-00470,PRJ-2024-00456,0
PAIR-100780,crm,document,PRJ-2024-00018,PRJ-2024-00430,PRJ-2024-00018,PRJ-2024-00430,0
PAIR-100781,crm,partner,PRJ-2024-00025,PRJ-2024-00392,PRJ-2024-00025,PRJ-2024-00392,0
PAIR-100782,erp,crm,PRJ-2024-00071,PRJ-2024-00432,PRJ-2024-00071,PRJ-2024-00432,0
PAIR-100783,crm,erp,PRJ-2024-00363,PRJ-2024-00078,PRJ-2024-00363,PRJ-2024-00078,0
PAIR-100784,partner,crm,PRJ-2024-00259,PRJ-2024-00234,PRJ-2024-00259,PRJ-2024-00234,0
PAIR-100785,document,partner,PRJ-2024-00317,PRJ-2024-00327,PRJ-2024-00317,PRJ-2024-00327,0
PAIR-100786,crm,document,PRJ-2024-00250,PRJ-2024-00009,PRJ-2024-00250,PRJ-2024-00009,0
PAIR-100787,crm,erp,PRJ-2024-00283,PRJ-2024-00211,PRJ-2024-00283,PRJ-2024-00211,0
PAIR-100788,partner,document,PRJ-2024-00272,PRJ-2024-00370,PRJ-2024-00272,PRJ-2024-00370,0
PAIR-100789,document,crm,PRJ-2024-00147,PRJ-2024-00009,PRJ-2024-00147,PRJ-2024-00009,0
PAIR-100790,crm,document,PRJ-2024-00055,PRJ-2024-00471,PRJ-2024-00055,PRJ-2024-00471,0
PAIR-100791,erp,document,PRJ-2024-00077,PRJ-2024-00124,PRJ-2024-00077,PRJ-2024-00124,0
PAIR-100792,partner,erp,PRJ-2024-00270,PRJ-2024-00130,PRJ-2024-00270,PRJ-2024-00130,0
PAIR-100793,crm,partner,PRJ-2024-00408,PRJ-2024-00204,PRJ-2024-00408,PRJ-2024-00204,0
PAIR-100794,document,partner,PRJ-2024-00492,PRJ-2024-00208,PRJ-2024-00492,PRJ-2024-00208,0
PAIR-100795,erp,partner,PRJ-2024-00125,PRJ-2024-00357,PRJ-2024-00125,PRJ-2024-00357,0
PAIR-100796,crm,document,PRJ-2024-00351,PRJ-2024-00424,PRJ-2024-00351,PRJ-2024-00424,0
PAIR-100797,crm,erp,PRJ-2024-00440,PRJ-2024-00333,PRJ-2024-00440,PRJ-2024-00333,0
PAIR-100798,document,partner,PRJ-2024-00208,PRJ-2024-00195,PRJ-2024-00208,PRJ-2024-00195,0
PAIR-100799,crm,document,PRJ-2024-00244,PRJ-2024-00029,PRJ-2024-00244,PRJ-2024-00029,0
PAIR-100800,document,erp,PRJ-2024-00088,PRJ-2024-00043,PRJ-2024-00088,PRJ-2024-00043,0
PAIR-100801,partner,document,PRJ-2024-00331,PRJ-2024-00402,PRJ-2024-00331,PRJ-2024-00402,0
PAIR-100802,crm,document,PRJ-2024-00440,PRJ-2024-00499,PRJ-2024-00440,PRJ-2024-00499,0
PAIR-100803,erp,crm,PRJ-2024-00471,PRJ-2024-00022,PRJ-2024-00471,PRJ-2024-00022,0
PAIR-100804,crm,document,PRJ-2024-00024,PRJ-2024-00474,PRJ-2024-00024,PRJ-2024-00474,0
PAIR-100805,crm,erp,PRJ-2024-00474,PRJ-2024-00144,PRJ-2024-00474,PRJ-2024-00144,0
PAIR-100806,partner,crm,PRJ-2024-00476,PRJ-2024-00436,PRJ-2024-00476,PRJ-2024-00436,0
PAIR-100807,erp,document,PRJ-2024-00493,PRJ-2024-00107,PRJ-2024-00493,PRJ-2024-00107,0
PAIR-100808,crm,partner,PRJ-2024-00421,PRJ-2024-00204,PRJ-2024-00421,PRJ-2024-00204,0
PAIR-100809,erp,document,PRJ-2024-00084,PRJ-2024-00289,PRJ-2024-00084,PRJ-2024-00289,0
PAIR-100810,document,partner,PRJ-2024-00428,PRJ-2024-00435,PRJ-2024-00428,PRJ-2024-00435,0
PAIR-100811,partner,erp,PRJ-2024-00460,PRJ-2024-00277,PRJ-2024-00460,PRJ-2024-00277,0
PAIR-100812,erp,document,PRJ-2024-00387,PRJ-2024-00379,PRJ-2024-00387,PRJ-2024-00379,0
PAIR-100813,partner,crm,PRJ-2024-00371,PRJ-2024-00041,PRJ-2024-00371,PRJ-2024-00041,0
PAIR-100814,erp,crm,PRJ-2024-00051,PRJ-2024-00224,PRJ-2024-00051,PRJ-2024-00224,0
PAIR-100815,document,erp,PRJ-2024-00175,PRJ-2024-00310,PRJ-2024-00175,PRJ-2024-00310,0
PAIR-100816,partner,erp,PRJ-2024-00016,PRJ-2024-00325,PRJ-2024-00016,PRJ-2024-00325,0
PAIR-100817,partner,document,PRJ-2024-00252,PRJ-2024-00117,PRJ-2024-00252,PRJ-2024-00117,0
PAIR-100818,document,crm,PRJ-2024-00482,PRJ-2024-00193,PRJ-2024-00482,PRJ-2024-00193,0
PAIR-100819,document,crm,PRJ-2024-00349,PRJ-2024-00300,PRJ-2024-00349,PRJ-2024-00300,0
PAIR-100820,partner,crm,PRJ-2024-00396,PRJ-2024-00317,PRJ-2024-00396,PRJ-2024-00317,0
PAIR-100821,crm,partner,PRJ-2024-00366,PRJ-2024-00038,PRJ-2024-00366,PRJ-2024-00038,0
PAIR-100822,erp,document,PRJ-2024-00079,PRJ-2024-00195,PRJ-2024-00079,PRJ-2024-00195,0
PAIR-100823,partner,crm,PRJ-2024-00200,PRJ-2024-00163,PRJ-2024-00200,PRJ-2024-00163,0
PAIR-100824,partner,erp,PRJ-2024-00047,PRJ-2024-00003,PRJ-2024-00047,PRJ-2024-00003,0
PAIR-100825,partner,crm,PRJ-2024-00185,PRJ-2024-00390,PRJ-2024-00185,PRJ-2024-00390,0
PAIR-100826,erp,partner,PRJ-2024-00068,PRJ-2024-00045,PRJ-2024-00068,PRJ-2024-00045,0
PAIR-100827,document,crm,PRJ-2024-00230,PRJ-2024-00286,PRJ-2024-00230,PRJ-2024-00286,0
PAIR-100828,partner,document,PRJ-2024-00014,PRJ-2024-00046,PRJ-2024-00014,PRJ-2024-00046,0
PAIR-100829,partner,erp,PRJ-2024-00048,PRJ-2024-00306,PRJ-2024-00048,PRJ-2024-00306,0
PAIR-100830,document,erp,PRJ-2024-00007,PRJ-2024-00150,PRJ-2024-00007,PRJ-2024-00150,0
PAIR-100831,erp,document,PRJ-2024-00399,PRJ-2024-00044,PRJ-2024-00399,PRJ-2024-00044,0
PAIR-100832,document,crm,PRJ-2024-00267,PRJ-2024-00087,PRJ-2024-00267,PRJ-2024-00087,0
PAIR-100833,partner,erp,PRJ-2024-00072,PRJ-2024-00138,PRJ-2024-00072,PRJ-2024-00138,0
PAIR-100834,crm,erp,PRJ-2024-00253,PRJ-2024-00075,PRJ-2024-00253,PRJ-2024-00075,0
PAIR-100835,document,erp,PRJ-2024-00223,PRJ-2024-00142,PRJ-2024-00223,PRJ-2024-00142,0
PAIR-100836,crm,partner,PRJ-2024-00248,PRJ-2024-00401,PRJ-2024-00248,PRJ-2024-00401,0
PAIR-100837,erp,document,PRJ-2024-00129,PRJ-2024-00484,PRJ-2024-00129,PRJ-2024-00484,0
PAIR-100838,erp,partner,PRJ-2024-00321,PRJ-2024-00254,PRJ-2024-00321,PRJ-2024-00254,0
PAIR-100839,partner,crm,PRJ-2024-00055,PRJ-2024-00070,PRJ-2024-00055,PRJ-2024-00070,0
PAIR-100840,partner,document,PRJ-2024-00486,PRJ-2024-00203,PRJ-2024-00486,PRJ-2024-00203,0
PAIR-100841,partner,erp,PRJ-2024-00195,PRJ-2024-00412,PRJ-2024-00195,PRJ-2024-00412,0
PAIR-100842,erp,partner,PRJ-2024-00172,PRJ-2024-00221,PRJ-2024-00172,PRJ-2024-00221,0
PAIR-100843,erp,partner,PRJ-2024-00165,PRJ-2024-00309,PRJ-2024-00165,PRJ-2024-00309,0
PAIR-100844,document,erp,PRJ-2024-00161,PRJ-2024-00091,PRJ-2024-00161,PRJ-2024-00091,0
PAIR-100845,document,partner,PRJ-2024-00150,PRJ-2024-00377,PRJ-2024-00150,PRJ-2024-00377,0
PAIR-100846,partner,erp,PRJ-2024-00401,PRJ-2024-00125,PRJ-2024-00401,PRJ-2024-00125,0
PAIR-100847,document,erp,PRJ-2024-00144,PRJ-2024-00419,PRJ-2024-00144,PRJ-2024-00419,0
PAIR-100848,erp,document,PRJ-2024-00059,PRJ-2024-00478,PRJ-2024-00059,PRJ-2024-00478,0
PAIR-100849,crm,document,PRJ-2024-00280,PRJ-2024-00093,PRJ-2024-00280,PRJ-2024-00093,0
PAIR-100850,erp,partner,PRJ-2024-00237,PRJ-2024-00483,PRJ-2024-00237,PRJ-2024-00483,0
PAIR-100851,crm,partner,PRJ-2024-00409,PRJ-2024-00150,PRJ-2024-00409,PRJ-2024-00150,0
PAIR-100852,erp,document,PRJ-2024-00345,PRJ-2024-00256,PRJ-2024-00345,PRJ-2024-00256,0
PAIR-100853,partner,document,PRJ-2024-00156,PRJ-2024-00124,PRJ-2024-00156,PRJ-2024-00124,0
PAIR-100854,document,erp,PRJ-2024-00079,PRJ-2024-00367,PRJ-2024-00079,PRJ-2024-00367,0
PAIR-100855,document,partner,PRJ-2024-00038,PRJ-2024-00230,PRJ-2024-00038,PRJ-2024-00230,0
PAIR-100856,document,partner,PRJ-2024-00206,PRJ-2024-00274,PRJ-2024-00206,PRJ-2024-00274,0
PAIR-100857,partner,document,PRJ-2024-00019,PRJ-2024-00405,PRJ-2024-00019,PRJ-2024-00405,0
PAIR-100858,crm,erp,PRJ-2024-00459,PRJ-2024-00416,PRJ-2024-00459,PRJ-2024-00416,0
PAIR-100859,partner,crm,PRJ-2024-00394,PRJ-2024-00128,PRJ-2024-00394,PRJ-2024-00128,0
PAIR-100860,crm,document,PRJ-2024-00332,PRJ-2024-00314,PRJ-2024-00332,PRJ-2024-00314,0
PAIR-100861,document,erp,PRJ-2024-00331,PRJ-2024-00347,PRJ-2024-00331,PRJ-2024-00347,0
PAIR-100862,document,crm,PRJ-2024-00495,PRJ-2024-00408,PRJ-2024-00495,PRJ-2024-00408,0
PAIR-100863,partner,crm,PRJ-2024-00006,PRJ-2024-00051,PRJ-2024-00006,PRJ-2024-00051,0
PAIR-100864,erp,partner,PRJ-2024-00262,PRJ-2024-00383,PRJ-2024-00262,PRJ-2024-00383,0
PAIR-100865,document,partner,PRJ-2024-00192,PRJ-2024-00201,PRJ-2024-00192,PRJ-2024-00201,0
PAIR-100866,erp,partner,PRJ-2024-00302,PRJ-2024-00354,PRJ-2024-00302,PRJ-2024-00354,0
PAIR-100867,crm,partner,PRJ-2024-00013,PRJ-2024-00248,PRJ-2024-00013,PRJ-2024-00248,0
PAIR-100868,crm,erp,PRJ-2024-00213,PRJ-2024-00472,PRJ-2024-00213,PRJ-2024-00472,0
PAIR-100869,erp,partner,PRJ-2024-00426,PRJ-2024-00482,PRJ-2024-00426,PRJ-2024-00482,0
PAIR-100870,document,crm,PRJ-2024-00160,PRJ-2024-00176,PRJ-2024-00160,PRJ-2024-00176,0
PAIR-100871,partner,erp,PRJ-2024-00267,PRJ-2024-00248,PRJ-2024-00267,PRJ-2024-00248,0
PAIR-100872,document,erp,PRJ-2024-00050,PRJ-2024-00225,PRJ-2024-00050,PRJ-2024-00225,0
PAIR-100873,crm,document,PRJ-2024-00035,PRJ-2024-00154,PRJ-2024-00035,PRJ-2024-00154,0
PAIR-100874,partner,document,PRJ-2024-00059,PRJ-2024-00012,PRJ-2024-00059,PRJ-2024-00012,0
PAIR-100875,erp,document,PRJ-2024-00056,PRJ-2024-00347,PRJ-2024-00056,PRJ-2024-00347,0
PAIR-100876,erp,document,PRJ-2024-00125,PRJ-2024-00265,PRJ-2024-00125,PRJ-2024-00265,0
PAIR-100877,document,erp,PRJ-2024-00082,PRJ-2024-00170,PRJ-2024-00082,PRJ-2024-00170,0
PAIR-100878,document,partner,PRJ-2024-00119,PRJ-2024-00409,PRJ-2024-00119,PRJ-2024-00409,0
PAIR-100879,document,erp,PRJ-2024-00095,PRJ-2024-00096,PRJ-2024-00095,PRJ-2024-00096,0
PAIR-100880,erp,partner,PRJ-2024-00015,PRJ-2024-00378,PRJ-2024-00015,PRJ-2024-00378,0
PAIR-100881,document,crm,PRJ-2024-00304,PRJ-2024-00220,PRJ-2024-00304,PRJ-2024-00220,0
PAIR-100882,erp,partner,PRJ-2024-00361,PRJ-2024-00110,PRJ-2024-00361,PRJ-2024-00110,0
PAIR-100883,crm,document,PRJ-2024-00386,PRJ-2024-00361,PRJ-2024-00386,PRJ-2024-00361,0
PAIR-100884,erp,partner,PRJ-2024-00053,PRJ-2024-00410,PRJ-2024-00053,PRJ-2024-00410,0
PAIR-100885,document,crm,PRJ-2024-00167,PRJ-2024-00101,PRJ-2024-00167,PRJ-2024-00101,0
PAIR-100886,document,partner,PRJ-2024-00135,PRJ-2024-00344,PRJ-2024-00135,PRJ-2024-00344,0
PAIR-100887,partner,document,PRJ-2024-00495,PRJ-2024-00328,PRJ-2024-00495,PRJ-2024-00328,0
PAIR-100888,document,partner,PRJ-2024-00199,PRJ-2024-00313,PRJ-2024-00199,PRJ-2024-00313,0
PAIR-100889,partner,erp,PRJ-2024-00059,PRJ-2024-00179,PRJ-2024-00059,PRJ-2024-00179,0
PAIR-100890,partner,document,PRJ-2024-00317,PRJ-2024-00089,PRJ-2024-00317,PRJ-2024-00089,0
PAIR-100891,erp,partner,PRJ-2024-00303,PRJ-2024-00044,PRJ-2024-00303,PRJ-2024-00044,0
PAIR-100892,partner,crm,PRJ-2024-00061,PRJ-2024-00123,PRJ-2024-00061,PRJ-2024-00123,0
PAIR-100893,erp,document,PRJ-2024-00094,PRJ-2024-00192,PRJ-2024-00094,PRJ-2024-00192,0
PAIR-100894,erp,document,PRJ-2024-00199,PRJ-2024-00215,PRJ-2024-00199,PRJ-2024-00215,0
PAIR-100895,erp,partner,PRJ-2024-00197,PRJ-2024-00217,PRJ-2024-00197,PRJ-2024-00217,0
PAIR-100896,erp,document,PRJ-2024-00326,PRJ-2024-00276,PRJ-2024-00326,PRJ-2024-00276,0
PAIR-100897,partner,crm,PRJ-2024-00086,PRJ-2024-00251,PRJ-2024-00086,PRJ-2024-00251,0
PAIR-100898,document,partner,PRJ-2024-00096,PRJ-2024-00162,PRJ-2024-00096,PRJ-2024-00162,0
PAIR-100899,partner,crm,PRJ-2024-00028,PRJ-2024-00444,PRJ-2024-00028,PRJ-2024-00444,0
PAIR-100900,erp,partner,PRJ-2024-00249,PRJ-2024-00070,PRJ-2024-00249,PRJ-2024-00070,0
PAIR-100901,document,erp,PRJ-2024-00494,PRJ-2024-00288,PRJ-2024-00494,PRJ-2024-00288,0
PAIR-100902,document,partner,PRJ-2024-00351,PRJ-2024-00252,PRJ-2024-00351,PRJ-2024-00252,0
PAIR-100903,document,crm,PRJ-2024-00431,PRJ-2024-00228,PRJ-2024-00431,PRJ-2024-00228,0
PAIR-100904,crm,erp,PRJ-2024-00043,PRJ-2024-00290,PRJ-2024-00043,PRJ-2024-00290,0
PAIR-100905,partner,crm,PRJ-2024-00150,PRJ-2024-00017,PRJ-2024-00150,PRJ-2024-00017,0
PAIR-100906,erp,partner,PRJ-2024-00276,PRJ-2024-00148,PRJ-2024-00276,PRJ-2024-00148,0
PAIR-100907,document,partner,PRJ-2024-00290,PRJ-2024-00381,PRJ-2024-00290,PRJ-2024-00381,0
PAIR-100908,crm,partner,PRJ-2024-00262,PRJ-2024-00058,PRJ-2024-00262,PRJ-2024-00058,0
PAIR-100909,partner,document,PRJ-2024-00397,PRJ-2024-00279,PRJ-2024-00397,PRJ-2024-00279,0
PAIR-100910,crm,document,PRJ-2024-00422,PRJ-2024-00388,PRJ-2024-00422,PRJ-2024-00388,0
PAIR-100911,erp,partner,PRJ-2024-00226,PRJ-2024-00280,PRJ-2024-00226,PRJ-2024-00280,0
PAIR-100912,erp,partner,PRJ-2024-00053,PRJ-2024-00377,PRJ-2024-00053,PRJ-2024-00377,0
PAIR-100913,document,erp,PRJ-2024-00448,PRJ-2024-00017,PRJ-2024-00448,PRJ-2024-00017,0
PAIR-100914,crm,partner,PRJ-2024-00179,PRJ-2024-00442,PRJ-2024-00179,PRJ-2024-00442,0
PAIR-100915,erp,crm,PRJ-2024-00444,PRJ-2024-00061,PRJ-2024-00444,PRJ-2024-00061,0
PAIR-100916,partner,document,PRJ-2024-00416,PRJ-2024-00378,PRJ-2024-00416,PRJ-2024-00378,0
PAIR-100917,document,crm,PRJ-2024-00313,PRJ-2024-00324,PRJ-2024-00313,PRJ-2024-00324,0
PAIR-100918,erp,crm,PRJ-2024-00316,PRJ-2024-00072,PRJ-2024-00316,PRJ-2024-00072,0
PAIR-100919,partner,document,PRJ-2024-00413,PRJ-2024-00031,PRJ-2024-00413,PRJ-2024-00031,0
PAIR-100920,erp,partner,PRJ-2024-00144,PRJ-2024-00306,PRJ-2024-00144,PRJ-2024-00306,0
PAIR-100921,partner,document,PRJ-2024-00361,PRJ-2024-00150,PRJ-2024-00361,PRJ-2024-00150,0
PAIR-100922,crm,erp,PRJ-2024-00137,PRJ-2024-00488,PRJ-2024-00137,PRJ-2024-00488,0
PAIR-100923,document,crm,PRJ-2024-00493,PRJ-2024-00385,PRJ-2024-00493,PRJ-2024-00385,0
PAIR-100924,erp,document,PRJ-2024-00142,PRJ-2024-00444,PRJ-2024-00142,PRJ-2024-00444,0
PAIR-100925,erp,crm,PRJ-2024-00444,PRJ-2024-00068,PRJ-2024-00444,PRJ-2024-00068,0
PAIR-100926,erp,document,PRJ-2024-00365,PRJ-2024-00165,PRJ-2024-00365,PRJ-2024-00165,0
PAIR-100927,erp,document,PRJ-2024-00202,PRJ-2024-00251,PRJ-2024-00202,PRJ-2024-00251,0
PAIR-100928,document,erp,PRJ-2024-00324,PRJ-2024-00138,PRJ-2024-00324,PRJ-2024-00138,0
PAIR-100929,crm,partner,PRJ-2024-00232,PRJ-2024-00039,PRJ-2024-00232,PRJ-2024-00039,0
PAIR-100930,partner,document,PRJ-2024-00264,PRJ-2024-00384,PRJ-2024-00264,PRJ-2024-00384,0
PAIR-100931,partner,erp,PRJ-2024-00480,PRJ-2024-00450,PRJ-2024-00480,PRJ-2024-00450,0
PAIR-100932,partner,document,PRJ-2024-00487,PRJ-2024-00250,PRJ-2024-00487,PRJ-2024-00250,0
PAIR-100933,crm,document,PRJ-2024-00002,PRJ-2024-00445,PRJ-2024-00002,PRJ-2024-00445,0
PAIR-100934,partner,crm,PRJ-2024-00498,PRJ-2024-00235,PRJ-2024-00498,PRJ-2024-00235,0
PAIR-100935,document,crm,PRJ-2024-00408,PRJ-2024-00274,PRJ-2024-00408,PRJ-2024-00274,0
PAIR-100936,erp,partner,PRJ-2024-00496,PRJ-2024-00220,PRJ-2024-00496,PRJ-2024-00220,0
PAIR-100937,partner,erp,PRJ-2024-00138,PRJ-2024-00166,PRJ-2024-00138,PRJ-2024-00166,0
PAIR-100938,erp,document,PRJ-2024-00281,PRJ-2024-00296,PRJ-2024-00281,PRJ-2024-00296,0
PAIR-100939,partner,document,PRJ-2024-00437,PRJ-2024-00249,PRJ-2024-00437,PRJ-2024-00249,0
PAIR-100940,crm,erp,PRJ-2024-00391,PRJ-2024-00025,PRJ-2024-00391,PRJ-2024-00025,0
PAIR-100941,document,crm,PRJ-2024-00321,PRJ-2024-00402,PRJ-2024-00321,PRJ-2024-00402,0
PAIR-100942,erp,partner,PRJ-2024-00064,PRJ-2024-00476,PRJ-2024-00064,PRJ-2024-00476,0
PAIR-100943,document,crm,PRJ-2024-00234,PRJ-2024-00001,PRJ-2024-00234,PRJ-2024-00001,0
PAIR-100944,erp,document,PRJ-2024-00353,PRJ-2024-00466,PRJ-2024-00353,PRJ-2024-00466,0
PAIR-100945,partner,crm,PRJ-2024-00155,PRJ-2024-00082,PRJ-2024-00155,PRJ-2024-00082,0
PAIR-100946,partner,crm,PRJ-2024-00336,PRJ-2024-00185,PRJ-2024-00336,PRJ-2024-00185,0
PAIR-100947,erp,crm,PRJ-2024-00191,PRJ-2024-00341,PRJ-2024-00191,PRJ-2024-00341,0
PAIR-100948,partner,document,PRJ-2024-00203,PRJ-2024-00321,PRJ-2024-00203,PRJ-2024-00321,0
PAIR-100949,erp,partner,PRJ-2024-00359,PRJ-2024-00387,PRJ-2024-00359,PRJ-2024-00387,0
PAIR-100950,crm,erp,PRJ-2024-00336,PRJ-2024-00047,PRJ-2024-00336,PRJ-2024-00047,0
PAIR-100951,crm,erp,PRJ-2024-00110,PRJ-2024-00245,PRJ-2024-00110,PRJ-2024-00245,0
PAIR-100952,document,crm,PRJ-2024-00304,PRJ-2024-00116,PRJ-2024-00304,PRJ-2024-00116,0
PAIR-100953,partner,crm,PRJ-2024-00005,PRJ-2024-00357,PRJ-2024-00005,PRJ-2024-00357,0
PAIR-100954,erp,partner,PRJ-2024-00441,PRJ-2024-00217,PRJ-2024-00441,PRJ-2024-00217,0
PAIR-100955,document,crm,PRJ-2024-00037,PRJ-2024-00118,PRJ-2024-00037,PRJ-2024-00118,0
PAIR-100956,crm,erp,PRJ-2024-00375,PRJ-2024-00413,PRJ-2024-00375,PRJ-2024-00413,0
PAIR-100957,partner,crm,PRJ-2024-00161,PRJ-2024-00189,PRJ-2024-00161,PRJ-2024-00189,0
PAIR-100958,erp,document,PRJ-2024-00196,PRJ-2024-00397,PRJ-2024-00196,PRJ-2024-00397,0
PAIR-100959,crm,document,PRJ-2024-00347,PRJ-2024-00074,PRJ-2024-00347,PRJ-2024-00074,0
PAIR-100960,erp,partner,PRJ-2024-00289,PRJ-2024-00005,PRJ-2024-00289,PRJ-2024-00005,0
PAIR-100961,erp,document,PRJ-2024-00180,PRJ-2024-00370,PRJ-2024-00180,PRJ-2024-00370,0
PAIR-100962,document,partner,PRJ-2024-00384,PRJ-2024-00078,PRJ-2024-00384,PRJ-2024-00078,0
PAIR-100963,erp,crm,PRJ-2024-00352,PRJ-2024-00227,PRJ-2024-00352,PRJ-2024-00227,0
PAIR-100964,erp,crm,PRJ-2024-00460,PRJ-2024-00052,PRJ-2024-00460,PRJ-2024-00052,0
PAIR-100965,document,erp,PRJ-2024-00302,PRJ-2024-00374,PRJ-2024-00302,PRJ-2024-00374,0
PAIR-100966,partner,crm,PRJ-2024-00494,PRJ-2024-00220,PRJ-2024-00494,PRJ-2024-00220,0
PAIR-100967,crm,erp,PRJ-2024-00127,PRJ-2024-00142,PRJ-2024-00127,PRJ-2024-00142,0
PAIR-100968,partner,document,PRJ-2024-00284,PRJ-2024-00308,PRJ-2024-00284,PRJ-2024-00308,0
PAIR-100969,partner,crm,PRJ-2024-00014,PRJ-2024-00435,PRJ-2024-00014,PRJ-2024-00435,0
PAIR-100970,erp,document,PRJ-2024-00266,PRJ-2024-00311,PRJ-2024-00266,PRJ-2024-00311,0
PAIR-100971,crm,erp,PRJ-2024-00201,PRJ-2024-00152,PRJ-2024-00201,PRJ-2024-00152,0
PAIR-100972,crm,erp,PRJ-2024-00254,PRJ-2024-00198,PRJ-2024-00254,PRJ-2024-00198,0
PAIR-100973,crm,document,PRJ-2024-00256,PRJ-2024-00327,PRJ-2024-00256,PRJ-2024-00327,0
PAIR-100974,partner,erp,PRJ-2024-00456,PRJ-2024-00007,PRJ-2024-00456,PRJ-2024-00007,0
PAIR-100975,document,erp,PRJ-2024-00068,PRJ-2024-00199,PRJ-2024-00068,PRJ-2024-00199,0
PAIR-100976,erp,partner,PRJ-2024-00280,PRJ-2024-00350,PRJ-2024-00280,PRJ-2024-00350,0
PAIR-100977,crm,erp,PRJ-2024-00489,PRJ-2024-00395,PRJ-2024-00489,PRJ-2024-00395,0
PAIR-100978,crm,partner,PRJ-2024-00301,PRJ-2024-00035,PRJ-2024-00301,PRJ-2024-00035,0
PAIR-100979,crm,partner,PRJ-2024-00111,PRJ-2024-00021,PRJ-2024-00111,PRJ-2024-00021,0
PAIR-100980,document,erp,PRJ-2024-00260,PRJ-2024-00147,PRJ-2024-00260,PRJ-2024-00147,0
PAIR-100981,crm,document,PRJ-2024-00360,PRJ-2024-00206,PRJ-2024-00360,PRJ-2024-00206,0
PAIR-100982,erp,partner,PRJ-2024-00275,PRJ-2024-00276,PRJ-2024-00275,PRJ-2024-00276,0
PAIR-100983,crm,document,PRJ-2024-00043,PRJ-2024-00159,PRJ-2024-00043,PRJ-2024-00159,0
PAIR-100984,erp,document,PRJ-2024-00472,PRJ-2024-00105,PRJ-2024-00472,PRJ-2024-00105,0
PAIR-100985,crm,partner,PRJ-2024-00168,PRJ-2024-00201,PRJ-2024-00168,PRJ-2024-00201,0
PAIR-100986,erp,crm,PRJ-2024-00358,PRJ-2024-00224,PRJ-2024-00358,PRJ-2024-00224,0
PAIR-100987,document,crm,PRJ-2024-00126,PRJ-2024-00045,PRJ-2024-00126,PRJ-2024-00045,0
PAIR-100988,crm,partner,PRJ-2024-00233,PRJ-2024-00314,PRJ-2024-00233,PRJ-2024-00314,0
PAIR-100989,erp,crm,PRJ-2024-00342,PRJ-2024-00380,PRJ-2024-00342,PRJ-2024-00380,0
PAIR-100990,erp,document,PRJ-2024-00007,PRJ-2024-00363,PRJ-2024-00007,PRJ-2024-00363,0
PAIR-100991,document,erp,PRJ-2024-00006,PRJ-2024-00084,PRJ-2024-00006,PRJ-2024-00084,0
PAIR-100992,partner,crm,PRJ-2024-00268,PRJ-2024-00265,PRJ-2024-00268,PRJ-2024-00265,0
PAIR-100993,partner,document,PRJ-2024-00191,PRJ-2024-00065,PRJ-2024-00191,PRJ-2024-00065,0
PAIR-100994,crm,partner,PRJ-2024-00454,PRJ-2024-00061,PRJ-2024-00454,PRJ-2024-00061,0
PAIR-100995,partner,document,PRJ-2024-00414,PRJ-2024-00220,PRJ-2024-00414,PRJ-2024-00220,0
PAIR-100996,crm,partner,PRJ-2024-00033,PRJ-2024-00135,PRJ-2024-00033,PRJ-2024-00135,0
PAIR-100997,partner,crm,PRJ-2024-00234,PRJ-2024-00262,PRJ-2024-00234,PRJ-2024-00262,0
PAIR-100998,erp,partner,PRJ-2024-00256,PRJ-2024-00440,PRJ-2024-00256,PRJ-2024-00440,0
PAIR-100999,crm,document,PRJ-2024-00081,PRJ-2024-00131,PRJ-2024-00081,PRJ-2024-00131,0
PAIR-101000,crm,erp,PRJ-2024-00346,PRJ-2024-00371,PRJ-2024-00346,PRJ-2024-00371,0
PAIR-101001,crm,erp,PRJ-2024-00380,PRJ-2024-00261,PRJ-2024-00380,PRJ-2024-00261,0
PAIR-101002,crm,erp,PRJ-2024-00440,PRJ-2024-00442,PRJ-2024-00440,PRJ-2024-00442,0
PAIR-101003,partner,erp,PRJ-2024-00024,PRJ-2024-00242,PRJ-2024-00024,PRJ-2024-00242,0
PAIR-101004,erp,crm,PRJ-2024-00472,PRJ-2024-00077,PRJ-2024-00472,PRJ-2024-00077,0
PAIR-101005,document,crm,PRJ-2024-00284,PRJ-2024-00412,PRJ-2024-00284,PRJ-2024-00412,0
PAIR-101006,document,partner,PRJ-2024-00165,PRJ-2024-00128,PRJ-2024-00165,PRJ-2024-00128,0
PAIR-101007,crm,document,PRJ-2024-00164,PRJ-2024-00139,PRJ-2024-00164,PRJ-2024-00139,0
PAIR-101008,crm,erp,PRJ-2024-00191,PRJ-2024-00062,PRJ-2024-00191,PRJ-2024-00062,0
PAIR-101009,crm,partner,PRJ-2024-00115,PRJ-2024-00412,PRJ-2024-00115,PRJ-2024-00412,0
PAIR-101010,document,erp,PRJ-2024-00036,PRJ-2024-00450,PRJ-2024-00036,PRJ-2024-00450,0
PAIR-101011,partner,erp,PRJ-2024-00397,PRJ-2024-00433,PRJ-2024-00397,PRJ-2024-00433,0
PAIR-101012,document,crm,PRJ-2024-00045,PRJ-2024-00284,PRJ-2024-00045,PRJ-2024-00284,0
PAIR-101013,partner,document,PRJ-2024-00189,PRJ-2024-00103,PRJ-2024-00189,PRJ-2024-00103,0
PAIR-101014,erp,partner,PRJ-2024-00402,PRJ-2024-00156,PRJ-2024-00402,PRJ-2024-00156,0
PAIR-101015,document,crm,PRJ-2024-00189,PRJ-2024-00303,PRJ-2024-00189,PRJ-2024-00303,0
PAIR-101016,erp,crm,PRJ-2024-00376,PRJ-2024-00462,PRJ-2024-00376,PRJ-2024-00462,0
PAIR-101017,document,crm,PRJ-2024-00004,PRJ-2024-00478,PRJ-2024-00004,PRJ-2024-00478,0
PAIR-101018,partner,document,PRJ-2024-00120,PRJ-2024-00278,PRJ-2024-00120,PRJ-2024-00278,0
PAIR-101019,crm,partner,PRJ-2024-00430,PRJ-2024-00356,PRJ-2024-00430,PRJ-2024-00356,0
PAIR-101020,document,partner,PRJ-2024-00001,PRJ-2024-00389,PRJ-2024-00001,PRJ-2024-00389,0
PAIR-101021,crm,erp,PRJ-2024-00373,PRJ-2024-00158,PRJ-2024-00373,PRJ-2024-00158,0
PAIR-101022,document,erp,PRJ-2024-00272,PRJ-2024-00122,PRJ-2024-00272,PRJ-2024-00122,0
PAIR-101023,erp,document,PRJ-2024-00493,PRJ-2024-00031,PRJ-2024-00493,PRJ-2024-00031,0
PAIR-101024,crm,erp,PRJ-2024-00144,PRJ-2024-00048,PRJ-2024-00144,PRJ-2024-00048,0
PAIR-101025,document,partner,PRJ-2024-00460,PRJ-2024-00433,PRJ-2024-00460,PRJ-2024-00433,0
PAIR-101026,document,partner,PRJ-2024-00459,PRJ-2024-00191,PRJ-2024-00459,PRJ-2024-00191,0
PAIR-101027,crm,document,PRJ-2024-00044,PRJ-2024-00298,PRJ-2024-00044,PRJ-2024-00298,0
PAIR-101028,document,crm,PRJ-2024-00069,PRJ-2024-00327,PRJ-2024-00069,PRJ-2024-00327,0
PAIR-101029,crm,partner,PRJ-2024-00304,PRJ-2024-00291,PRJ-2024-00304,PRJ-2024-00291,0
PAIR-101030,erp,crm,PRJ-2024-00340,PRJ-2024-00494,PRJ-2024-00340,PRJ-2024-00494,0
PAIR-101031,partner,erp,PRJ-2024-00150,PRJ-2024-00134,PRJ-2024-00150,PRJ-2024-00134,0
PAIR-101032,partner,erp,PRJ-2024-00359,PRJ-2024-00426,PRJ-2024-00359,PRJ-2024-00426,0
PAIR-101033,erp,crm,PRJ-2024-00232,PRJ-2024-00140,PRJ-2024-00232,PRJ-2024-00140,0
PAIR-101034,erp,document,PRJ-2024-00484,PRJ-2024-00104,PRJ-2024-00484,PRJ-2024-00104,0
PAIR-101035,crm,erp,PRJ-2024-00056,PRJ-2024-00080,PRJ-2024-00056,PRJ-2024-00080,0
PAIR-101036,partner,erp,PRJ-2024-00231,PRJ-2024-00239,PRJ-2024-00231,PRJ-2024-00239,0
PAIR-101037,partner,crm,PRJ-2024-00062,PRJ-2024-00275,PRJ-2024-00062,PRJ-2024-00275,0
PAIR-101038,document,erp,PRJ-2024-00232,PRJ-2024-00158,PRJ-2024-00232,PRJ-2024-00158,0
PAIR-101039,crm,erp,PRJ-2024-00437,PRJ-2024-00062,PRJ-2024-00437,PRJ-2024-00062,0
PAIR-101040,partner,document,PRJ-2024-00414,PRJ-2024-00352,PRJ-2024-00414,PRJ-2024-00352,0
PAIR-101041,crm,erp,PRJ-2024-00357,PRJ-2024-00309,PRJ-2024-00357,PRJ-2024-00309,0
PAIR-101042,partner,crm,PRJ-2024-00428,PRJ-2024-00439,PRJ-2024-00428,PRJ-2024-00439,0
PAIR-101043,erp,partner,PRJ-2024-00047,PRJ-2024-00365,PRJ-2024-00047,PRJ-2024-00365,0
PAIR-101044,crm,document,PRJ-2024-00203,PRJ-2024-00263,PRJ-2024-00203,PRJ-2024-00263,0
PAIR-101045,erp,crm,PRJ-2024-00154,PRJ-2024-00134,PRJ-2024-00154,PRJ-2024-00134,0
PAIR-101046,document,partner,PRJ-2024-00488,PRJ-2024-00208,PRJ-2024-00488,PRJ-2024-00208,0
PAIR-101047,erp,crm,PRJ-2024-00384,PRJ-2024-00282,PRJ-2024-00384,PRJ-2024-00282,0
PAIR-101048,erp,crm,PRJ-2024-00237,PRJ-2024-00053,PRJ-2024-00237,PRJ-2024-00053,0
PAIR-101049,erp,crm,PRJ-2024-00007,PRJ-2024-00032,PRJ-2024-00007,PRJ-2024-00032,0
PAIR-101050,document,erp,PRJ-2024-00102,PRJ-2024-00422,PRJ-2024-00102,PRJ-2024-00422,0
PAIR-101051,crm,document,PRJ-2024-00352,PRJ-2024-00323,PRJ-2024-00352,PRJ-2024-00323,0
PAIR-101052,crm,erp,PRJ-2024-00301,PRJ-2024-00133,PRJ-2024-00301,PRJ-2024-00133,0
PAIR-101053,document,crm,PRJ-2024-00034,PRJ-2024-00102,PRJ-2024-00034,PRJ-2024-00102,0
PAIR-101054,partner,crm,PRJ-2024-00048,PRJ-2024-00464,PRJ-2024-00048,PRJ-2024-00464,0
PAIR-101055,document,crm,PRJ-2024-00022,PRJ-2024-00483,PRJ-2024-00022,PRJ-2024-00483,0
PAIR-101056,document,partner,PRJ-2024-00087,PRJ-2024-00474,PRJ-2024-00087,PRJ-2024-00474,0
PAIR-101057,crm,partner,PRJ-2024-00203,PRJ-2024-00255,PRJ-2024-00203,PRJ-2024-00255,0
PAIR-101058,erp,partner,PRJ-2024-00350,PRJ-2024-00219,PRJ-2024-00350,PRJ-2024-00219,0
PAIR-101059,erp,partner,PRJ-2024-00110,PRJ-2024-00466,PRJ-2024-00110,PRJ-2024-00466,0
PAIR-101060,erp,crm,PRJ-2024-00144,PRJ-2024-00229,PRJ-2024-00144,PRJ-2024-00229,0
PAIR-101061,erp,document,PRJ-2024-00315,PRJ-2024-00318,PRJ-2024-00315,PRJ-2024-00318,0
PAIR-101062,document,partner,PRJ-2024-00152,PRJ-2024-00256,PRJ-2024-00152,PRJ-2024-00256,0
PAIR-101063,crm,partner,PRJ-2024-00246,PRJ-2024-00032,PRJ-2024-00246,PRJ-2024-00032,0
PAIR-101064,document,crm,PRJ-2024-00197,PRJ-2024-00071,PRJ-2024-00197,PRJ-2024-00071,0
PAIR-101065,erp,document,PRJ-2024-00330,PRJ-2024-00453,PRJ-2024-00330,PRJ-2024-00453,0
PAIR-101066,crm,partner,PRJ-2024-00411,PRJ-2024-00279,PRJ-2024-00411,PRJ-2024-00279,0
PAIR-101067,partner,erp,PRJ-2024-00401,PRJ-2024-00366,PRJ-2024-00401,PRJ-2024-00366,0
PAIR-101068,document,erp,PRJ-2024-00279,PRJ-2024-00401,PRJ-2024-00279,PRJ-2024-00401,0
PAIR-101069,partner,erp,PRJ-2024-00468,PRJ-2024-00290,PRJ-2024-00468,PRJ-2024-00290,0
PAIR-101070,crm,partner,PRJ-2024-00139,PRJ-2024-00093,PRJ-2024-00139,PRJ-2024-00093,0
PAIR-101071,crm,partner,PRJ-2024-00306,PRJ-2024-00113,PRJ-2024-00306,PRJ-2024-00113,0
PAIR-101072,document,partner,PRJ-2024-00030,PRJ-2024-00415,PRJ-2024-00030,PRJ-2024-00415,0
PAIR-101073,erp,crm,PRJ-2024-00184,PRJ-2024-00393,PRJ-2024-00184,PRJ-2024-00393,0
PAIR-101074,erp,partner,PRJ-2024-00052,PRJ-2024-00127,PRJ-2024-00052,PRJ-2024-00127,0
PAIR-101075,crm,erp,PRJ-2024-00274,PRJ-2024-00418,PRJ-2024-00274,PRJ-2024-00418,0
PAIR-101076,document,erp,PRJ-2024-00295,PRJ-2024-00434,PRJ-2024-00295,PRJ-2024-00434,0
PAIR-101077,erp,crm,PRJ-2024-00479,PRJ-2024-00430,PRJ-2024-00479,PRJ-2024-00430,0
PAIR-101078,partner,document,PRJ-2024-00122,PRJ-2024-00304,PRJ-2024-00122,PRJ-2024-00304,0
PAIR-101079,crm,document,PRJ-2024-00358,PRJ-2024-00184,PRJ-2024-00358,PRJ-2024-00184,0
PAIR-101080,erp,document,PRJ-2024-00359,PRJ-2024-00181,PRJ-2024-00359,PRJ-2024-00181,0
PAIR-101081,document,partner,PRJ-2024-00486,PRJ-2024-00097,PRJ-2024-00486,PRJ-2024-00097,0
PAIR-101082,document,crm,PRJ-2024-00159,PRJ-2024-00090,PRJ-2024-00159,PRJ-2024-00090,0
PAIR-101083,erp,document,PRJ-2024-00047,PRJ-2024-00029,PRJ-2024-00047,PRJ-2024-00029,0
PAIR-101084,document,crm,PRJ-2024-00113,PRJ-2024-00011,PRJ-2024-00113,PRJ-2024-00011,0
PAIR-101085,erp,crm,PRJ-2024-00170,PRJ-2024-00470,PRJ-2024-00170,PRJ-2024-00470,0
PAIR-101086,erp,partner,PRJ-2024-00175,PRJ-2024-00368,PRJ-2024-00175,PRJ-2024-00368,0
PAIR-101087,erp,document,PRJ-2024-00031,PRJ-2024-00012,PRJ-2024-00031,PRJ-2024-00012,0
PAIR-101088,erp,crm,PRJ-2024-00361,PRJ-2024-00470,PRJ-2024-00361,PRJ-2024-00470,0
PAIR-101089,partner,crm,PRJ-2024-00434,PRJ-2024-00270,PRJ-2024-00434,PRJ-2024-00270,0
PAIR-101090,document,partner,PRJ-2024-00192,PRJ-2024-00361,PRJ-2024-00192,PRJ-2024-00361,0
PAIR-101091,partner,erp,PRJ-2024-00052,PRJ-2024-00173,PRJ-2024-00052,PRJ-2024-00173,0
PAIR-101092,erp,document,PRJ-2024-00070,PRJ-2024-00500,PRJ-2024-00070,PRJ-2024-00500,0
PAIR-101093,document,partner,PRJ-2024-00486,PRJ-2024-00224,PRJ-2024-00486,PRJ-2024-00224,0
PAIR-101094,partner,crm,PRJ-2024-00163,PRJ-2024-00090,PRJ-2024-00163,PRJ-2024-00090,0
PAIR-101095,erp,partner,PRJ-2024-00341,PRJ-2024-00302,PRJ-2024-00341,PRJ-2024-00302,0
PAIR-101096,partner,crm,PRJ-2024-00158,PRJ-2024-00376,PRJ-2024-00158,PRJ-2024-00376,0
PAIR-101097,crm,document,PRJ-2024-00091,PRJ-2024-00374,PRJ-2024-00091,PRJ-2024-00374,0
PAIR-101098,document,partner,PRJ-2024-00486,PRJ-2024-00294,PRJ-2024-00486,PRJ-2024-00294,0
PAIR-101099,partner,document,PRJ-2024-00017,PRJ-2024-00094,PRJ-2024-00017,PRJ-2024-00094,0
PAIR-101100,crm,partner,PRJ-2024-00114,PRJ-2024-00328,PRJ-2024-00114,PRJ-2024-00328,0
PAIR-101101,crm,erp,PRJ-2024-00073,PRJ-2024-00170,PRJ-2024-00073,PRJ-2024-00170,0
PAIR-101102,erp,document,PRJ-2024-00178,PRJ-2024-00164,PRJ-2024-00178,PRJ-2024-00164,0
PAIR-101103,crm,document,PRJ-2024-00454,PRJ-2024-00494,PRJ-2024-00454,PRJ-2024-00494,0
PAIR-101104,partner,erp,PRJ-2024-00344,PRJ-2024-00328,PRJ-2024-00344,PRJ-2024-00328,0
PAIR-101105,erp,crm,PRJ-2024-00006,PRJ-2024-00136,PRJ-2024-00006,PRJ-2024-00136,0
PAIR-101106,partner,erp,PRJ-2024-00355,PRJ-2024-00035,PRJ-2024-00355,PRJ-2024-00035,0
PAIR-101107,crm,erp,PRJ-2024-00403,PRJ-2024-00056,PRJ-2024-00403,PRJ-2024-00056,0
PAIR-101108,document,crm,PRJ-2024-00198,PRJ-2024-00225,PRJ-2024-00198,PRJ-2024-00225,0
PAIR-101109,document,erp,PRJ-2024-00453,PRJ-2024-00212,PRJ-2024-00453,PRJ-2024-00212,0
PAIR-101110,document,crm,PRJ-2024-00180,PRJ-2024-00280,PRJ-2024-00180,PRJ-2024-00280,0
PAIR-101111,erp,crm,PRJ-2024-00425,PRJ-2024-00246,PRJ-2024-00425,PRJ-2024-00246,0
PAIR-101112,crm,partner,PRJ-2024-00232,PRJ-2024-00038,PRJ-2024-00232,PRJ-2024-00038,0
PAIR-101113,partner,crm,PRJ-2024-00011,PRJ-2024-00164,PRJ-2024-00011,PRJ-2024-00164,0
PAIR-101114,erp,partner,PRJ-2024-00038,PRJ-2024-00176,PRJ-2024-00038,PRJ-2024-00176,0
PAIR-101115,crm,document,PRJ-2024-00083,PRJ-2024-00375,PRJ-2024-00083,PRJ-2024-00375,0
PAIR-101116,crm,partner,PRJ-2024-00483,PRJ-2024-00460,PRJ-2024-00483,PRJ-2024-00460,0
PAIR-101117,document,partner,PRJ-2024-00305,PRJ-2024-00315,PRJ-2024-00305,PRJ-2024-00315,0
PAIR-101118,erp,document,PRJ-2024-00016,PRJ-2024-00221,PRJ-2024-00016,PRJ-2024-00221,0
PAIR-101119,erp,crm,PRJ-2024-00456,PRJ-2024-00223,PRJ-2024-00456,PRJ-2024-00223,0
PAIR-101120,erp,crm,PRJ-2024-00052,PRJ-2024-00170,PRJ-2024-00052,PRJ-2024-00170,0
PAIR-101121,partner,document,PRJ-2024-00210,PRJ-2024-00357,PRJ-2024-00210,PRJ-2024-00357,0
PAIR-101122,erp,crm,PRJ-2024-00145,PRJ-2024-00153,PRJ-2024-00145,PRJ-2024-00153,0
PAIR-101123,document,crm,PRJ-2024-00026,PRJ-2024-00202,PRJ-2024-00026,PRJ-2024-00202,0
PAIR-101124,crm,partner,PRJ-2024-00028,PRJ-2024-00185,PRJ-2024-00028,PRJ-2024-00185,0
PAIR-101125,document,crm,PRJ-2024-00045,PRJ-2024-00151,PRJ-2024-00045,PRJ-2024-00151,0
PAIR-101126,erp,crm,PRJ-2024-00050,PRJ-2024-00014,PRJ-2024-00050,PRJ-2024-00014,0
PAIR-101127,crm,partner,PRJ-2024-00327,PRJ-2024-00150,PRJ-2024-00327,PRJ-2024-00150,0
PAIR-101128,partner,erp,PRJ-2024-00433,PRJ-2024-00060,PRJ-2024-00433,PRJ-2024-00060,0
PAIR-101129,partner,crm,PRJ-2024-00242,PRJ-2024-00251,PRJ-2024-00242,PRJ-2024-00251,0
PAIR-101130,document,crm,PRJ-2024-00329,PRJ-2024-00279,PRJ-2024-00329,PRJ-2024-00279,0
PAIR-101131,document,erp,PRJ-2024-00190,PRJ-2024-00454,PRJ-2024-00190,PRJ-2024-00454,0
PAIR-101132,crm,partner,PRJ-2024-00096,PRJ-2024-00229,PRJ-2024-00096,PRJ-2024-00229,0
PAIR-101133,partner,crm,PRJ-2024-00226,PRJ-2024-00239,PRJ-2024-00226,PRJ-2024-00239,0
PAIR-101134,crm,erp,PRJ-2024-00429,PRJ-2024-00138,PRJ-2024-00429,PRJ-2024-00138,0
PAIR-101135,crm,erp,PRJ-2024-00386,PRJ-2024-00357,PRJ-2024-00386,PRJ-2024-00357,0
PAIR-101136,document,partner,PRJ-2024-00343,PRJ-2024-00177,PRJ-2024-00343,PRJ-2024-00177,0
PAIR-101137,crm,partner,PRJ-2024-00117,PRJ-2024-00284,PRJ-2024-00117,PRJ-2024-00284,0
PAIR-101138,document,partner,PRJ-2024-00420,PRJ-2024-00268,PRJ-2024-00420,PRJ-2024-00268,0
PAIR-101139,document,partner,PRJ-2024-00352,PRJ-2024-00444,PRJ-2024-00352,PRJ-2024-00444,0
PAIR-101140,document,erp,PRJ-2024-00452,PRJ-2024-00121,PRJ-2024-00452,PRJ-2024-00121,0
PAIR-101141,crm,document,PRJ-2024-00041,PRJ-2024-00203,PRJ-2024-00041,PRJ-2024-00203,0
PAIR-101142,erp,crm,PRJ-2024-00293,PRJ-2024-00462,PRJ-2024-00293,PRJ-2024-00462,0
PAIR-101143,document,crm,PRJ-2024-00487,PRJ-2024-00388,PRJ-2024-00487,PRJ-2024-00388,0
PAIR-101144,erp,crm,PRJ-2024-00486,PRJ-2024-00086,PRJ-2024-00486,PRJ-2024-00086,0
PAIR-101145,document,crm,PRJ-2024-00065,PRJ-2024-00022,PRJ-2024-00065,PRJ-2024-00022,0
PAIR-101146,erp,document,PRJ-2024-00350,PRJ-2024-00223,PRJ-2024-00350,PRJ-2024-00223,0
PAIR-101147,partner,erp,PRJ-2024-00076,PRJ-2024-00428,PRJ-2024-00076,PRJ-2024-00428,0
PAIR-101148,crm,erp,PRJ-2024-00467,PRJ-2024-00373,PRJ-2024-00467,PRJ-2024-00373,0
PAIR-101149,document,partner,PRJ-2024-00199,PRJ-2024-00285,PRJ-2024-00199,PRJ-2024-00285,0
PAIR-101150,partner,document,PRJ-2024-00167,PRJ-2024-00439,PRJ-2024-00167,PRJ-2024-00439,0
PAIR-101151,crm,document,PRJ-2024-00235,PRJ-2024-00470,PRJ-2024-00235,PRJ-2024-00470,0
PAIR-101152,document,crm,PRJ-2024-00320,PRJ-2024-00301,PRJ-2024-00320,PRJ-2024-00301,0
PAIR-101153,erp,document,PRJ-2024-00213,PRJ-2024-00077,PRJ-2024-00213,PRJ-2024-00077,0
PAIR-101154,crm,erp,PRJ-2024-00302,PRJ-2024-00299,PRJ-2024-00302,PRJ-2024-00299,0
PAIR-101155,crm,partner,PRJ-2024-00289,PRJ-2024-00400,PRJ-2024-00289,PRJ-2024-00400,0
PAIR-101156,partner,erp,PRJ-2024-00445,PRJ-2024-00275,PRJ-2024-00445,PRJ-2024-00275,0
PAIR-101157,document,partner,PRJ-2024-00136,PRJ-2024-00197,PRJ-2024-00136,PRJ-2024-00197,0
PAIR-101158,crm,erp,PRJ-2024-00312,PRJ-2024-00243,PRJ-2024-00312,PRJ-2024-00243,0
PAIR-101159,erp,document,PRJ-2024-00142,PRJ-2024-00207,PRJ-2024-00142,PRJ-2024-00207,0
PAIR-101160,document,crm,PRJ-2024-00312,PRJ-2024-00349,PRJ-2024-00312,PRJ-2024-00349,0
PAIR-101161,partner,document,PRJ-2024-00203,PRJ-2024-00456,PRJ-2024-00203,PRJ-2024-00456,0
PAIR-101162,document,erp,PRJ-2024-00122,PRJ-2024-00026,PRJ-2024-00122,PRJ-2024-00026,0
PAIR-101163,crm,partner,PRJ-2024-00460,PRJ-2024-00191,PRJ-2024-00460,PRJ-2024-00191,0
PAIR-101164,partner,erp,PRJ-2024-00419,PRJ-2024-00407,PRJ-2024-00419,PRJ-2024-00407,0
PAIR-101165,document,partner,PRJ-2024-00144,PRJ-2024-00432,PRJ-2024-00144,PRJ-2024-00432,0
PAIR-101166,erp,crm,PRJ-2024-00351,PRJ-2024-00051,PRJ-2024-00351,PRJ-2024-00051,0
PAIR-101167,document,erp,PRJ-2024-00154,PRJ-2024-00499,PRJ-2024-00154,PRJ-2024-00499,0
PAIR-101168,document,partner,PRJ-2024-00138,PRJ-2024-00374,PRJ-2024-00138,PRJ-2024-00374,0
PAIR-101169,erp,partner,PRJ-2024-00331,PRJ-2024-00046,PRJ-2024-00331,PRJ-2024-00046,0
PAIR-101170,document,partner,PRJ-2024-00109,PRJ-2024-00468,PRJ-2024-00109,PRJ-2024-00468,0
PAIR-101171,partner,crm,PRJ-2024-00249,PRJ-2024-00389,PRJ-2024-00249,PRJ-2024-00389,0
PAIR-101172,erp,crm,PRJ-2024-00264,PRJ-2024-00406,PRJ-2024-00264,PRJ-2024-00406,0
PAIR-101173,document,crm,PRJ-2024-00160,PRJ-2024-00364,PRJ-2024-00160,PRJ-2024-00364,0
PAIR-101174,crm,erp,PRJ-2024-00400,PRJ-2024-00436,PRJ-2024-00400,PRJ-2024-00436,0
PAIR-101175,erp,crm,PRJ-2024-00099,PRJ-2024-00449,PRJ-2024-00099,PRJ-2024-00449,0
PAIR-101176,document,crm,PRJ-2024-00128,PRJ-2024-00017,PRJ-2024-00128,PRJ-2024-00017,0
PAIR-101177,erp,partner,PRJ-2024-00471,PRJ-2024-00185,PRJ-2024-00471,PRJ-2024-00185,0
PAIR-101178,document,partner,PRJ-2024-00189,PRJ-2024-00422,PRJ-2024-00189,PRJ-2024-00422,0
PAIR-101179,crm,document,PRJ-2024-00204,PRJ-2024-00326,PRJ-2024-00204,PRJ-2024-00326,0
PAIR-101180,partner,erp,PRJ-2024-00016,PRJ-2024-00124,PRJ-2024-00016,PRJ-2024-00124,0
PAIR-101181,erp,partner,PRJ-2024-00305,PRJ-2024-00229,PRJ-2024-00305,PRJ-2024-00229,0
PAIR-101182,partner,erp,PRJ-2024-00301,PRJ-2024-00283,PRJ-2024-00301,PRJ-2024-00283,0
PAIR-101183,partner,document,PRJ-2024-00084,PRJ-2024-00429,PRJ-2024-00084,PRJ-2024-00429,0
PAIR-101184,crm,partner,PRJ-2024-00426,PRJ-2024-00353,PRJ-2024-00426,PRJ-2024-00353,0
PAIR-101185,crm,erp,PRJ-2024-00015,PRJ-2024-00198,PRJ-2024-00015,PRJ-2024-00198,0
PAIR-101186,erp,crm,PRJ-2024-00438,PRJ-2024-00293,PRJ-2024-00438,PRJ-2024-00293,0
PAIR-101187,erp,partner,PRJ-2024-00332,PRJ-2024-00116,PRJ-2024-00332,PRJ-2024-00116,0
PAIR-101188,crm,document,PRJ-2024-00334,PRJ-2024-00210,PRJ-2024-00334,PRJ-2024-00210,0
PAIR-101189,erp,document,PRJ-2024-00005,PRJ-2024-00243,PRJ-2024-00005,PRJ-2024-00243,0
PAIR-101190,crm,erp,PRJ-2024-00089,PRJ-2024-00308,PRJ-2024-00089,PRJ-2024-00308,0
PAIR-101191,partner,document,PRJ-2024-00130,PRJ-2024-00312,PRJ-2024-00130,PRJ-2024-00312,0
PAIR-101192,partner,erp,PRJ-2024-00496,PRJ-2024-00364,PRJ-2024-00496,PRJ-2024-00364,0
PAIR-101193,partner,erp,PRJ-2024-00459,PRJ-2024-00193,PRJ-2024-00459,PRJ-2024-00193,0
PAIR-101194,document,erp,PRJ-2024-00130,PRJ-2024-00112,PRJ-2024-00130,PRJ-2024-00112,0
PAIR-101195,document,partner,PRJ-2024-00347,PRJ-2024-00267,PRJ-2024-00347,PRJ-2024-00267,0
PAIR-101196,partner,document,PRJ-2024-00053,PRJ-2024-00004,PRJ-2024-00053,PRJ-2024-00004,0
PAIR-101197,partner,erp,PRJ-2024-00332,PRJ-2024-00305,PRJ-2024-00332,PRJ-2024-00305,0
PAIR-101198,document,crm,PRJ-2024-00351,PRJ-2024-00056,PRJ-2024-00351,PRJ-2024-00056,0
PAIR-101199,partner,erp,PRJ-2024-00173,PRJ-2024-00142,PRJ-2024-00173,PRJ-2024-00142,0
PAIR-101200,partner,crm,PRJ-2024-00134,PRJ-2024-00336,PRJ-2024-00134,PRJ-2024-00336,0
PAIR-101201,erp,crm,PRJ-2024-00077,PRJ-2024-00265,PRJ-2024-00077,PRJ-2024-00265,0
PAIR-101202,document,partner,PRJ-2024-00413,PRJ-2024-00439,PRJ-2024-00413,PRJ-2024-00439,0
PAIR-101203,erp,document,PRJ-2024-00164,PRJ-2024-00349,PRJ-2024-00164,PRJ-2024-00349,0
PAIR-101204,document,erp,PRJ-2024-00014,PRJ-2024-00336,PRJ-2024-00014,PRJ-2024-00336,0
PAIR-101205,document,erp,PRJ-2024-00133,PRJ-2024-00465,PRJ-2024-00133,PRJ-2024-00465,0
PAIR-101206,crm,document,PRJ-2024-00199,PRJ-2024-00378,PRJ-2024-00199,PRJ-2024-00378,0
PAIR-101207,erp,partner,PRJ-2024-00363,PRJ-2024-00293,PRJ-2024-00363,PRJ-2024-00293,0
PAIR-101208,erp,document,PRJ-2024-00372,PRJ-2024-00366,PRJ-2024-00372,PRJ-2024-00366,0
PAIR-101209,document,partner,PRJ-2024-00274,PRJ-2024-00327,PRJ-2024-00274,PRJ-2024-00327,0
PAIR-101210,partner,crm,PRJ-2024-00184,PRJ-2024-00260,PRJ-2024-00184,PRJ-2024-00260,0
PAIR-101211,erp,partner,PRJ-2024-00431,PRJ-2024-00337,PRJ-2024-00431,PRJ-2024-00337,0
PAIR-101212,erp,document,PRJ-2024-00050,PRJ-2024-00242,PRJ-2024-00050,PRJ-2024-00242,0
PAIR-101213,erp,document,PRJ-2024-00133,PRJ-2024-00372,PRJ-2024-00133,PRJ-2024-00372,0
PAIR-101214,crm,erp,PRJ-2024-00461,PRJ-2024-00172,PRJ-2024-00461,PRJ-2024-00172,0
PAIR-101215,partner,erp,PRJ-2024-00182,PRJ-2024-00115,PRJ-2024-00182,PRJ-2024-00115,0
PAIR-101216,partner,erp,PRJ-2024-00404,PRJ-2024-00455,PRJ-2024-00404,PRJ-2024-00455,0
PAIR-101217,partner,erp,PRJ-2024-00134,PRJ-2024-00300,PRJ-2024-00134,PRJ-2024-00300,0
PAIR-101218,document,crm,PRJ-2024-00436,PRJ-2024-00061,PRJ-2024-00436,PRJ-2024-00061,0
PAIR-101219,crm,partner,PRJ-2024-00444,PRJ-2024-00325,PRJ-2024-00444,PRJ-2024-00325,0
PAIR-101220,crm,document,PRJ-2024-00456,PRJ-2024-00100,PRJ-2024-00456,PRJ-2024-00100,0
PAIR-101221,partner,erp,PRJ-2024-00196,PRJ-2024-00272,PRJ-2024-00196,PRJ-2024-00272,0
PAIR-101222,erp,crm,PRJ-2024-00028,PRJ-2024-00446,PRJ-2024-00028,PRJ-2024-00446,0
PAIR-101223,document,partner,PRJ-2024-00103,PRJ-2024-00176,PRJ-2024-00103,PRJ-2024-00176,0
PAIR-101224,document,crm,PRJ-2024-00458,PRJ-2024-00465,PRJ-2024-00458,PRJ-2024-00465,0
PAIR-101225,erp,crm,PRJ-2024-00162,PRJ-2024-00442,PRJ-2024-00162,PRJ-2024-00442,0
PAIR-101226,erp,partner,PRJ-2024-00250,PRJ-2024-00171,PRJ-2024-00250,PRJ-2024-00171,0
PAIR-101227,crm,partner,PRJ-2024-00325,PRJ-2024-00030,PRJ-2024-00325,PRJ-2024-00030,0
PAIR-101228,erp,document,PRJ-2024-00141,PRJ-2024-00108,PRJ-2024-00141,PRJ-2024-00108,0
PAIR-101229,document,crm,PRJ-2024-00392,PRJ-2024-00082,PRJ-2024-00392,PRJ-2024-00082,0
PAIR-101230,document,partner,PRJ-2024-00067,PRJ-2024-00315,PRJ-2024-00067,PRJ-2024-00315,0
PAIR-101231,document,erp,PRJ-2024-00220,PRJ-2024-00207,PRJ-2024-00220,PRJ-2024-00207,0
PAIR-101232,crm,document,PRJ-2024-00197,PRJ-2024-00003,PRJ-2024-00197,PRJ-2024-00003,0
PAIR-101233,partner,crm,PRJ-2024-00103,PRJ-2024-00375,PRJ-2024-00103,PRJ-2024-00375,0
PAIR-101234,erp,crm,PRJ-2024-00457,PRJ-2024-00165,PRJ-2024-00457,PRJ-2024-00165,0
PAIR-101235,erp,crm,PRJ-2024-00347,PRJ-2024-00003,PRJ-2024-00347,PRJ-2024-00003,0
PAIR-101236,partner,erp,PRJ-2024-00356,PRJ-2024-00450,PRJ-2024-00356,PRJ-2024-00450,0
PAIR-101237,document,partner,PRJ-2024-00067,PRJ-2024-00053,PRJ-2024-00067,PRJ-2024-00053,0
PAIR-101238,erp,crm,PRJ-2024-00302,PRJ-2024-00157,PRJ-2024-00302,PRJ-2024-00157,0
PAIR-101239,partner,erp,PRJ-2024-00422,PRJ-2024-00024,PRJ-2024-00422,PRJ-2024-00024,0
PAIR-101240,partner,erp,PRJ-2024-00234,PRJ-2024-00373,PRJ-2024-00234,PRJ-2024-00373,0
PAIR-101241,erp,partner,PRJ-2024-00455,PRJ-2024-00352,PRJ-2024-00455,PRJ-2024-00352,0
PAIR-101242,partner,crm,PRJ-2024-00462,PRJ-2024-00251,PRJ-2024-00462,PRJ-2024-00251,0
PAIR-101243,document,crm,PRJ-2024-00085,PRJ-2024-00486,PRJ-2024-00085,PRJ-2024-00486,0
PAIR-101244,erp,crm,PRJ-2024-00117,PRJ-2024-00115,PRJ-2024-00117,PRJ-2024-00115,0
PAIR-101245,erp,crm,PRJ-2024-00376,PRJ-2024-00012,PRJ-2024-00376,PRJ-2024-00012,0
PAIR-101246,crm,partner,PRJ-2024-00188,PRJ-2024-00365,PRJ-2024-00188,PRJ-2024-00365,0
PAIR-101247,partner,document,PRJ-2024-00449,PRJ-2024-00328,PRJ-2024-00449,PRJ-2024-00328,0
PAIR-101248,crm,document,PRJ-2024-00320,PRJ-2024-00025,PRJ-2024-00320,PRJ-2024-00025,0
PAIR-101249,crm,erp,PRJ-2024-00056,PRJ-2024-00335,PRJ-2024-00056,PRJ-2024-00335,0
PAIR-101250,document,erp,PRJ-2024-00354,PRJ-2024-00060,PRJ-2024-00354,PRJ-2024-00060,0
PAIR-101251,partner,erp,PRJ-2024-00195,PRJ-2024-00064,PRJ-2024-00195,PRJ-2024-00064,0
PAIR-101252,erp,document,PRJ-2024-00360,PRJ-2024-00079,PRJ-2024-00360,PRJ-2024-00079,0
PAIR-101253,crm,partner,PRJ-2024-00352,PRJ-2024-00323,PRJ-2024-00352,PRJ-2024-00323,0
PAIR-101254,crm,document,PRJ-2024-00216,PRJ-2024-00339,PRJ-2024-00216,PRJ-2024-00339,0
PAIR-101255,erp,partner,PRJ-2024-00267,PRJ-2024-00139,PRJ-2024-00267,PRJ-2024-00139,0
PAIR-101256,crm,document,PRJ-2024-00426,PRJ-2024-00461,PRJ-2024-00426,PRJ-2024-00461,0
PAIR-101257,crm,partner,PRJ-2024-00369,PRJ-2024-00317,PRJ-2024-00369,PRJ-2024-00317,0
PAIR-101258,crm,partner,PRJ-2024-00059,PRJ-2024-00402,PRJ-2024-00059,PRJ-2024-00402,0
PAIR-101259,erp,partner,PRJ-2024-00102,PRJ-2024-00312,PRJ-2024-00102,PRJ-2024-00312,0
PAIR-101260,erp,partner,PRJ-2024-00426,PRJ-2024-00268,PRJ-2024-00426,PRJ-2024-00268,0
PAIR-101261,partner,crm,PRJ-2024-00361,PRJ-2024-00210,PRJ-2024-00361,PRJ-2024-00210,0
PAIR-101262,document,crm,PRJ-2024-00021,PRJ-2024-00281,PRJ-2024-00021,PRJ-2024-00281,0
PAIR-101263,document,erp,PRJ-2024-00353,PRJ-2024-00478,PRJ-2024-00353,PRJ-2024-00478,0
PAIR-101264,crm,document,PRJ-2024-00121,PRJ-2024-00002,PRJ-2024-00121,PRJ-2024-00002,0
PAIR-101265,crm,document,PRJ-2024-00046,PRJ-2024-00465,PRJ-2024-00046,PRJ-2024-00465,0
PAIR-101266,erp,crm,PRJ-2024-00343,PRJ-2024-00253,PRJ-2024-00343,PRJ-2024-00253,0
PAIR-101267,crm,document,PRJ-2024-00400,PRJ-2024-00262,PRJ-2024-00400,PRJ-2024-00262,0
PAIR-101268,partner,document,PRJ-2024-00371,PRJ-2024-00052,PRJ-2024-00371,PRJ-2024-00052,0
PAIR-101269,partner,erp,PRJ-2024-00119,PRJ-2024-00234,PRJ-2024-00119,PRJ-2024-00234,0
PAIR-101270,crm,erp,PRJ-2024-00238,PRJ-2024-00026,PRJ-2024-00238,PRJ-2024-00026,0
PAIR-101271,partner,erp,PRJ-2024-00448,PRJ-2024-00021,PRJ-2024-00448,PRJ-2024-00021,0
PAIR-101272,partner,erp,PRJ-2024-00411,PRJ-2024-00347,PRJ-2024-00411,PRJ-2024-00347,0
PAIR-101273,crm,erp,PRJ-2024-00379,PRJ-2024-00060,PRJ-2024-00379,PRJ-2024-00060,0
PAIR-101274,erp,document,PRJ-2024-00005,PRJ-2024-00437,PRJ-2024-00005,PRJ-2024-00437,0
PAIR-101275,partner,erp,PRJ-2024-00332,PRJ-2024-00088,PRJ-2024-00332,PRJ-2024-00088,0
PAIR-101276,partner,document,PRJ-2024-00458,PRJ-2024-00225,PRJ-2024-00458,PRJ-2024-00225,0
PAIR-101277,partner,crm,PRJ-2024-00048,PRJ-2024-00191,PRJ-2024-00048,PRJ-2024-00191,0
PAIR-101278,document,erp,PRJ-2024-00059,PRJ-2024-00206,PRJ-2024-00059,PRJ-2024-00206,0
PAIR-101279,document,partner,PRJ-2024-00140,PRJ-2024-00428,PRJ-2024-00140,PRJ-2024-00428,0
PAIR-101280,document,partner,PRJ-2024-00436,PRJ-2024-00245,PRJ-2024-00436,PRJ-2024-00245,0
PAIR-101281,erp,crm,PRJ-2024-00454,PRJ-2024-00409,PRJ-2024-00454,PRJ-2024-00409,0
PAIR-101282,crm,erp,PRJ-2024-00068,PRJ-2024-00357,PRJ-2024-00068,PRJ-2024-00357,0
PAIR-101283,document,partner,PRJ-2024-00054,PRJ-2024-00214,PRJ-2024-00054,PRJ-2024-00214,0
PAIR-101284,erp,document,PRJ-2024-00348,PRJ-2024-00225,PRJ-2024-00348,PRJ-2024-00225,0
PAIR-101285,partner,document,PRJ-2024-00195,PRJ-2024-00399,PRJ-2024-00195,PRJ-2024-00399,0
PAIR-101286,erp,partner,PRJ-2024-00015,PRJ-2024-00442,PRJ-2024-00015,PRJ-2024-00442,0
PAIR-101287,crm,partner,PRJ-2024-00472,PRJ-2024-00250,PRJ-2024-00472,PRJ-2024-00250,0
PAIR-101288,crm,partner,PRJ-2024-00226,PRJ-2024-00024,PRJ-2024-00226,PRJ-2024-00024,0
PAIR-101289,crm,document,PRJ-2024-00336,PRJ-2024-00161,PRJ-2024-00336,PRJ-2024-00161,0
PAIR-101290,crm,partner,PRJ-2024-00448,PRJ-2024-00174,PRJ-2024-00448,PRJ-2024-00174,0
PAIR-101291,erp,partner,PRJ-2024-00339,PRJ-2024-00373,PRJ-2024-00339,PRJ-2024-00373,0
PAIR-101292,document,crm,PRJ-2024-00178,PRJ-2024-00340,PRJ-2024-00178,PRJ-2024-00340,0
PAIR-101293,crm,erp,PRJ-2024-00430,PRJ-2024-00424,PRJ-2024-00430,PRJ-2024-00424,0
PAIR-101294,erp,document,PRJ-2024-00330,PRJ-2024-00479,PRJ-2024-00330,PRJ-2024-00479,0
PAIR-101295,document,crm,PRJ-2024-00435,PRJ-2024-00241,PRJ-2024-00435,PRJ-2024-00241,0
PAIR-101296,document,erp,PRJ-2024-00039,PRJ-2024-00385,PRJ-2024-00039,PRJ-2024-00385,0
PAIR-101297,partner,crm,PRJ-2024-00124,PRJ-2024-00170,PRJ-2024-00124,PRJ-2024-00170,0
PAIR-101298,document,erp,PRJ-2024-00260,PRJ-2024-00115,PRJ-2024-00260,PRJ-2024-00115,0
PAIR-101299,crm,partner,PRJ-2024-00419,PRJ-2024-00121,PRJ-2024-00419,PRJ-2024-00121,0
PAIR-101300,document,crm,PRJ-2024-00228,PRJ-2024-00411,PRJ-2024-00228,PRJ-2024-00411,0
PAIR-101301,document,erp,PRJ-2024-00439,PRJ-2024-00256,PRJ-2024-00439,PRJ-2024-00256,0
PAIR-101302,crm,erp,PRJ-2024-00061,PRJ-2024-00255,PRJ-2024-00061,PRJ-2024-00255,0
PAIR-101303,crm,document,PRJ-2024-00282,PRJ-2024-00001,PRJ-2024-00282,PRJ-2024-00001,0
PAIR-101304,partner,document,PRJ-2024-00494,PRJ-2024-00317,PRJ-2024-00494,PRJ-2024-00317,0
PAIR-101305,document,erp,PRJ-2024-00288,PRJ-2024-00106,PRJ-2024-00288,PRJ-2024-00106,0
PAIR-101306,crm,erp,PRJ-2024-00187,PRJ-2024-00423,PRJ-2024-00187,PRJ-2024-00423,0
PAIR-101307,partner,document,PRJ-2024-00433,PRJ-2024-00233,PRJ-2024-00433,PRJ-2024-00233,0
PAIR-101308,document,partner,PRJ-2024-00393,PRJ-2024-00318,PRJ-2024-00393,PRJ-2024-00318,0
PAIR-101309,document,crm,PRJ-2024-00337,PRJ-2024-00187,PRJ-2024-00337,PRJ-2024-00187,0
PAIR-101310,erp,crm,PRJ-2024-00050,PRJ-2024-00389,PRJ-2024-00050,PRJ-2024-00389,0
PAIR-101311,partner,document,PRJ-2024-00175,PRJ-2024-00182,PRJ-2024-00175,PRJ-2024-00182,0
PAIR-101312,crm,erp,PRJ-2024-00268,PRJ-2024-00192,PRJ-2024-00268,PRJ-2024-00192,0
PAIR-101313,document,crm,PRJ-2024-00460,PRJ-2024-00085,PRJ-2024-00460,PRJ-2024-00085,0
PAIR-101314,document,crm,PRJ-2024-00421,PRJ-2024-00368,PRJ-2024-00421,PRJ-2024-00368,0
PAIR-101315,erp,crm,PRJ-2024-00131,PRJ-2024-00313,PRJ-2024-00131,PRJ-2024-00313,0
PAIR-101316,document,crm,PRJ-2024-00062,PRJ-2024-00477,PRJ-2024-00062,PRJ-2024-00477,0
PAIR-101317,erp,document,PRJ-2024-00235,PRJ-2024-00423,PRJ-2024-00235,PRJ-2024-00423,0
PAIR-101318,document,crm,PRJ-2024-00174,PRJ-2024-00056,PRJ-2024-00174,PRJ-2024-00056,0
PAIR-101319,crm,partner,PRJ-2024-00475,PRJ-2024-00325,PRJ-2024-00475,PRJ-2024-00325,0
PAIR-101320,erp,partner,PRJ-2024-00235,PRJ-2024-00338,PRJ-2024-00235,PRJ-2024-00338,0
PAIR-101321,crm,document,PRJ-2024-00003,PRJ-2024-00272,PRJ-2024-00003,PRJ-2024-00272,0
PAIR-101322,document,partner,PRJ-2024-00479,PRJ-2024-00222,PRJ-2024-00479,PRJ-2024-00222,0
PAIR-101323,erp,document,PRJ-2024-00400,PRJ-2024-00472,PRJ-2024-00400,PRJ-2024-00472,0
PAIR-101324,erp,crm,PRJ-2024-00297,PRJ-2024-00089,PRJ-2024-00297,PRJ-2024-00089,0
PAIR-101325,partner,document,PRJ-2024-00199,PRJ-2024-00337,PRJ-2024-00199,PRJ-2024-00337,0
PAIR-101326,document,partner,PRJ-2024-00452,PRJ-2024-00197,PRJ-2024-00452,PRJ-2024-00197,0
PAIR-101327,erp,partner,PRJ-2024-00469,PRJ-2024-00355,PRJ-2024-00469,PRJ-2024-00355,0
PAIR-101328,partner,erp,PRJ-2024-00204,PRJ-2024-00494,PRJ-2024-00204,PRJ-2024-00494,0
PAIR-101329,erp,crm,PRJ-2024-00232,PRJ-2024-00413,PRJ-2024-00232,PRJ-2024-00413,0
PAIR-101330,partner,document,PRJ-2024-00212,PRJ-2024-00309,PRJ-2024-00212,PRJ-2024-00309,0
PAIR-101331,partner,document,PRJ-2024-00281,PRJ-2024-00441,PRJ-2024-00281,PRJ-2024-00441,0
PAIR-101332,erp,crm,PRJ-2024-00378,PRJ-2024-00479,PRJ-2024-00378,PRJ-2024-00479,0
PAIR-101333,partner,document,PRJ-2024-00108,PRJ-2024-00320,PRJ-2024-00108,PRJ-2024-00320,0
PAIR-101334,erp,document,PRJ-2024-00177,PRJ-2024-00472,PRJ-2024-00177,PRJ-2024-00472,0
PAIR-101335,erp,document,PRJ-2024-00333,PRJ-2024-00500,PRJ-2024-00333,PRJ-2024-00500,0
PAIR-101336,partner,document,PRJ-2024-00278,PRJ-2024-00356,PRJ-2024-00278,PRJ-2024-00356,0
PAIR-101337,partner,document,PRJ-2024-00060,PRJ-2024-00390,PRJ-2024-00060,PRJ-2024-00390,0
PAIR-101338,document,partner,PRJ-2024-00246,PRJ-2024-00299,PRJ-2024-00246,PRJ-2024-00299,0
PAIR-101339,partner,erp,PRJ-2024-00383,PRJ-2024-00458,PRJ-2024-00383,PRJ-2024-00458,0
PAIR-101340,crm,erp,PRJ-2024-00414,PRJ-2024-00007,PRJ-2024-00414,PRJ-2024-00007,0
PAIR-101341,crm,document,PRJ-2024-00196,PRJ-2024-00075,PRJ-2024-00196,PRJ-2024-00075,0
PAIR-101342,partner,crm,PRJ-2024-00029,PRJ-2024-00103,PRJ-2024-00029,PRJ-2024-00103,0
PAIR-101343,partner,crm,PRJ-2024-00147,PRJ-2024-00350,PRJ-2024-00147,PRJ-2024-00350,0
PAIR-101344,partner,crm,PRJ-2024-00430,PRJ-2024-00032,PRJ-2024-00430,PRJ-2024-00032,0
PAIR-101345,crm,partner,PRJ-2024-00386,PRJ-2024-00278,PRJ-2024-00386,PRJ-2024-00278,0
PAIR-101346,crm,document,PRJ-2024-00417,PRJ-2024-00232,PRJ-2024-00417,PRJ-2024-00232,0
PAIR-101347,document,crm,PRJ-2024-00332,PRJ-2024-00288,PRJ-2024-00332,PRJ-2024-00288,0
PAIR-101348,partner,document,PRJ-2024-00262,PRJ-2024-00402,PRJ-2024-00262,PRJ-2024-00402,0
PAIR-101349,document,erp,PRJ-2024-00341,PRJ-2024-00025,PRJ-2024-00341,PRJ-2024-00025,0
PAIR-101350,partner,document,PRJ-2024-00214,PRJ-2024-00490,PRJ-2024-00214,PRJ-2024-00490,0
PAIR-101351,partner,crm,PRJ-2024-00028,PRJ-2024-00007,PRJ-2024-00028,PRJ-2024-00007,0
PAIR-101352,document,crm,PRJ-2024-00318,PRJ-2024-00445,PRJ-2024-00318,PRJ-2024-00445,0
PAIR-101353,partner,document,PRJ-2024-00467,PRJ-2024-00325,PRJ-2024-00467,PRJ-2024-00325,0
PAIR-101354,erp,document,PRJ-2024-00280,PRJ-2024-00379,PRJ-2024-00280,PRJ-2024-00379,0
PAIR-101355,partner,erp,PRJ-2024-00494,PRJ-2024-00100,PRJ-2024-00494,PRJ-2024-00100,0
PAIR-101356,crm,erp,PRJ-2024-00091,PRJ-2024-00350,PRJ-2024-00091,PRJ-2024-00350,0
PAIR-101357,crm,partner,PRJ-2024-00493,PRJ-2024-00089,PRJ-2024-00493,PRJ-2024-00089,0
PAIR-101358,partner,document,PRJ-2024-00021,PRJ-2024-00220,PRJ-2024-00021,PRJ-2024-00220,0
PAIR-101359,erp,document,PRJ-2024-00136,PRJ-2024-00067,PRJ-2024-00136,PRJ-2024-00067,0
PAIR-101360,crm,partner,PRJ-2024-00434,PRJ-2024-00131,PRJ-2024-00434,PRJ-2024-00131,0
PAIR-101361,erp,crm,PRJ-2024-00239,PRJ-2024-00364,PRJ-2024-00239,PRJ-2024-00364,0
PAIR-101362,partner,document,PRJ-2024-00079,PRJ-2024-00476,PRJ-2024-00079,PRJ-2024-00476,0
PAIR-101363,partner,erp,PRJ-2024-00027,PRJ-2024-00397,PRJ-2024-00027,PRJ-2024-00397,0
PAIR-101364,partner,crm,PRJ-2024-00405,PRJ-2024-00294,PRJ-2024-00405,PRJ-2024-00294,0
PAIR-101365,partner,document,PRJ-2024-00402,PRJ-2024-00363,PRJ-2024-00402,PRJ-2024-00363,0
PAIR-101366,erp,document,PRJ-2024-00113,PRJ-2024-00490,PRJ-2024-00113,PRJ-2024-00490,0
PAIR-101367,erp,partner,PRJ-2024-00035,PRJ-2024-00403,PRJ-2024-00035,PRJ-2024-00403,0
PAIR-101368,document,crm,PRJ-2024-00279,PRJ-2024-00275,PRJ-2024-00279,PRJ-2024-00275,0
PAIR-101369,erp,document,PRJ-2024-00179,PRJ-2024-00114,PRJ-2024-00179,PRJ-2024-00114,0
PAIR-101370,partner,crm,PRJ-2024-00170,PRJ-2024-00185,PRJ-2024-00170,PRJ-2024-00185,0
PAIR-101371,document,partner,PRJ-2024-00487,PRJ-2024-00386,PRJ-2024-00487,PRJ-2024-00386,0
PAIR-101372,crm,erp,PRJ-2024-00422,PRJ-2024-00386,PRJ-2024-00422,PRJ-2024-00386,0
PAIR-101373,document,crm,PRJ-2024-00343,PRJ-2024-00178,PRJ-2024-00343,PRJ-2024-00178,0
PAIR-101374,erp,crm,PRJ-2024-00464,PRJ-2024-00329,PRJ-2024-00464,PRJ-2024-00329,0
PAIR-101375,partner,erp,PRJ-2024-00350,PRJ-2024-00454,PRJ-2024-00350,PRJ-2024-00454,0
PAIR-101376,crm,partner,PRJ-2024-00469,PRJ-2024-00408,PRJ-2024-00469,PRJ-2024-00408,0
PAIR-101377,partner,crm,PRJ-2024-00132,PRJ-2024-00277,PRJ-2024-00132,PRJ-2024-00277,0
PAIR-101378,partner,document,PRJ-2024-00467,PRJ-2024-00265,PRJ-2024-00467,PRJ-2024-00265,0
PAIR-101379,document,erp,PRJ-2024-00412,PRJ-2024-00261,PRJ-2024-00412,PRJ-2024-00261,0
PAIR-101380,erp,partner,PRJ-2024-00023,PRJ-2024-00152,PRJ-2024-00023,PRJ-2024-00152,0
PAIR-101381,crm,erp,PRJ-2024-00264,PRJ-2024-00043,PRJ-2024-00264,PRJ-2024-00043,0
PAIR-101382,crm,document,PRJ-2024-00498,PRJ-2024-00490,PRJ-2024-00498,PRJ-2024-00490,0
PAIR-101383,erp,document,PRJ-2024-00034,PRJ-2024-00108,PRJ-2024-00034,PRJ-2024-00108,0
PAIR-101384,crm,erp,PRJ-2024-00218,PRJ-2024-00428,PRJ-2024-00218,PRJ-2024-00428,0
PAIR-101385,document,partner,PRJ-2024-00276,PRJ-2024-00425,PRJ-2024-00276,PRJ-2024-00425,0
PAIR-101386,crm,document,PRJ-2024-00419,PRJ-2024-00482,PRJ-2024-00419,PRJ-2024-00482,0
PAIR-101387,crm,partner,PRJ-2024-00352,PRJ-2024-00079,PRJ-2024-00352,PRJ-2024-00079,0
PAIR-101388,crm,erp,PRJ-2024-00368,PRJ-2024-00170,PRJ-2024-00368,PRJ-2024-00170,0
PAIR-101389,erp,partner,PRJ-2024-00038,PRJ-2024-00028,PRJ-2024-00038,PRJ-2024-00028,0
PAIR-101390,erp,partner,PRJ-2024-00286,PRJ-2024-00037,PRJ-2024-00286,PRJ-2024-00037,0
PAIR-101391,document,partner,PRJ-2024-00209,PRJ-2024-00199,PRJ-2024-00209,PRJ-2024-00199,0
PAIR-101392,partner,crm,PRJ-2024-00208,PRJ-2024-00222,PRJ-2024-00208,PRJ-2024-00222,0
PAIR-101393,crm,document,PRJ-2024-00200,PRJ-2024-00345,PRJ-2024-00200,PRJ-2024-00345,0
PAIR-101394,crm,document,PRJ-2024-00004,PRJ-2024-00329,PRJ-2024-00004,PRJ-2024-00329,0
PAIR-101395,crm,partner,PRJ-2024-00300,PRJ-2024-00024,PRJ-2024-00300,PRJ-2024-00024,0
PAIR-101396,crm,partner,PRJ-2024-00476,PRJ-2024-00258,PRJ-2024-00476,PRJ-2024-00258,0
PAIR-101397,partner,document,PRJ-2024-00403,PRJ-2024-00352,PRJ-2024-00403,PRJ-2024-00352,0
PAIR-101398,document,erp,PRJ-2024-00045,PRJ-2024-00145,PRJ-2024-00045,PRJ-2024-00145,0
PAIR-101399,crm,partner,PRJ-2024-00203,PRJ-2024-00421,PRJ-2024-00203,PRJ-2024-00421,0
PAIR-101400,erp,crm,PRJ-2024-00081,PRJ-2024-00274,PRJ-2024-00081,PRJ-2024-00274,0
PAIR-101401,partner,document,PRJ-2024-00383,PRJ-2024-00201,PRJ-2024-00383,PRJ-2024-00201,0
PAIR-101402,partner,crm,PRJ-2024-00074,PRJ-2024-00153,PRJ-2024-00074,PRJ-2024-00153,0
PAIR-101403,erp,crm,PRJ-2024-00284,PRJ-2024-00448,PRJ-2024-00284,PRJ-2024-00448,0
PAIR-101404,document,partner,PRJ-2024-00022,PRJ-2024-00003,PRJ-2024-00022,PRJ-2024-00003,0
PAIR-101405,crm,partner,PRJ-2024-00281,PRJ-2024-00485,PRJ-2024-00281,PRJ-2024-00485,0
PAIR-101406,partner,crm,PRJ-2024-00108,PRJ-2024-00384,PRJ-2024-00108,PRJ-2024-00384,0
PAIR-101407,erp,crm,PRJ-2024-00212,PRJ-2024-00464,PRJ-2024-00212,PRJ-2024-00464,0
PAIR-101408,partner,crm,PRJ-2024-00095,PRJ-2024-00114,PRJ-2024-00095,PRJ-2024-00114,0
PAIR-101409,crm,document,PRJ-2024-00059,PRJ-2024-00093,PRJ-2024-00059,PRJ-2024-00093,0
PAIR-101410,crm,partner,PRJ-2024-00237,PRJ-2024-00331,PRJ-2024-00237,PRJ-2024-00331,0
PAIR-101411,partner,crm,PRJ-2024-00344,PRJ-2024-00035,PRJ-2024-00344,PRJ-2024-00035,0
PAIR-101412,document,erp,PRJ-2024-00102,PRJ-2024-00372,PRJ-2024-00102,PRJ-2024-00372,0
PAIR-101413,erp,crm,PRJ-2024-00183,PRJ-2024-00066,PRJ-2024-00183,PRJ-2024-00066,0
PAIR-101414,crm,erp,PRJ-2024-00146,PRJ-2024-00318,PRJ-2024-00146,PRJ-2024-00318,0
PAIR-101415,document,erp,PRJ-2024-00163,PRJ-2024-00249,PRJ-2024-00163,PRJ-2024-00249,0
PAIR-101416,partner,document,PRJ-2024-00316,PRJ-2024-00338,PRJ-2024-00316,PRJ-2024-00338,0
PAIR-101417,partner,erp,PRJ-2024-00300,PRJ-2024-00079,PRJ-2024-00300,PRJ-2024-00079,0
PAIR-101418,erp,crm,PRJ-2024-00491,PRJ-2024-00220,PRJ-2024-00491,PRJ-2024-00220,0
PAIR-101419,erp,document,PRJ-2024-00161,PRJ-2024-00127,PRJ-2024-00161,PRJ-2024-00127,0
PAIR-101420,document,erp,PRJ-2024-00379,PRJ-2024-00329,PRJ-2024-00379,PRJ-2024-00329,0
PAIR-101421,erp,document,PRJ-2024-00431,PRJ-2024-00185,PRJ-2024-00431,PRJ-2024-00185,0
PAIR-101422,document,erp,PRJ-2024-00376,PRJ-2024-00170,PRJ-2024-00376,PRJ-2024-00170,0
PAIR-101423,partner,erp,PRJ-2024-00229,PRJ-2024-00184,PRJ-2024-00229,PRJ-2024-00184,0
PAIR-101424,erp,document,PRJ-2024-00283,PRJ-2024-00056,PRJ-2024-00283,PRJ-2024-00056,0
PAIR-101425,partner,crm,PRJ-2024-00311,PRJ-2024-00042,PRJ-2024-00311,PRJ-2024-00042,0
PAIR-101426,erp,partner,PRJ-2024-00457,PRJ-2024-00276,PRJ-2024-00457,PRJ-2024-00276,0
PAIR-101427,crm,document,PRJ-2024-00376,PRJ-2024-00454,PRJ-2024-00376,PRJ-2024-00454,0
PAIR-101428,crm,document,PRJ-2024-00039,PRJ-2024-00457,PRJ-2024-00039,PRJ-2024-00457,0
PAIR-101429,document,partner,PRJ-2024-00324,PRJ-2024-00016,PRJ-2024-00324,PRJ-2024-00016,0
PAIR-101430,crm,document,PRJ-2024-00109,PRJ-2024-00465,PRJ-2024-00109,PRJ-2024-00465,0
PAIR-101431,document,partner,PRJ-2024-00134,PRJ-2024-00279,PRJ-2024-00134,PRJ-2024-00279,0
PAIR-101432,partner,erp,PRJ-2024-00397,PRJ-2024-00077,PRJ-2024-00397,PRJ-2024-00077,0
PAIR-101433,partner,crm,PRJ-2024-00115,PRJ-2024-00457,PRJ-2024-00115,PRJ-2024-00457,0
PAIR-101434,crm,partner,PRJ-2024-00238,PRJ-2024-00257,PRJ-2024-00238,PRJ-2024-00257,0
PAIR-101435,crm,document,PRJ-2024-00187,PRJ-2024-00258,PRJ-2024-00187,PRJ-2024-00258,0
PAIR-101436,erp,document,PRJ-2024-00123,PRJ-2024-00435,PRJ-2024-00123,PRJ-2024-00435,0
PAIR-101437,erp,crm,PRJ-2024-00072,PRJ-2024-00229,PRJ-2024-00072,PRJ-2024-00229,0
PAIR-101438,erp,document,PRJ-2024-00290,PRJ-2024-00486,PRJ-2024-00290,PRJ-2024-00486,0
PAIR-101439,partner,crm,PRJ-2024-00375,PRJ-2024-00248,PRJ-2024-00375,PRJ-2024-00248,0
PAIR-101440,document,crm,PRJ-2024-00113,PRJ-2024-00390,PRJ-2024-00113,PRJ-2024-00390,0
PAIR-101441,partner,crm,PRJ-2024-00033,PRJ-2024-00136,PRJ-2024-00033,PRJ-2024-00136,0
PAIR-101442,erp,document,PRJ-2024-00022,PRJ-2024-00343,PRJ-2024-00022,PRJ-2024-00343,0
PAIR-101443,partner,erp,PRJ-2024-00465,PRJ-2024-00406,PRJ-2024-00465,PRJ-2024-00406,0
PAIR-101444,document,crm,PRJ-2024-00241,PRJ-2024-00470,PRJ-2024-00241,PRJ-2024-00470,0
PAIR-101445,partner,crm,PRJ-2024-00021,PRJ-2024-00333,PRJ-2024-00021,PRJ-2024-00333,0
PAIR-101446,partner,document,PRJ-2024-00361,PRJ-2024-00496,PRJ-2024-00361,PRJ-2024-00496,0
PAIR-101447,erp,partner,PRJ-2024-00135,PRJ-2024-00297,PRJ-2024-00135,PRJ-2024-00297,0
PAIR-101448,partner,document,PRJ-2024-00335,PRJ-2024-00194,PRJ-2024-00335,PRJ-2024-00194,0
PAIR-101449,crm,document,PRJ-2024-00335,PRJ-2024-00460,PRJ-2024-00335,PRJ-2024-00460,0
PAIR-101450,erp,document,PRJ-2024-00129,PRJ-2024-00193,PRJ-2024-00129,PRJ-2024-00193,0
PAIR-101451,partner,erp,PRJ-2024-00208,PRJ-2024-00181,PRJ-2024-00208,PRJ-2024-00181,0
PAIR-101452,crm,document,PRJ-2024-00406,PRJ-2024-00247,PRJ-2024-00406,PRJ-2024-00247,0
PAIR-101453,document,crm,PRJ-2024-00452,PRJ-2024-00072,PRJ-2024-00452,PRJ-2024-00072,0
PAIR-101454,partner,crm,PRJ-2024-00118,PRJ-2024-00040,PRJ-2024-00118,PRJ-2024-00040,0
PAIR-101455,erp,partner,PRJ-2024-00077,PRJ-2024-00096,PRJ-2024-00077,PRJ-2024-00096,0
PAIR-101456,crm,document,PRJ-2024-00309,PRJ-2024-00368,PRJ-2024-00309,PRJ-2024-00368,0
PAIR-101457,partner,document,PRJ-2024-00118,PRJ-2024-00213,PRJ-2024-00118,PRJ-2024-00213,0
PAIR-101458,document,erp,PRJ-2024-00059,PRJ-2024-00247,PRJ-2024-00059,PRJ-2024-00247,0
PAIR-101459,erp,document,PRJ-2024-00108,PRJ-2024-00303,PRJ-2024-00108,PRJ-2024-00303,0
PAIR-101460,crm,erp,PRJ-2024-00427,PRJ-2024-00211,PRJ-2024-00427,PRJ-2024-00211,0
PAIR-101461,erp,crm,PRJ-2024-00023,PRJ-2024-00066,PRJ-2024-00023,PRJ-2024-00066,0
PAIR-101462,crm,document,PRJ-2024-00323,PRJ-2024-00263,PRJ-2024-00323,PRJ-2024-00263,0
PAIR-101463,erp,partner,PRJ-2024-00076,PRJ-2024-00029,PRJ-2024-00076,PRJ-2024-00029,0
PAIR-101464,document,partner,PRJ-2024-00473,PRJ-2024-00093,PRJ-2024-00473,PRJ-2024-00093,0
PAIR-101465,crm,document,PRJ-2024-00497,PRJ-2024-00289,PRJ-2024-00497,PRJ-2024-00289,0
PAIR-101466,partner,crm,PRJ-2024-00373,PRJ-2024-00339,PRJ-2024-00373,PRJ-2024-00339,0
PAIR-101467,document,erp,PRJ-2024-00111,PRJ-2024-00230,PRJ-2024-00111,PRJ-2024-00230,0
PAIR-101468,document,partner,PRJ-2024-00088,PRJ-2024-00113,PRJ-2024-00088,PRJ-2024-00113,0
PAIR-101469,erp,document,PRJ-2024-00074,PRJ-2024-00407,PRJ-2024-00074,PRJ-2024-00407,0
PAIR-101470,partner,crm,PRJ-2024-00338,PRJ-2024-00262,PRJ-2024-00338,PRJ-2024-00262,0
PAIR-101471,partner,erp,PRJ-2024-00371,PRJ-2024-00352,PRJ-2024-00371,PRJ-2024-00352,0
PAIR-101472,crm,erp,PRJ-2024-00306,PRJ-2024-00303,PRJ-2024-00306,PRJ-2024-00303,0
PAIR-101473,erp,crm,PRJ-2024-00194,PRJ-2024-00198,PRJ-2024-00194,PRJ-2024-00198,0
PAIR-101474,document,crm,PRJ-2024-00009,PRJ-2024-00104,PRJ-2024-00009,PRJ-2024-00104,0
PAIR-101475,erp,partner,PRJ-2024-00311,PRJ-2024-00050,PRJ-2024-00311,PRJ-2024-00050,0
PAIR-101476,crm,document,PRJ-2024-00462,PRJ-2024-00315,PRJ-2024-00462,PRJ-2024-00315,0
PAIR-101477,crm,erp,PRJ-2024-00258,PRJ-2024-00386,PRJ-2024-00258,PRJ-2024-00386,0
PAIR-101478,erp,document,PRJ-2024-00247,PRJ-2024-00338,PRJ-2024-00247,PRJ-2024-00338,0
PAIR-101479,crm,document,PRJ-2024-00277,PRJ-2024-00424,PRJ-2024-00277,PRJ-2024-00424,0
PAIR-101480,document,erp,PRJ-2024-00333,PRJ-2024-00221,PRJ-2024-00333,PRJ-2024-00221,0
PAIR-101481,document,crm,PRJ-2024-00448,PRJ-2024-00023,PRJ-2024-00448,PRJ-2024-00023,0
PAIR-101482,document,erp,PRJ-2024-00481,PRJ-2024-00411,PRJ-2024-00481,PRJ-2024-00411,0
PAIR-101483,crm,partner,PRJ-2024-00180,PRJ-2024-00302,PRJ-2024-00180,PRJ-2024-00302,0
PAIR-101484,document,crm,PRJ-2024-00069,PRJ-2024-00131,PRJ-2024-00069,PRJ-2024-00131,0
PAIR-101485,crm,partner,PRJ-2024-00466,PRJ-2024-00440,PRJ-2024-00466,PRJ-2024-00440,0
PAIR-101486,document,erp,PRJ-2024-00307,PRJ-2024-00449,PRJ-2024-00307,PRJ-2024-00449,0
PAIR-101487,crm,document,PRJ-2024-00097,PRJ-2024-00003,PRJ-2024-00097,PRJ-2024-00003,0
PAIR-101488,crm,partner,PRJ-2024-00268,PRJ-2024-00061,PRJ-2024-00268,PRJ-2024-00061,0
PAIR-101489,partner,erp,PRJ-2024-00336,PRJ-2024-00106,PRJ-2024-00336,PRJ-2024-00106,0
PAIR-101490,erp,partner,PRJ-2024-00186,PRJ-2024-00055,PRJ-2024-00186,PRJ-2024-00055,0
PAIR-101491,partner,erp,PRJ-2024-00334,PRJ-2024-00300,PRJ-2024-00334,PRJ-2024-00300,0
PAIR-101492,document,partner,PRJ-2024-00438,PRJ-2024-00275,PRJ-2024-00438,PRJ-2024-00275,0
PAIR-101493,partner,document,PRJ-2024-00188,PRJ-2024-00314,PRJ-2024-00188,PRJ-2024-00314,0
PAIR-101494,erp,partner,PRJ-2024-00204,PRJ-2024-00387,PRJ-2024-00204,PRJ-2024-00387,0
PAIR-101495,document,crm,PRJ-2024-00283,PRJ-2024-00402,PRJ-2024-00283,PRJ-2024-00402,0
PAIR-101496,document,erp,PRJ-2024-00190,PRJ-2024-00287,PRJ-2024-00190,PRJ-2024-00287,0
PAIR-101497,partner,document,PRJ-2024-00158,PRJ-2024-00296,PRJ-2024-00158,PRJ-2024-00296,0
PAIR-101498,erp,document,PRJ-2024-00204,PRJ-2024-00377,PRJ-2024-00204,PRJ-2024-00377,0
PAIR-101499,erp,partner,PRJ-2024-00061,PRJ-2024-00383,PRJ-2024-00061,PRJ-2024-00383,0
PAIR-101500,erp,crm,PRJ-2024-00401,PRJ-2024-00359,PRJ-2024-00401,PRJ-2024-00359,0
PAIR-101501,document,erp,PRJ-2024-00110,PRJ-2024-00261,PRJ-2024-00110,PRJ-2024-00261,0
PAIR-101502,crm,erp,PRJ-2024-00411,PRJ-2024-00282,PRJ-2024-00411,PRJ-2024-00282,0
PAIR-101503,crm,erp,PRJ-2024-00200,PRJ-2024-00494,PRJ-2024-00200,PRJ-2024-00494,0
PAIR-101504,document,partner,PRJ-2024-00422,PRJ-2024-00075,PRJ-2024-00422,PRJ-2024-00075,0
PAIR-101505,crm,partner,PRJ-2024-00223,PRJ-2024-00046,PRJ-2024-00223,PRJ-2024-00046,0
PAIR-101506,crm,document,PRJ-2024-00114,PRJ-2024-00190,PRJ-2024-00114,PRJ-2024-00190,0
PAIR-101507,document,erp,PRJ-2024-00020,PRJ-2024-00371,PRJ-2024-00020,PRJ-2024-00371,0
PAIR-101508,partner,document,PRJ-2024-00315,PRJ-2024-00336,PRJ-2024-00315,PRJ-2024-00336,0
PAIR-101509,crm,erp,PRJ-2024-00494,PRJ-2024-00306,PRJ-2024-00494,PRJ-2024-00306,0
PAIR-101510,document,crm,PRJ-2024-00328,PRJ-2024-00254,PRJ-2024-00328,PRJ-2024-00254,0
PAIR-101511,partner,crm,PRJ-2024-00104,PRJ-2024-00436,PRJ-2024-00104,PRJ-2024-00436,0
PAIR-101512,erp,document,PRJ-2024-00018,PRJ-2024-00402,PRJ-2024-00018,PRJ-2024-00402,0
PAIR-101513,crm,partner,PRJ-2024-00087,PRJ-2024-00346,PRJ-2024-00087,PRJ-2024-00346,0
PAIR-101514,crm,erp,PRJ-2024-00123,PRJ-2024-00336,PRJ-2024-00123,PRJ-2024-00336,0
PAIR-101515,document,erp,PRJ-2024-00045,PRJ-2024-00142,PRJ-2024-00045,PRJ-2024-00142,0
PAIR-101516,document,partner,PRJ-2024-00343,PRJ-2024-00203,PRJ-2024-00343,PRJ-2024-00203,0
PAIR-101517,crm,document,PRJ-2024-00103,PRJ-2024-00266,PRJ-2024-00103,PRJ-2024-00266,0
PAIR-101518,crm,document,PRJ-2024-00361,PRJ-2024-00036,PRJ-2024-00361,PRJ-2024-00036,0
PAIR-101519,partner,erp,PRJ-2024-00146,PRJ-2024-00372,PRJ-2024-00146,PRJ-2024-00372,0
PAIR-101520,partner,crm,PRJ-2024-00494,PRJ-2024-00418,PRJ-2024-00494,PRJ-2024-00418,0
PAIR-101521,erp,partner,PRJ-2024-00311,PRJ-2024-00494,PRJ-2024-00311,PRJ-2024-00494,0
PAIR-101522,crm,partner,PRJ-2024-00477,PRJ-2024-00207,PRJ-2024-00477,PRJ-2024-00207,0
PAIR-101523,crm,document,PRJ-2024-00090,PRJ-2024-00209,PRJ-2024-00090,PRJ-2024-00209,0
PAIR-101524,partner,erp,PRJ-2024-00038,PRJ-2024-00258,PRJ-2024-00038,PRJ-2024-00258,0
PAIR-101525,partner,document,PRJ-2024-00485,PRJ-2024-00060,PRJ-2024-00485,PRJ-2024-00060,0
PAIR-101526,partner,document,PRJ-2024-00417,PRJ-2024-00407,PRJ-2024-00417,PRJ-2024-00407,0
PAIR-101527,document,partner,PRJ-2024-00227,PRJ-2024-00495,PRJ-2024-00227,PRJ-2024-00495,0
PAIR-101528,erp,partner,PRJ-2024-00248,PRJ-2024-00395,PRJ-2024-00248,PRJ-2024-00395,0
PAIR-101529,document,partner,PRJ-2024-00493,PRJ-2024-00398,PRJ-2024-00493,PRJ-2024-00398,0
PAIR-101530,crm,partner,PRJ-2024-00236,PRJ-2024-00460,PRJ-2024-00236,PRJ-2024-00460,0
PAIR-101531,crm,partner,PRJ-2024-00060,PRJ-2024-00133,PRJ-2024-00060,PRJ-2024-00133,0
PAIR-101532,erp,document,PRJ-2024-00325,PRJ-2024-00404,PRJ-2024-00325,PRJ-2024-00404,0
PAIR-101533,partner,erp,PRJ-2024-00360,PRJ-2024-00118,PRJ-2024-00360,PRJ-2024-00118,0
PAIR-101534,crm,document,PRJ-2024-00490,PRJ-2024-00181,PRJ-2024-00490,PRJ-2024-00181,0
PAIR-101535,erp,partner,PRJ-2024-00427,PRJ-2024-00135,PRJ-2024-00427,PRJ-2024-00135,0
PAIR-101536,partner,crm,PRJ-2024-00048,PRJ-2024-00205,PRJ-2024-00048,PRJ-2024-00205,0
PAIR-101537,erp,partner,PRJ-2024-00284,PRJ-2024-00477,PRJ-2024-00284,PRJ-2024-00477,0
PAIR-101538,erp,document,PRJ-2024-00161,PRJ-2024-00182,PRJ-2024-00161,PRJ-2024-00182,0
PAIR-101539,erp,partner,PRJ-2024-00138,PRJ-2024-00094,PRJ-2024-00138,PRJ-2024-00094,0
PAIR-101540,erp,document,PRJ-2024-00378,PRJ-2024-00103,PRJ-2024-00378,PRJ-2024-00103,0
PAIR-101541,partner,crm,PRJ-2024-00124,PRJ-2024-00447,PRJ-2024-00124,PRJ-2024-00447,0
PAIR-101542,erp,document,PRJ-2024-00118,PRJ-2024-00104,PRJ-2024-00118,PRJ-2024-00104,0
PAIR-101543,crm,erp,PRJ-2024-00183,PRJ-2024-00080,PRJ-2024-00183,PRJ-2024-00080,0
PAIR-101544,document,partner,PRJ-2024-00472,PRJ-2024-00041,PRJ-2024-00472,PRJ-2024-00041,0
PAIR-101545,crm,partner,PRJ-2024-00004,PRJ-2024-00392,PRJ-2024-00004,PRJ-2024-00392,0
PAIR-101546,partner,erp,PRJ-2024-00191,PRJ-2024-00318,PRJ-2024-00191,PRJ-2024-00318,0
PAIR-101547,partner,erp,PRJ-2024-00460,PRJ-2024-00452,PRJ-2024-00460,PRJ-2024-00452,0
PAIR-101548,partner,erp,PRJ-2024-00094,PRJ-2024-00392,PRJ-2024-00094,PRJ-2024-00392,0
PAIR-101549,erp,crm,PRJ-2024-00114,PRJ-2024-00385,PRJ-2024-00114,PRJ-2024-00385,0
PAIR-101550,document,erp,PRJ-2024-00270,PRJ-2024-00410,PRJ-2024-00270,PRJ-2024-00410,0
PAIR-101551,crm,document,PRJ-2024-00482,PRJ-2024-00277,PRJ-2024-00482,PRJ-2024-00277,0
PAIR-101552,erp,partner,PRJ-2024-00178,PRJ-2024-00202,PRJ-2024-00178,PRJ-2024-00202,0
PAIR-101553,document,erp,PRJ-2024-00500,PRJ-2024-00062,PRJ-2024-00500,PRJ-2024-00062,0
PAIR-101554,crm,document,PRJ-2024-00353,PRJ-2024-00005,PRJ-2024-00353,PRJ-2024-00005,0
PAIR-101555,crm,partner,PRJ-2024-00108,PRJ-2024-00195,PRJ-2024-00108,PRJ-2024-00195,0
PAIR-101556,partner,crm,PRJ-2024-00186,PRJ-2024-00314,PRJ-2024-00186,PRJ-2024-00314,0
PAIR-101557,erp,partner,PRJ-2024-00281,PRJ-2024-00135,PRJ-2024-00281,PRJ-2024-00135,0
PAIR-101558,partner,erp,PRJ-2024-00242,PRJ-2024-00491,PRJ-2024-00242,PRJ-2024-00491,0
PAIR-101559,document,crm,PRJ-2024-00095,PRJ-2024-00256,PRJ-2024-00095,PRJ-2024-00256,0
PAIR-101560,partner,erp,PRJ-2024-00215,PRJ-2024-00359,PRJ-2024-00215,PRJ-2024-00359,0
PAIR-101561,partner,erp,PRJ-2024-00438,PRJ-2024-00206,PRJ-2024-00438,PRJ-2024-00206,0
PAIR-101562,erp,document,PRJ-2024-00093,PRJ-2024-00293,PRJ-2024-00093,PRJ-2024-00293,0
PAIR-101563,crm,document,PRJ-2024-00352,PRJ-2024-00118,PRJ-2024-00352,PRJ-2024-00118,0
PAIR-101564,erp,document,PRJ-2024-00139,PRJ-2024-00412,PRJ-2024-00139,PRJ-2024-00412,0
PAIR-101565,document,crm,PRJ-2024-00222,PRJ-2024-00439,PRJ-2024-00222,PRJ-2024-00439,0
PAIR-101566,erp,partner,PRJ-2024-00075,PRJ-2024-00410,PRJ-2024-00075,PRJ-2024-00410,0
PAIR-101567,erp,partner,PRJ-2024-00413,PRJ-2024-00005,PRJ-2024-00413,PRJ-2024-00005,0
PAIR-101568,partner,erp,PRJ-2024-00256,PRJ-2024-00069,PRJ-2024-00256,PRJ-2024-00069,0
PAIR-101569,crm,partner,PRJ-2024-00154,PRJ-2024-00129,PRJ-2024-00154,PRJ-2024-00129,0
PAIR-101570,erp,crm,PRJ-2024-00051,PRJ-2024-00354,PRJ-2024-00051,PRJ-2024-00354,0
PAIR-101571,partner,erp,PRJ-2024-00111,PRJ-2024-00417,PRJ-2024-00111,PRJ-2024-00417,0
PAIR-101572,crm,partner,PRJ-2024-00430,PRJ-2024-00323,PRJ-2024-00430,PRJ-2024-00323,0
PAIR-101573,partner,erp,PRJ-2024-00382,PRJ-2024-00172,PRJ-2024-00382,PRJ-2024-00172,0
PAIR-101574,partner,erp,PRJ-2024-00185,PRJ-2024-00287,PRJ-2024-00185,PRJ-2024-00287,0
PAIR-101575,crm,partner,PRJ-2024-00011,PRJ-2024-00211,PRJ-2024-00011,PRJ-2024-00211,0
PAIR-101576,erp,partner,PRJ-2024-00295,PRJ-2024-00333,PRJ-2024-00295,PRJ-2024-00333,0
PAIR-101577,document,partner,PRJ-2024-00182,PRJ-2024-00167,PRJ-2024-00182,PRJ-2024-00167,0
PAIR-101578,crm,partner,PRJ-2024-00229,PRJ-2024-00456,PRJ-2024-00229,PRJ-2024-00456,0
PAIR-101579,document,partner,PRJ-2024-00315,PRJ-2024-00147,PRJ-2024-00315,PRJ-2024-00147,0
PAIR-101580,erp,document,PRJ-2024-00490,PRJ-2024-00075,PRJ-2024-00490,PRJ-2024-00075,0
PAIR-101581,partner,erp,PRJ-2024-00414,PRJ-2024-00476,PRJ-2024-00414,PRJ-2024-00476,0
PAIR-101582,document,crm,PRJ-2024-00324,PRJ-2024-00314,PRJ-2024-00324,PRJ-2024-00314,0
PAIR-101583,partner,crm,PRJ-2024-00041,PRJ-2024-00083,PRJ-2024-00041,PRJ-2024-00083,0
PAIR-101584,partner,document,PRJ-2024-00161,PRJ-2024-00163,PRJ-2024-00161,PRJ-2024-00163,0
PAIR-101585,document,erp,PRJ-2024-00137,PRJ-2024-00310,PRJ-2024-00137,PRJ-2024-00310,0
PAIR-101586,partner,document,PRJ-2024-00455,PRJ-2024-00228,PRJ-2024-00455,PRJ-2024-00228,0
PAIR-101587,document,erp,PRJ-2024-00301,PRJ-2024-00267,PRJ-2024-00301,PRJ-2024-00267,0
PAIR-101588,crm,erp,PRJ-2024-00086,PRJ-2024-00095,PRJ-2024-00086,PRJ-2024-00095,0
PAIR-101589,partner,document,PRJ-2024-00373,PRJ-2024-00121,PRJ-2024-00373,PRJ-2024-00121,0
PAIR-101590,crm,erp,PRJ-2024-00359,PRJ-2024-00384,PRJ-2024-00359,PRJ-2024-00384,0
PAIR-101591,crm,erp,PRJ-2024-00086,PRJ-2024-00204,PRJ-2024-00086,PRJ-2024-00204,0
PAIR-101592,document,partner,PRJ-2024-00033,PRJ-2024-00480,PRJ-2024-00033,PRJ-2024-00480,0
PAIR-101593,document,partner,PRJ-2024-00028,PRJ-2024-00014,PRJ-2024-00028,PRJ-2024-00014,0
PAIR-101594,crm,partner,PRJ-2024-00392,PRJ-2024-00043,PRJ-2024-00392,PRJ-2024-00043,0
PAIR-101595,crm,document,PRJ-2024-00317,PRJ-2024-00080,PRJ-2024-00317,PRJ-2024-00080,0
PAIR-101596,document,erp,PRJ-2024-00477,PRJ-2024-00454,PRJ-2024-00477,PRJ-2024-00454,0
PAIR-101597,partner,erp,PRJ-2024-00118,PRJ-2024-00127,PRJ-2024-00118,PRJ-2024-00127,0
PAIR-101598,erp,document,PRJ-2024-00321,PRJ-2024-00065,PRJ-2024-00321,PRJ-2024-00065,0
PAIR-101599,crm,erp,PRJ-2024-00430,PRJ-2024-00088,PRJ-2024-00430,PRJ-2024-00088,0
PAIR-101600,partner,erp,PRJ-2024-00340,PRJ-2024-00183,PRJ-2024-00340,PRJ-2024-00183,0
PAIR-101601,partner,document,PRJ-2024-00240,PRJ-2024-00500,PRJ-2024-00240,PRJ-2024-00500,0
PAIR-101602,erp,document,PRJ-2024-00228,PRJ-2024-00070,PRJ-2024-00228,PRJ-2024-00070,0
PAIR-101603,document,partner,PRJ-2024-00306,PRJ-2024-00234,PRJ-2024-00306,PRJ-2024-00234,0
PAIR-101604,partner,erp,PRJ-2024-00328,PRJ-2024-00274,PRJ-2024-00328,PRJ-2024-00274,0
PAIR-101605,erp,crm,PRJ-2024-00247,PRJ-2024-00277,PRJ-2024-00247,PRJ-2024-00277,0
PAIR-101606,partner,erp,PRJ-2024-00227,PRJ-2024-00158,PRJ-2024-00227,PRJ-2024-00158,0
PAIR-101607,partner,crm,PRJ-2024-00134,PRJ-2024-00080,PRJ-2024-00134,PRJ-2024-00080,0
PAIR-101608,erp,partner,PRJ-2024-00001,PRJ-2024-00268,PRJ-2024-00001,PRJ-2024-00268,0
PAIR-101609,crm,document,PRJ-2024-00147,PRJ-2024-00241,PRJ-2024-00147,PRJ-2024-00241,0
PAIR-101610,document,erp,PRJ-2024-00473,PRJ-2024-00252,PRJ-2024-00473,PRJ-2024-00252,0
PAIR-101611,document,erp,PRJ-2024-00005,PRJ-2024-00393,PRJ-2024-00005,PRJ-2024-00393,0
PAIR-101612,crm,document,PRJ-2024-00306,PRJ-2024-00119,PRJ-2024-00306,PRJ-2024-00119,0
PAIR-101613,document,partner,PRJ-2024-00192,PRJ-2024-00097,PRJ-2024-00192,PRJ-2024-00097,0
PAIR-101614,erp,crm,PRJ-2024-00224,PRJ-2024-00203,PRJ-2024-00224,PRJ-2024-00203,0
PAIR-101615,document,erp,PRJ-2024-00367,PRJ-2024-00378,PRJ-2024-00367,PRJ-2024-00378,0
PAIR-101616,crm,partner,PRJ-2024-00113,PRJ-2024-00135,PRJ-2024-00113,PRJ-2024-00135,0
PAIR-101617,partner,erp,PRJ-2024-00321,PRJ-2024-00123,PRJ-2024-00321,PRJ-2024-00123,0
PAIR-101618,partner,erp,PRJ-2024-00333,PRJ-2024-00381,PRJ-2024-00333,PRJ-2024-00381,0
PAIR-101619,crm,erp,PRJ-2024-00097,PRJ-2024-00437,PRJ-2024-00097,PRJ-2024-00437,0
PAIR-101620,crm,document,PRJ-2024-00070,PRJ-2024-00149,PRJ-2024-00070,PRJ-2024-00149,0
PAIR-101621,document,erp,PRJ-2024-00234,PRJ-2024-00317,PRJ-2024-00234,PRJ-2024-00317,0
PAIR-101622,document,crm,PRJ-2024-00359,PRJ-2024-00319,PRJ-2024-00359,PRJ-2024-00319,0
PAIR-101623,erp,crm,PRJ-2024-00165,PRJ-2024-00010,PRJ-2024-00165,PRJ-2024-00010,0
PAIR-101624,crm,erp,PRJ-2024-00497,PRJ-2024-00274,PRJ-2024-00497,PRJ-2024-00274,0
PAIR-101625,partner,erp,PRJ-2024-00498,PRJ-2024-00053,PRJ-2024-00498,PRJ-2024-00053,0
PAIR-101626,document,partner,PRJ-2024-00065,PRJ-2024-00367,PRJ-2024-00065,PRJ-2024-00367,0
PAIR-101627,crm,erp,PRJ-2024-00005,PRJ-2024-00120,PRJ-2024-00005,PRJ-2024-00120,0
PAIR-101628,erp,partner,PRJ-2024-00008,PRJ-2024-00253,PRJ-2024-00008,PRJ-2024-00253,0
PAIR-101629,document,erp,PRJ-2024-00216,PRJ-2024-00160,PRJ-2024-00216,PRJ-2024-00160,0
PAIR-101630,crm,partner,PRJ-2024-00238,PRJ-2024-00357,PRJ-2024-00238,PRJ-2024-00357,0
PAIR-101631,erp,crm,PRJ-2024-00042,PRJ-2024-00432,PRJ-2024-00042,PRJ-2024-00432,0
PAIR-101632,document,crm,PRJ-2024-00137,PRJ-2024-00398,PRJ-2024-00137,PRJ-2024-00398,0
PAIR-101633,erp,crm,PRJ-2024-00279,PRJ-2024-00241,PRJ-2024-00279,PRJ-2024-00241,0
PAIR-101634,partner,erp,PRJ-2024-00459,PRJ-2024-00431,PRJ-2024-00459,PRJ-2024-00431,0
PAIR-101635,crm,document,PRJ-2024-00425,PRJ-2024-00007,PRJ-2024-00425,PRJ-2024-00007,0
PAIR-101636,document,crm,PRJ-2024-00128,PRJ-2024-00198,PRJ-2024-00128,PRJ-2024-00198,0
PAIR-101637,erp,partner,PRJ-2024-00378,PRJ-2024-00018,PRJ-2024-00378,PRJ-2024-00018,0
PAIR-101638,crm,document,PRJ-2024-00377,PRJ-2024-00395,PRJ-2024-00377,PRJ-2024-00395,0
PAIR-101639,document,erp,PRJ-2024-00341,PRJ-2024-00107,PRJ-2024-00341,PRJ-2024-00107,0
PAIR-101640,partner,erp,PRJ-2024-00349,PRJ-2024-00493,PRJ-2024-00349,PRJ-2024-00493,0
PAIR-101641,crm,document,PRJ-2024-00082,PRJ-2024-00323,PRJ-2024-00082,PRJ-2024-00323,0
PAIR-101642,crm,partner,PRJ-2024-00480,PRJ-2024-00282,PRJ-2024-00480,PRJ-2024-00282,0
PAIR-101643,partner,crm,PRJ-2024-00247,PRJ-2024-00327,PRJ-2024-00247,PRJ-2024-00327,0
PAIR-101644,crm,document,PRJ-2024-00185,PRJ-2024-00455,PRJ-2024-00185,PRJ-2024-00455,0
PAIR-101645,crm,erp,PRJ-2024-00112,PRJ-2024-00499,PRJ-2024-00112,PRJ-2024-00499,0
PAIR-101646,partner,crm,PRJ-2024-00325,PRJ-2024-00223,PRJ-2024-00325,PRJ-2024-00223,0
PAIR-101647,partner,document,PRJ-2024-00086,PRJ-2024-00407,PRJ-2024-00086,PRJ-2024-00407,0
PAIR-101648,erp,crm,PRJ-2024-00062,PRJ-2024-00203,PRJ-2024-00062,PRJ-2024-00203,0
PAIR-101649,document,partner,PRJ-2024-00497,PRJ-2024-00022,PRJ-2024-00497,PRJ-2024-00022,0
PAIR-101650,partner,crm,PRJ-2024-00306,PRJ-2024-00080,PRJ-2024-00306,PRJ-2024-00080,0
PAIR-101651,document,crm,PRJ-2024-00128,PRJ-2024-00081,PRJ-2024-00128,PRJ-2024-00081,0
PAIR-101652,partner,document,PRJ-2024-00352,PRJ-2024-00317,PRJ-2024-00352,PRJ-2024-00317,0
PAIR-101653,erp,document,PRJ-2024-00031,PRJ-2024-00183,PRJ-2024-00031,PRJ-2024-00183,0
PAIR-101654,crm,erp,PRJ-2024-00275,PRJ-2024-00406,PRJ-2024-00275,PRJ-2024-00406,0
PAIR-101655,partner,document,PRJ-2024-00250,PRJ-2024-00120,PRJ-2024-00250,PRJ-2024-00120,0
PAIR-101656,partner,erp,PRJ-2024-00404,PRJ-2024-00331,PRJ-2024-00404,PRJ-2024-00331,0
PAIR-101657,crm,document,PRJ-2024-00376,PRJ-2024-00099,PRJ-2024-00376,PRJ-2024-00099,0
PAIR-101658,erp,partner,PRJ-2024-00194,PRJ-2024-00184,PRJ-2024-00194,PRJ-2024-00184,0
PAIR-101659,document,partner,PRJ-2024-00461,PRJ-2024-00021,PRJ-2024-00461,PRJ-2024-00021,0
PAIR-101660,partner,document,PRJ-2024-00225,PRJ-2024-00287,PRJ-2024-00225,PRJ-2024-00287,0
PAIR-101661,erp,document,PRJ-2024-00357,PRJ-2024-00251,PRJ-2024-00357,PRJ-2024-00251,0
PAIR-101662,partner,erp,PRJ-2024-00096,PRJ-2024-00279,PRJ-2024-00096,PRJ-2024-00279,0
PAIR-101663,partner,document,PRJ-2024-00375,PRJ-2024-00240,PRJ-2024-00375,PRJ-2024-00240,0
PAIR-101664,erp,crm,PRJ-2024-00469,PRJ-2024-00441,PRJ-2024-00469,PRJ-2024-00441,0
PAIR-101665,document,erp,PRJ-2024-00272,PRJ-2024-00080,PRJ-2024-00272,PRJ-2024-00080,0
PAIR-101666,partner,erp,PRJ-2024-00420,PRJ-2024-00135,PRJ-2024-00420,PRJ-2024-00135,0
PAIR-101667,document,partner,PRJ-2024-00001,PRJ-2024-00398,PRJ-2024-00001,PRJ-2024-00398,0
PAIR-101668,crm,document,PRJ-2024-00095,PRJ-2024-00453,PRJ-2024-00095,PRJ-2024-00453,0
PAIR-101669,erp,partner,PRJ-2024-00439,PRJ-2024-00187,PRJ-2024-00439,PRJ-2024-00187,0
PAIR-101670,document,crm,PRJ-2024-00370,PRJ-2024-00033,PRJ-2024-00370,PRJ-2024-00033,0
PAIR-101671,document,partner,PRJ-2024-00269,PRJ-2024-00350,PRJ-2024-00269,PRJ-2024-00350,0
PAIR-101672,partner,erp,PRJ-2024-00079,PRJ-2024-00314,PRJ-2024-00079,PRJ-2024-00314,0
PAIR-101673,partner,crm,PRJ-2024-00210,PRJ-2024-00329,PRJ-2024-00210,PRJ-2024-00329,0
PAIR-101674,crm,erp,PRJ-2024-00050,PRJ-2024-00268,PRJ-2024-00050,PRJ-2024-00268,0
PAIR-101675,erp,crm,PRJ-2024-00428,PRJ-2024-00481,PRJ-2024-00428,PRJ-2024-00481,0
PAIR-101676,erp,crm,PRJ-2024-00448,PRJ-2024-00017,PRJ-2024-00448,PRJ-2024-00017,0
PAIR-101677,crm,erp,PRJ-2024-00249,PRJ-2024-00099,PRJ-2024-00249,PRJ-2024-00099,0
PAIR-101678,document,partner,PRJ-2024-00293,PRJ-2024-00329,PRJ-2024-00293,PRJ-2024-00329,0
PAIR-101679,partner,crm,PRJ-2024-00251,PRJ-2024-00270,PRJ-2024-00251,PRJ-2024-00270,0
PAIR-101680,crm,erp,PRJ-2024-00188,PRJ-2024-00114,PRJ-2024-00188,PRJ-2024-00114,0
PAIR-101681,erp,document,PRJ-2024-00477,PRJ-2024-00472,PRJ-2024-00477,PRJ-2024-00472,0
PAIR-101682,crm,partner,PRJ-2024-00252,PRJ-2024-00476,PRJ-2024-00252,PRJ-2024-00476,0
PAIR-101683,crm,partner,PRJ-2024-00411,PRJ-2024-00328,PRJ-2024-00411,PRJ-2024-00328,0
PAIR-101684,document,erp,PRJ-2024-00286,PRJ-2024-00381,PRJ-2024-00286,PRJ-2024-00381,0
PAIR-101685,crm,document,PRJ-2024-00407,PRJ-2024-00363,PRJ-2024-00407,PRJ-2024-00363,0
PAIR-101686,crm,document,PRJ-2024-00137,PRJ-2024-00271,PRJ-2024-00137,PRJ-2024-00271,0
PAIR-101687,partner,crm,PRJ-2024-00037,PRJ-2024-00428,PRJ-2024-00037,PRJ-2024-00428,0
PAIR-101688,crm,erp,PRJ-2024-00484,PRJ-2024-00111,PRJ-2024-00484,PRJ-2024-00111,0
PAIR-101689,document,crm,PRJ-2024-00372,PRJ-2024-00119,PRJ-2024-00372,PRJ-2024-00119,0
PAIR-101690,erp,document,PRJ-2024-00099,PRJ-2024-00270,PRJ-2024-00099,PRJ-2024-00270,0
PAIR-101691,erp,document,PRJ-2024-00321,PRJ-2024-00486,PRJ-2024-00321,PRJ-2024-00486,0
PAIR-101692,document,partner,PRJ-2024-00384,PRJ-2024-00286,PRJ-2024-00384,PRJ-2024-00286,0
PAIR-101693,partner,document,PRJ-2024-00055,PRJ-2024-00393,PRJ-2024-00055,PRJ-2024-00393,0
PAIR-101694,document,crm,PRJ-2024-00235,PRJ-2024-00360,PRJ-2024-00235,PRJ-2024-00360,0
PAIR-101695,partner,document,PRJ-2024-00206,PRJ-2024-00259,PRJ-2024-00206,PRJ-2024-00259,0
PAIR-101696,document,erp,PRJ-2024-00081,PRJ-2024-00274,PRJ-2024-00081,PRJ-2024-00274,0
PAIR-101697,partner,erp,PRJ-2024-00463,PRJ-2024-00162,PRJ-2024-00463,PRJ-2024-00162,0
PAIR-101698,erp,document,PRJ-2024-00166,PRJ-2024-00312,PRJ-2024-00166,PRJ-2024-00312,0
PAIR-101699,document,partner,PRJ-2024-00280,PRJ-2024-00110,PRJ-2024-00280,PRJ-2024-00110,0
PAIR-101700,partner,erp,PRJ-2024-00475,PRJ-2024-00382,PRJ-2024-00475,PRJ-2024-00382,0
PAIR-101701,document,erp,PRJ-2024-00493,PRJ-2024-00232,PRJ-2024-00493,PRJ-2024-00232,0
PAIR-101702,crm,partner,PRJ-2024-00001,PRJ-2024-00372,PRJ-2024-00001,PRJ-2024-00372,0
PAIR-101703,erp,partner,PRJ-2024-00306,PRJ-2024-00009,PRJ-2024-00306,PRJ-2024-00009,0
PAIR-101704,erp,crm,PRJ-2024-00004,PRJ-2024-00154,PRJ-2024-00004,PRJ-2024-00154,0
PAIR-101705,crm,document,PRJ-2024-00439,PRJ-2024-00162,PRJ-2024-00439,PRJ-2024-00162,0
PAIR-101706,erp,crm,PRJ-2024-00422,PRJ-2024-00142,PRJ-2024-00422,PRJ-2024-00142,0
PAIR-101707,partner,crm,PRJ-2024-00020,PRJ-2024-00236,PRJ-2024-00020,PRJ-2024-00236,0
PAIR-101708,partner,document,PRJ-2024-00071,PRJ-2024-00136,PRJ-2024-00071,PRJ-2024-00136,0
PAIR-101709,partner,erp,PRJ-2024-00128,PRJ-2024-00120,PRJ-2024-00128,PRJ-2024-00120,0
PAIR-101710,document,partner,PRJ-2024-00048,PRJ-2024-00293,PRJ-2024-00048,PRJ-2024-00293,0
PAIR-101711,crm,document,PRJ-2024-00470,PRJ-2024-00112,PRJ-2024-00470,PRJ-2024-00112,0
PAIR-101712,document,crm,PRJ-2024-00167,PRJ-2024-00406,PRJ-2024-00167,PRJ-2024-00406,0
PAIR-101713,crm,document,PRJ-2024-00250,PRJ-2024-00423,PRJ-2024-00250,PRJ-2024-00423,0
PAIR-101714,crm,document,PRJ-2024-00329,PRJ-2024-00154,PRJ-2024-00329,PRJ-2024-00154,0
PAIR-101715,document,crm,PRJ-2024-00414,PRJ-2024-00296,PRJ-2024-00414,PRJ-2024-00296,0
PAIR-101716,partner,erp,PRJ-2024-00400,PRJ-2024-00029,PRJ-2024-00400,PRJ-2024-00029,0
PAIR-101717,document,erp,PRJ-2024-00451,PRJ-2024-00419,PRJ-2024-00451,PRJ-2024-00419,0
PAIR-101718,crm,document,PRJ-2024-00383,PRJ-2024-00335,PRJ-2024-00383,PRJ-2024-00335,0
PAIR-101719,document,crm,PRJ-2024-00399,PRJ-2024-00324,PRJ-2024-00399,PRJ-2024-00324,0
PAIR-101720,crm,partner,PRJ-2024-00157,PRJ-2024-00269,PRJ-2024-00157,PRJ-2024-00269,0
PAIR-101721,erp,partner,PRJ-2024-00277,PRJ-2024-00290,PRJ-2024-00277,PRJ-2024-00290,0
PAIR-101722,erp,crm,PRJ-2024-00258,PRJ-2024-00358,PRJ-2024-00258,PRJ-2024-00358,0
PAIR-101723,document,erp,PRJ-2024-00026,PRJ-2024-00345,PRJ-2024-00026,PRJ-2024-00345,0
PAIR-101724,crm,erp,PRJ-2024-00386,PRJ-2024-00305,PRJ-2024-00386,PRJ-2024-00305,0
PAIR-101725,document,crm,PRJ-2024-00222,PRJ-2024-00149,PRJ-2024-00222,PRJ-2024-00149,0
PAIR-101726,crm,partner,PRJ-2024-00068,PRJ-2024-00173,PRJ-2024-00068,PRJ-2024-00173,0
PAIR-101727,crm,document,PRJ-2024-00293,PRJ-2024-00382,PRJ-2024-00293,PRJ-2024-00382,0
PAIR-101728,crm,partner,PRJ-2024-00205,PRJ-2024-00135,PRJ-2024-00205,PRJ-2024-00135,0
PAIR-101729,erp,crm,PRJ-2024-00257,PRJ-2024-00223,PRJ-2024-00257,PRJ-2024-00223,0
PAIR-101730,erp,partner,PRJ-2024-00247,PRJ-2024-00287,PRJ-2024-00247,PRJ-2024-00287,0
PAIR-101731,erp,document,PRJ-2024-00203,PRJ-2024-00334,PRJ-2024-00203,PRJ-2024-00334,0
PAIR-101732,erp,crm,PRJ-2024-00316,PRJ-2024-00377,PRJ-2024-00316,PRJ-2024-00377,0
PAIR-101733,document,erp,PRJ-2024-00037,PRJ-2024-00137,PRJ-2024-00037,PRJ-2024-00137,0
PAIR-101734,crm,erp,PRJ-2024-00351,PRJ-2024-00474,PRJ-2024-00351,PRJ-2024-00474,0
PAIR-101735,document,erp,PRJ-2024-00344,PRJ-2024-00212,PRJ-2024-00344,PRJ-2024-00212,0
PAIR-101736,partner,erp,PRJ-2024-00179,PRJ-2024-00098,PRJ-2024-00179,PRJ-2024-00098,0
PAIR-101737,crm,partner,PRJ-2024-00305,PRJ-2024-00336,PRJ-2024-00305,PRJ-2024-00336,0
PAIR-101738,document,partner,PRJ-2024-00087,PRJ-2024-00180,PRJ-2024-00087,PRJ-2024-00180,0
PAIR-101739,crm,erp,PRJ-2024-00075,PRJ-2024-00226,PRJ-2024-00075,PRJ-2024-00226,0
PAIR-101740,partner,crm,PRJ-2024-00103,PRJ-2024-00351,PRJ-2024-00103,PRJ-2024-00351,0
PAIR-101741,crm,erp,PRJ-2024-00388,PRJ-2024-00373,PRJ-2024-00388,PRJ-2024-00373,0
PAIR-101742,erp,document,PRJ-2024-00379,PRJ-2024-00028,PRJ-2024-00379,PRJ-2024-00028,0
PAIR-101743,partner,crm,PRJ-2024-00475,PRJ-2024-00076,PRJ-2024-00475,PRJ-2024-00076,0
PAIR-101744,crm,partner,PRJ-2024-00176,PRJ-2024-00356,PRJ-2024-00176,PRJ-2024-00356,0
PAIR-101745,crm,partner,PRJ-2024-00231,PRJ-2024-00242,PRJ-2024-00231,PRJ-2024-00242,0
PAIR-101746,erp,crm,PRJ-2024-00108,PRJ-2024-00379,PRJ-2024-00108,PRJ-2024-00379,0
PAIR-101747,partner,document,PRJ-2024-00280,PRJ-2024-00268,PRJ-2024-00280,PRJ-2024-00268,0
PAIR-101748,erp,document,PRJ-2024-00248,PRJ-2024-00319,PRJ-2024-00248,PRJ-2024-00319,0
PAIR-101749,crm,partner,PRJ-2024-00358,PRJ-2024-00343,PRJ-2024-00358,PRJ-2024-00343,0
PAIR-101750,crm,partner,PRJ-2024-00299,PRJ-2024-00464,PRJ-2024-00299,PRJ-2024-00464,0
PAIR-101751,partner,crm,PRJ-2024-00088,PRJ-2024-00031,PRJ-2024-00088,PRJ-2024-00031,0
PAIR-101752,partner,crm,PRJ-2024-00405,PRJ-2024-00357,PRJ-2024-00405,PRJ-2024-00357,0
PAIR-101753,crm,erp,PRJ-2024-00239,PRJ-2024-00336,PRJ-2024-00239,PRJ-2024-00336,0
PAIR-101754,partner,document,PRJ-2024-00199,PRJ-2024-00339,PRJ-2024-00199,PRJ-2024-00339,0
PAIR-101755,partner,crm,PRJ-2024-00437,PRJ-2024-00468,PRJ-2024-00437,PRJ-2024-00468,0
PAIR-101756,document,crm,PRJ-2024-00010,PRJ-2024-00150,PRJ-2024-00010,PRJ-2024-00150,0
PAIR-101757,crm,partner,PRJ-2024-00195,PRJ-2024-00261,PRJ-2024-00195,PRJ-2024-00261,0
PAIR-101758,crm,erp,PRJ-2024-00249,PRJ-2024-00444,PRJ-2024-00249,PRJ-2024-00444,0
PAIR-101759,document,partner,PRJ-2024-00102,PRJ-2024-00257,PRJ-2024-00102,PRJ-2024-00257,0
PAIR-101760,crm,erp,PRJ-2024-00475,PRJ-2024-00365,PRJ-2024-00475,PRJ-2024-00365,0
PAIR-101761,partner,erp,PRJ-2024-00127,PRJ-2024-00473,PRJ-2024-00127,PRJ-2024-00473,0
PAIR-101762,erp,crm,PRJ-2024-00251,PRJ-2024-00202,PRJ-2024-00251,PRJ-2024-00202,0
PAIR-101763,partner,erp,PRJ-2024-00178,PRJ-2024-00351,PRJ-2024-00178,PRJ-2024-00351,0
PAIR-101764,erp,document,PRJ-2024-00321,PRJ-2024-00155,PRJ-2024-00321,PRJ-2024-00155,0
PAIR-101765,crm,document,PRJ-2024-00142,PRJ-2024-00416,PRJ-2024-00142,PRJ-2024-00416,0
PAIR-101766,document,crm,PRJ-2024-00132,PRJ-2024-00450,PRJ-2024-00132,PRJ-2024-00450,0
PAIR-101767,partner,crm,PRJ-2024-00484,PRJ-2024-00285,PRJ-2024-00484,PRJ-2024-00285,0
PAIR-101768,document,partner,PRJ-2024-00078,PRJ-2024-00175,PRJ-2024-00078,PRJ-2024-00175,0
PAIR-101769,document,partner,PRJ-2024-00071,PRJ-2024-00045,PRJ-2024-00071,PRJ-2024-00045,0
PAIR-101770,erp,partner,PRJ-2024-00492,PRJ-2024-00348,PRJ-2024-00492,PRJ-2024-00348,0
PAIR-101771,erp,partner,PRJ-2024-00124,PRJ-2024-00294,PRJ-2024-00124,PRJ-2024-00294,0
PAIR-101772,partner,erp,PRJ-2024-00497,PRJ-2024-00160,PRJ-2024-00497,PRJ-2024-00160,0
PAIR-101773,erp,document,PRJ-2024-00278,PRJ-2024-00068,PRJ-2024-00278,PRJ-2024-00068,0
PAIR-101774,erp,crm,PRJ-2024-00071,PRJ-2024-00298,PRJ-2024-00071,PRJ-2024-00298,0
PAIR-101775,erp,partner,PRJ-2024-00159,PRJ-2024-00353,PRJ-2024-00159,PRJ-2024-00353,0
PAIR-101776,erp,document,PRJ-2024-00466,PRJ-2024-00500,PRJ-2024-00466,PRJ-2024-00500,0
PAIR-101777,erp,partner,PRJ-2024-00478,PRJ-2024-00290,PRJ-2024-00478,PRJ-2024-00290,0
PAIR-101778,crm,erp,PRJ-2024-00035,PRJ-2024-00286,PRJ-2024-00035,PRJ-2024-00286,0
PAIR-101779,erp,document,PRJ-2024-00163,PRJ-2024-00430,PRJ-2024-00163,PRJ-2024-00430,0
PAIR-101780,partner,erp,PRJ-2024-00016,PRJ-2024-00392,PRJ-2024-00016,PRJ-2024-00392,0
PAIR-101781,partner,erp,PRJ-2024-00493,PRJ-2024-00211,PRJ-2024-00493,PRJ-2024-00211,0
PAIR-101782,partner,crm,PRJ-2024-00382,PRJ-2024-00479,PRJ-2024-00382,PRJ-2024-00479,0
PAIR-101783,crm,erp,PRJ-2024-00399,PRJ-2024-00097,PRJ-2024-00399,PRJ-2024-00097,0
PAIR-101784,partner,document,PRJ-2024-00095,PRJ-2024-00014,PRJ-2024-00095,PRJ-2024-00014,0
PAIR-101785,erp,document,PRJ-2024-00291,PRJ-2024-00314,PRJ-2024-00291,PRJ-2024-00314,0
PAIR-101786,crm,partner,PRJ-2024-00119,PRJ-2024-00352,PRJ-2024-00119,PRJ-2024-00352,0
PAIR-101787,document,crm,PRJ-2024-00041,PRJ-2024-00353,PRJ-2024-00041,PRJ-2024-00353,0
PAIR-101788,document,partner,PRJ-2024-00258,PRJ-2024-00434,PRJ-2024-00258,PRJ-2024-00434,0
PAIR-101789,erp,partner,PRJ-2024-00333,PRJ-2024-00192,PRJ-2024-00333,PRJ-2024-00192,0
PAIR-101790,erp,crm,PRJ-2024-00252,PRJ-2024-00243,PRJ-2024-00252,PRJ-2024-00243,0
PAIR-101791,crm,partner,PRJ-2024-00099,PRJ-2024-00116,PRJ-2024-00099,PRJ-2024-00116,0
PAIR-101792,crm,partner,PRJ-2024-00392,PRJ-2024-00497,PRJ-2024-00392,PRJ-2024-00497,0
PAIR-101793,erp,crm,PRJ-2024-00344,PRJ-2024-00104,PRJ-2024-00344,PRJ-2024-00104,0
PAIR-101794,document,partner,PRJ-2024-00091,PRJ-2024-00475,PRJ-2024-00091,PRJ-2024-00475,0
PAIR-101795,partner,erp,PRJ-2024-00251,PRJ-2024-00353,PRJ-2024-00251,PRJ-2024-00353,0
PAIR-101796,document,erp,PRJ-2024-00455,PRJ-2024-00127,PRJ-2024-00455,PRJ-2024-00127,0
PAIR-101797,document,partner,PRJ-2024-00398,PRJ-2024-00022,PRJ-2024-00398,PRJ-2024-00022,0
PAIR-101798,crm,document,PRJ-2024-00161,PRJ-2024-00202,PRJ-2024-00161,PRJ-2024-00202,0
PAIR-101799,document,crm,PRJ-2024-00056,PRJ-2024-00232,PRJ-2024-00056,PRJ-2024-00232,0
PAIR-101800,document,partner,PRJ-2024-00450,PRJ-2024-00126,PRJ-2024-00450,PRJ-2024-00126,0
PAIR-101801,document,partner,PRJ-2024-00021,PRJ-2024-00286,PRJ-2024-00021,PRJ-2024-00286,0
PAIR-101802,crm,erp,PRJ-2024-00392,PRJ-2024-00323,PRJ-2024-00392,PRJ-2024-00323,0
PAIR-101803,document,erp,PRJ-2024-00150,PRJ-2024-00226,PRJ-2024-00150,PRJ-2024-00226,0
PAIR-101804,partner,erp,PRJ-2024-00397,PRJ-2024-00424,PRJ-2024-00397,PRJ-2024-00424,0
PAIR-101805,partner,document,PRJ-2024-00086,PRJ-2024-00217,PRJ-2024-00086,PRJ-2024-00217,0
PAIR-101806,erp,partner,PRJ-2024-00471,PRJ-2024-00028,PRJ-2024-00471,PRJ-2024-00028,0
PAIR-101807,document,crm,PRJ-2024-00425,PRJ-2024-00331,PRJ-2024-00425,PRJ-2024-00331,0
PAIR-101808,crm,erp,PRJ-2024-00370,PRJ-2024-00257,PRJ-2024-00370,PRJ-2024-00257,0
PAIR-101809,erp,partner,PRJ-2024-00399,PRJ-2024-00300,PRJ-2024-00399,PRJ-2024-00300,0
PAIR-101810,erp,partner,PRJ-2024-00092,PRJ-2024-00233,PRJ-2024-00092,PRJ-2024-00233,0
PAIR-101811,partner,document,PRJ-2024-00047,PRJ-2024-00129,PRJ-2024-00047,PRJ-2024-00129,0
PAIR-101812,erp,document,PRJ-2024-00333,PRJ-2024-00465,PRJ-2024-00333,PRJ-2024-00465,0
PAIR-101813,crm,erp,PRJ-2024-00376,PRJ-2024-00064,PRJ-2024-00376,PRJ-2024-00064,0
PAIR-101814,partner,crm,PRJ-2024-00362,PRJ-2024-00231,PRJ-2024-00362,PRJ-2024-00231,0
PAIR-101815,document,partner,PRJ-2024-00269,PRJ-2024-00363,PRJ-2024-00269,PRJ-2024-00363,0
PAIR-101816,erp,partner,PRJ-2024-00406,PRJ-2024-00500,PRJ-2024-00406,PRJ-2024-00500,0
PAIR-101817,crm,erp,PRJ-2024-00282,PRJ-2024-00195,PRJ-2024-00282,PRJ-2024-00195,0
PAIR-101818,erp,crm,PRJ-2024-00468,PRJ-2024-00172,PRJ-2024-00468,PRJ-2024-00172,0
PAIR-101819,partner,erp,PRJ-2024-00027,PRJ-2024-00215,PRJ-2024-00027,PRJ-2024-00215,0
PAIR-101820,document,erp,PRJ-2024-00374,PRJ-2024-00394,PRJ-2024-00374,PRJ-2024-00394,0
PAIR-101821,crm,erp,PRJ-2024-00321,PRJ-2024-00093,PRJ-2024-00321,PRJ-2024-00093,0
PAIR-101822,crm,document,PRJ-2024-00492,PRJ-2024-00104,PRJ-2024-00492,PRJ-2024-00104,0
PAIR-101823,crm,partner,PRJ-2024-00392,PRJ-2024-00130,PRJ-2024-00392,PRJ-2024-00130,0
PAIR-101824,document,partner,PRJ-2024-00255,PRJ-2024-00438,PRJ-2024-00255,PRJ-2024-00438,0
PAIR-101825,document,crm,PRJ-2024-00414,PRJ-2024-00003,PRJ-2024-00414,PRJ-2024-00003,0
PAIR-101826,document,erp,PRJ-2024-00112,PRJ-2024-00302,PRJ-2024-00112,PRJ-2024-00302,0
PAIR-101827,crm,document,PRJ-2024-00210,PRJ-2024-00227,PRJ-2024-00210,PRJ-2024-00227,0
PAIR-101828,erp,document,PRJ-2024-00308,PRJ-2024-00004,PRJ-2024-00308,PRJ-2024-00004,0
PAIR-101829,erp,crm,PRJ-2024-00143,PRJ-2024-00318,PRJ-2024-00143,PRJ-2024-00318,0
PAIR-101830,crm,document,PRJ-2024-00095,PRJ-2024-00076,PRJ-2024-00095,PRJ-2024-00076,0
PAIR-101831,erp,crm,PRJ-2024-00179,PRJ-2024-00019,PRJ-2024-00179,PRJ-2024-00019,0
PAIR-101832,partner,erp,PRJ-2024-00342,PRJ-2024-00296,PRJ-2024-00342,PRJ-2024-00296,0
PAIR-101833,crm,erp,PRJ-2024-00472,PRJ-2024-00045,PRJ-2024-00472,PRJ-2024-00045,0
PAIR-101834,erp,document,PRJ-2024-00214,PRJ-2024-00092,PRJ-2024-00214,PRJ-2024-00092,0
PAIR-101835,erp,partner,PRJ-2024-00146,PRJ-2024-00313,PRJ-2024-00146,PRJ-2024-00313,0
PAIR-101836,partner,crm,PRJ-2024-00384,PRJ-2024-00297,PRJ-2024-00384,PRJ-2024-00297,0
PAIR-101837,partner,erp,PRJ-2024-00048,PRJ-2024-00394,PRJ-2024-00048,PRJ-2024-00394,0
PAIR-101838,document,crm,PRJ-2024-00189,PRJ-2024-00460,PRJ-2024-00189,PRJ-2024-00460,0
PAIR-101839,crm,partner,PRJ-2024-00389,PRJ-2024-00219,PRJ-2024-00389,PRJ-2024-00219,0
PAIR-101840,crm,document,PRJ-2024-00242,PRJ-2024-00069,PRJ-2024-00242,PRJ-2024-00069,0
PAIR-101841,partner,document,PRJ-2024-00441,PRJ-2024-00141,PRJ-2024-00441,PRJ-2024-00141,0
PAIR-101842,erp,document,PRJ-2024-00212,PRJ-2024-00269,PRJ-2024-00212,PRJ-2024-00269,0
PAIR-101843,crm,erp,PRJ-2024-00108,PRJ-2024-00314,PRJ-2024-00108,PRJ-2024-00314,0
PAIR-101844,crm,partner,PRJ-2024-00293,PRJ-2024-00374,PRJ-2024-00293,PRJ-2024-00374,0
PAIR-101845,partner,erp,PRJ-2024-00371,PRJ-2024-00353,PRJ-2024-00371,PRJ-2024-00353,0
PAIR-101846,partner,erp,PRJ-2024-00312,PRJ-2024-00435,PRJ-2024-00312,PRJ-2024-00435,0
PAIR-101847,partner,crm,PRJ-2024-00270,PRJ-2024-00295,PRJ-2024-00270,PRJ-2024-00295,0
PAIR-101848,document,partner,PRJ-2024-00315,PRJ-2024-00289,PRJ-2024-00315,PRJ-2024-00289,0
PAIR-101849,document,erp,PRJ-2024-00374,PRJ-2024-00324,PRJ-2024-00374,PRJ-2024-00324,0
PAIR-101850,erp,document,PRJ-2024-00414,PRJ-2024-00093,PRJ-2024-00414,PRJ-2024-00093,0
PAIR-101851,crm,erp,PRJ-2024-00149,PRJ-2024-00100,PRJ-2024-00149,PRJ-2024-00100,0
PAIR-101852,crm,document,PRJ-2024-00013,PRJ-2024-00239,PRJ-2024-00013,PRJ-2024-00239,0
PAIR-101853,document,erp,PRJ-2024-00435,PRJ-2024-00107,PRJ-2024-00435,PRJ-2024-00107,0
PAIR-101854,partner,document,PRJ-2024-00024,PRJ-2024-00171,PRJ-2024-00024,PRJ-2024-00171,0
PAIR-101855,erp,crm,PRJ-2024-00413,PRJ-2024-00327,PRJ-2024-00413,PRJ-2024-00327,0
PAIR-101856,partner,erp,PRJ-2024-00328,PRJ-2024-00104,PRJ-2024-00328,PRJ-2024-00104,0
PAIR-101857,partner,erp,PRJ-2024-00405,PRJ-2024-00035,PRJ-2024-00405,PRJ-2024-00035,0
PAIR-101858,partner,crm,PRJ-2024-00260,PRJ-2024-00282,PRJ-2024-00260,PRJ-2024-00282,0
PAIR-101859,partner,erp,PRJ-2024-00059,PRJ-2024-00352,PRJ-2024-00059,PRJ-2024-00352,0
PAIR-101860,crm,erp,PRJ-2024-00203,PRJ-2024-00371,PRJ-2024-00203,PRJ-2024-00371,0
PAIR-101861,partner,document,PRJ-2024-00100,PRJ-2024-00170,PRJ-2024-00100,PRJ-2024-00170,0
PAIR-101862,document,crm,PRJ-2024-00246,PRJ-2024-00470,PRJ-2024-00246,PRJ-2024-00470,0
PAIR-101863,document,crm,PRJ-2024-00331,PRJ-2024-00070,PRJ-2024-00331,PRJ-2024-00070,0
PAIR-101864,partner,erp,PRJ-2024-00322,PRJ-2024-00236,PRJ-2024-00322,PRJ-2024-00236,0
PAIR-101865,document,partner,PRJ-2024-00402,PRJ-2024-00417,PRJ-2024-00402,PRJ-2024-00417,0
PAIR-101866,partner,document,PRJ-2024-00029,PRJ-2024-00428,PRJ-2024-00029,PRJ-2024-00428,0
PAIR-101867,partner,document,PRJ-2024-00372,PRJ-2024-00348,PRJ-2024-00372,PRJ-2024-00348,0
PAIR-101868,erp,document,PRJ-2024-00275,PRJ-2024-00010,PRJ-2024-00275,PRJ-2024-00010,0
PAIR-101869,partner,crm,PRJ-2024-00351,PRJ-2024-00170,PRJ-2024-00351,PRJ-2024-00170,0
PAIR-101870,partner,crm,PRJ-2024-00497,PRJ-2024-00077,PRJ-2024-00497,PRJ-2024-00077,0
PAIR-101871,erp,document,PRJ-2024-00174,PRJ-2024-00193,PRJ-2024-00174,PRJ-2024-00193,0
PAIR-101872,erp,document,PRJ-2024-00311,PRJ-2024-00200,PRJ-2024-00311,PRJ-2024-00200,0
PAIR-101873,partner,document,PRJ-2024-00060,PRJ-2024-00443,PRJ-2024-00060,PRJ-2024-00443,0
PAIR-101874,crm,partner,PRJ-2024-00440,PRJ-2024-00162,PRJ-2024-00440,PRJ-2024-00162,0
PAIR-101875,partner,crm,PRJ-2024-00191,PRJ-2024-00232,PRJ-2024-00191,PRJ-2024-00232,0
PAIR-101876,erp,crm,PRJ-2024-00269,PRJ-2024-00155,PRJ-2024-00269,PRJ-2024-00155,0
PAIR-101877,crm,erp,PRJ-2024-00192,PRJ-2024-00402,PRJ-2024-00192,PRJ-2024-00402,0
PAIR-101878,document,partner,PRJ-2024-00468,PRJ-2024-00048,PRJ-2024-00468,PRJ-2024-00048,0
PAIR-101879,document,partner,PRJ-2024-00013,PRJ-2024-00410,PRJ-2024-00013,PRJ-2024-00410,0
PAIR-101880,partner,erp,PRJ-2024-00079,PRJ-2024-00098,PRJ-2024-00079,PRJ-2024-00098,0
PAIR-101881,partner,erp,PRJ-2024-00376,PRJ-2024-00448,PRJ-2024-00376,PRJ-2024-00448,0
PAIR-101882,crm,document,PRJ-2024-00074,PRJ-2024-00394,PRJ-2024-00074,PRJ-2024-00394,0
PAIR-101883,erp,document,PRJ-2024-00347,PRJ-2024-00068,PRJ-2024-00347,PRJ-2024-00068,0
PAIR-101884,document,partner,PRJ-2024-00019,PRJ-2024-00236,PRJ-2024-00019,PRJ-2024-00236,0
PAIR-101885,crm,erp,PRJ-2024-00443,PRJ-2024-00268,PRJ-2024-00443,PRJ-2024-00268,0
PAIR-101886,crm,document,PRJ-2024-00160,PRJ-2024-00478,PRJ-2024-00160,PRJ-2024-00478,0
PAIR-101887,crm,partner,PRJ-2024-00435,PRJ-2024-00305,PRJ-2024-00435,PRJ-2024-00305,0
PAIR-101888,crm,erp,PRJ-2024-00240,PRJ-2024-00456,PRJ-2024-00240,PRJ-2024-00456,0
PAIR-101889,partner,crm,PRJ-2024-00267,PRJ-2024-00393,PRJ-2024-00267,PRJ-2024-00393,0
PAIR-101890,partner,document,PRJ-2024-00296,PRJ-2024-00389,PRJ-2024-00296,PRJ-2024-00389,0
PAIR-101891,partner,crm,PRJ-2024-00457,PRJ-2024-00108,PRJ-2024-00457,PRJ-2024-00108,0
PAIR-101892,partner,document,PRJ-2024-00099,PRJ-2024-00147,PRJ-2024-00099,PRJ-2024-00147,0
PAIR-101893,document,partner,PRJ-2024-00164,PRJ-2024-00396,PRJ-2024-00164,PRJ-2024-00396,0
PAIR-101894,erp,crm,PRJ-2024-00061,PRJ-2024-00140,PRJ-2024-00061,PRJ-2024-00140,0
PAIR-101895,crm,document,PRJ-2024-00141,PRJ-2024-00059,PRJ-2024-00141,PRJ-2024-00059,0
PAIR-101896,crm,erp,PRJ-2024-00287,PRJ-2024-00264,PRJ-2024-00287,PRJ-2024-00264,0
PAIR-101897,partner,erp,PRJ-2024-00278,PRJ-2024-00180,PRJ-2024-00278,PRJ-2024-00180,0
PAIR-101898,partner,document,PRJ-2024-00073,PRJ-2024-00483,PRJ-2024-00073,PRJ-2024-00483,0
PAIR-101899,crm,partner,PRJ-2024-00126,PRJ-2024-00088,PRJ-2024-00126,PRJ-2024-00088,0
PAIR-101900,partner,document,PRJ-2024-00314,PRJ-2024-00457,PRJ-2024-00314,PRJ-2024-00457,0
PAIR-101901,erp,crm,PRJ-2024-00228,PRJ-2024-00026,PRJ-2024-00228,PRJ-2024-00026,0
PAIR-101902,crm,erp,PRJ-2024-00242,PRJ-2024-00463,PRJ-2024-00242,PRJ-2024-00463,0
PAIR-101903,crm,partner,PRJ-2024-00197,PRJ-2024-00028,PRJ-2024-00197,PRJ-2024-00028,0
PAIR-101904,document,partner,PRJ-2024-00201,PRJ-2024-00092,PRJ-2024-00201,PRJ-2024-00092,0
PAIR-101905,partner,crm,PRJ-2024-00183,PRJ-2024-00160,PRJ-2024-00183,PRJ-2024-00160,0
PAIR-101906,crm,partner,PRJ-2024-00366,PRJ-2024-00389,PRJ-2024-00366,PRJ-2024-00389,0
PAIR-101907,crm,document,PRJ-2024-00291,PRJ-2024-00068,PRJ-2024-00291,PRJ-2024-00068,0
PAIR-101908,document,erp,PRJ-2024-00240,PRJ-2024-00050,PRJ-2024-00240,PRJ-2024-00050,0
PAIR-101909,document,erp,PRJ-2024-00351,PRJ-2024-00330,PRJ-2024-00351,PRJ-2024-00330,0
PAIR-101910,erp,crm,PRJ-2024-00119,PRJ-2024-00486,PRJ-2024-00119,PRJ-2024-00486,0
PAIR-101911,partner,erp,PRJ-2024-00441,PRJ-2024-00459,PRJ-2024-00441,PRJ-2024-00459,0
PAIR-101912,partner,erp,PRJ-2024-00201,PRJ-2024-00094,PRJ-2024-00201,PRJ-2024-00094,0
PAIR-101913,crm,erp,PRJ-2024-00233,PRJ-2024-00250,PRJ-2024-00233,PRJ-2024-00250,0
PAIR-101914,partner,erp,PRJ-2024-00244,PRJ-2024-00058,PRJ-2024-00244,PRJ-2024-00058,0
PAIR-101915,erp,partner,PRJ-2024-00237,PRJ-2024-00434,PRJ-2024-00237,PRJ-2024-00434,0
PAIR-101916,erp,document,PRJ-2024-00394,PRJ-2024-00179,PRJ-2024-00394,PRJ-2024-00179,0
PAIR-101917,crm,partner,PRJ-2024-00053,PRJ-2024-00208,PRJ-2024-00053,PRJ-2024-00208,0
PAIR-101918,crm,partner,PRJ-2024-00285,PRJ-2024-00333,PRJ-2024-00285,PRJ-2024-00333,0
PAIR-101919,document,partner,PRJ-2024-00273,PRJ-2024-00237,PRJ-2024-00273,PRJ-2024-00237,0
PAIR-101920,erp,document,PRJ-2024-00212,PRJ-2024-00123,PRJ-2024-00212,PRJ-2024-00123,0
PAIR-101921,document,erp,PRJ-2024-00082,PRJ-2024-00499,PRJ-2024-00082,PRJ-2024-00499,0
PAIR-101922,erp,document,PRJ-2024-00034,PRJ-2024-00175,PRJ-2024-00034,PRJ-2024-00175,0
PAIR-101923,document,partner,PRJ-2024-00303,PRJ-2024-00221,PRJ-2024-00303,PRJ-2024-00221,0
PAIR-101924,erp,crm,PRJ-2024-00404,PRJ-2024-00176,PRJ-2024-00404,PRJ-2024-00176,0
PAIR-101925,crm,document,PRJ-2024-00340,PRJ-2024-00343,PRJ-2024-00340,PRJ-2024-00343,0
PAIR-101926,document,crm,PRJ-2024-00477,PRJ-2024-00365,PRJ-2024-00477,PRJ-2024-00365,0
PAIR-101927,document,erp,PRJ-2024-00304,PRJ-2024-00306,PRJ-2024-00304,PRJ-2024-00306,0
PAIR-101928,document,crm,PRJ-2024-00285,PRJ-2024-00050,PRJ-2024-00285,PRJ-2024-00050,0
PAIR-101929,document,crm,PRJ-2024-00158,PRJ-2024-00490,PRJ-2024-00158,PRJ-2024-00490,0
PAIR-101930,document,erp,PRJ-2024-00307,PRJ-2024-00056,PRJ-2024-00307,PRJ-2024-00056,0
PAIR-101931,crm,erp,PRJ-2024-00254,PRJ-2024-00331,PRJ-2024-00254,PRJ-2024-00331,0
PAIR-101932,erp,document,PRJ-2024-00112,PRJ-2024-00419,PRJ-2024-00112,PRJ-2024-00419,0
PAIR-101933,crm,erp,PRJ-2024-00463,PRJ-2024-00387,PRJ-2024-00463,PRJ-2024-00387,0
PAIR-101934,document,partner,PRJ-2024-00339,PRJ-2024-00077,PRJ-2024-00339,PRJ-2024-00077,0
PAIR-101935,document,crm,PRJ-2024-00150,PRJ-2024-00200,PRJ-2024-00150,PRJ-2024-00200,0
PAIR-101936,partner,erp,PRJ-2024-00106,PRJ-2024-00349,PRJ-2024-00106,PRJ-2024-00349,0
PAIR-101937,partner,erp,PRJ-2024-00292,PRJ-2024-00407,PRJ-2024-00292,PRJ-2024-00407,0
PAIR-101938,partner,crm,PRJ-2024-00368,PRJ-2024-00469,PRJ-2024-00368,PRJ-2024-00469,0
PAIR-101939,document,crm,PRJ-2024-00299,PRJ-2024-00005,PRJ-2024-00299,PRJ-2024-00005,0
PAIR-101940,crm,partner,PRJ-2024-00437,PRJ-2024-00151,PRJ-2024-00437,PRJ-2024-00151,0
PAIR-101941,crm,erp,PRJ-2024-00462,PRJ-2024-00282,PRJ-2024-00462,PRJ-2024-00282,0
PAIR-101942,partner,crm,PRJ-2024-00361,PRJ-2024-00287,PRJ-2024-00361,PRJ-2024-00287,0
PAIR-101943,crm,erp,PRJ-2024-00441,PRJ-2024-00145,PRJ-2024-00441,PRJ-2024-00145,0
PAIR-101944,document,partner,PRJ-2024-00222,PRJ-2024-00360,PRJ-2024-00222,PRJ-2024-00360,0
PAIR-101945,document,erp,PRJ-2024-00163,PRJ-2024-00365,PRJ-2024-00163,PRJ-2024-00365,0
PAIR-101946,erp,document,PRJ-2024-00196,PRJ-2024-00223,PRJ-2024-00196,PRJ-2024-00223,0
PAIR-101947,erp,crm,PRJ-2024-00089,PRJ-2024-00244,PRJ-2024-00089,PRJ-2024-00244,0
PAIR-101948,partner,erp,PRJ-2024-00285,PRJ-2024-00197,PRJ-2024-00285,PRJ-2024-00197,0
PAIR-101949,erp,crm,PRJ-2024-00079,PRJ-2024-00148,PRJ-2024-00079,PRJ-2024-00148,0
PAIR-101950,crm,erp,PRJ-2024-00006,PRJ-2024-00037,PRJ-2024-00006,PRJ-2024-00037,0
PAIR-101951,document,partner,PRJ-2024-00370,PRJ-2024-00454,PRJ-2024-00370,PRJ-2024-00454,0
PAIR-101952,erp,crm,PRJ-2024-00224,PRJ-2024-00500,PRJ-2024-00224,PRJ-2024-00500,0
PAIR-101953,document,erp,PRJ-2024-00071,PRJ-2024-00329,PRJ-2024-00071,PRJ-2024-00329,0
PAIR-101954,document,partner,PRJ-2024-00458,PRJ-2024-00404,PRJ-2024-00458,PRJ-2024-00404,0
PAIR-101955,document,partner,PRJ-2024-00093,PRJ-2024-00233,PRJ-2024-00093,PRJ-2024-00233,0
PAIR-101956,document,erp,PRJ-2024-00420,PRJ-2024-00231,PRJ-2024-00420,PRJ-2024-00231,0
PAIR-101957,document,partner,PRJ-2024-00116,PRJ-2024-00096,PRJ-2024-00116,PRJ-2024-00096,0
PAIR-101958,document,partner,PRJ-2024-00004,PRJ-2024-00296,PRJ-2024-00004,PRJ-2024-00296,0
PAIR-101959,partner,erp,PRJ-2024-00122,PRJ-2024-00365,PRJ-2024-00122,PRJ-2024-00365,0
PAIR-101960,partner,crm,PRJ-2024-00475,PRJ-2024-00280,PRJ-2024-00475,PRJ-2024-00280,0
PAIR-101961,document,partner,PRJ-2024-00020,PRJ-2024-00291,PRJ-2024-00020,PRJ-2024-00291,0
PAIR-101962,document,partner,PRJ-2024-00189,PRJ-2024-00058,PRJ-2024-00189,PRJ-2024-00058,0
PAIR-101963,partner,erp,PRJ-2024-00041,PRJ-2024-00073,PRJ-2024-00041,PRJ-2024-00073,0
PAIR-101964,crm,document,PRJ-2024-00242,PRJ-2024-00323,PRJ-2024-00242,PRJ-2024-00323,0
PAIR-101965,partner,document,PRJ-2024-00325,PRJ-2024-00277,PRJ-2024-00325,PRJ-2024-00277,0
PAIR-101966,partner,document,PRJ-2024-00028,PRJ-2024-00463,PRJ-2024-00028,PRJ-2024-00463,0
PAIR-101967,document,erp,PRJ-2024-00399,PRJ-2024-00006,PRJ-2024-00399,PRJ-2024-00006,0
PAIR-101968,document,partner,PRJ-2024-00263,PRJ-2024-00464,PRJ-2024-00263,PRJ-2024-00464,0
PAIR-101969,document,erp,PRJ-2024-00376,PRJ-2024-00170,PRJ-2024-00376,PRJ-2024-00170,0
PAIR-101970,partner,erp,PRJ-2024-00492,PRJ-2024-00409,PRJ-2024-00492,PRJ-2024-00409,0
PAIR-101971,partner,document,PRJ-2024-00086,PRJ-2024-00019,PRJ-2024-00086,PRJ-2024-00019,0
PAIR-101972,partner,crm,PRJ-2024-00402,PRJ-2024-00289,PRJ-2024-00402,PRJ-2024-00289,0
PAIR-101973,erp,document,PRJ-2024-00323,PRJ-2024-00243,PRJ-2024-00323,PRJ-2024-00243,0
PAIR-101974,partner,document,PRJ-2024-00027,PRJ-2024-00337,PRJ-2024-00027,PRJ-2024-00337,0
PAIR-101975,partner,erp,PRJ-2024-00320,PRJ-2024-00014,PRJ-2024-00320,PRJ-2024-00014,0
PAIR-101976,crm,partner,PRJ-2024-00043,PRJ-2024-00065,PRJ-2024-00043,PRJ-2024-00065,0
PAIR-101977,partner,erp,PRJ-2024-00130,PRJ-2024-00068,PRJ-2024-00130,PRJ-2024-00068,0
PAIR-101978,crm,document,PRJ-2024-00440,PRJ-2024-00132,PRJ-2024-00440,PRJ-2024-00132,0
PAIR-101979,erp,document,PRJ-2024-00058,PRJ-2024-00310,PRJ-2024-00058,PRJ-2024-00310,0
PAIR-101980,document,erp,PRJ-2024-00379,PRJ-2024-00078,PRJ-2024-00379,PRJ-2024-00078,0
PAIR-101981,partner,document,PRJ-2024-00414,PRJ-2024-00090,PRJ-2024-00414,PRJ-2024-00090,0
PAIR-101982,erp,document,PRJ-2024-00121,PRJ-2024-00249,PRJ-2024-00121,PRJ-2024-00249,0
PAIR-101983,partner,crm,PRJ-2024-00442,PRJ-2024-00017,PRJ-2024-00442,PRJ-2024-00017,0
PAIR-101984,erp,partner,PRJ-2024-00496,PRJ-2024-00075,PRJ-2024-00496,PRJ-2024-00075,0
PAIR-200001,erp,partner,PRJ-2024-00007,PRJ-2024-00148,PRJ-2024-00007,PRJ-2024-00148,0
PAIR-200002,partner,crm,PRJ-2024-00348,PRJ-2024-00162,PRJ-2024-00348,PRJ-2024-00162,0
PAIR-200003,partner,erp,PRJ-2024-00433,PRJ-2024-00222,PRJ-2024-00433,PRJ-2024-00222,0
PAIR-200004,erp,partner,PRJ-2024-00336,PRJ-2024-00300,PRJ-2024-00336,PRJ-2024-00300,0
PAIR-200005,partner,crm,PRJ-2024-00173,PRJ-2024-00347,PRJ-2024-00173,PRJ-2024-00347,0
PAIR-200006,crm,erp,PRJ-2024-00005,PRJ-2024-00426,PRJ-2024-00005,PRJ-2024-00426,0
PAIR-200007,crm,partner,PRJ-2024-00132,PRJ-2024-00083,PRJ-2024-00132,PRJ-2024-00083,0
PAIR-200008,crm,partner,PRJ-2024-00313,PRJ-2024-00202,PRJ-2024-00313,PRJ-2024-00202,0
PAIR-200009,crm,partner,PRJ-2024-00315,PRJ-2024-00330,PRJ-2024-00315,PRJ-2024-00330,0
PAIR-200010,partner,erp,PRJ-2024-00137,PRJ-2024-00078,PRJ-2024-00137,PRJ-2024-00078,0
PAIR-200011,erp,partner,PRJ-2024-00291,PRJ-2024-00275,PRJ-2024-00291,PRJ-2024-00275,0
PAIR-200012,crm,partner,PRJ-2024-00200,PRJ-2024-00459,PRJ-2024-00200,PRJ-2024-00459,0
PAIR-200013,partner,erp,PRJ-2024-00250,PRJ-2024-00044,PRJ-2024-00250,PRJ-2024-00044,0
PAIR-200014,erp,partner,PRJ-2024-00330,PRJ-2024-00158,PRJ-2024-00330,PRJ-2024-00158,0
PAIR-200015,partner,crm,PRJ-2024-00235,PRJ-2024-00482,PRJ-2024-00235,PRJ-2024-00482,0
PAIR-200016,partner,crm,PRJ-2024-00037,PRJ-2024-00019,PRJ-2024-00037,PRJ-2024-00019,0
PAIR-200017,partner,crm,PRJ-2024-00010,PRJ-2024-00242,PRJ-2024-00010,PRJ-2024-00242,0
PAIR-200018,crm,partner,PRJ-2024-00419,PRJ-2024-00055,PRJ-2024-00419,PRJ-2024-00055,0
PAIR-200019,erp,crm,PRJ-2024-00073,PRJ-2024-00388,PRJ-2024-00073,PRJ-2024-00388,0
PAIR-200020,crm,partner,PRJ-2024-00004,PRJ-2024-00092,PRJ-2024-00004,PRJ-2024-00092,0
PAIR-200021,partner,crm,PRJ-2024-00390,PRJ-2024-00277,PRJ-2024-00390,PRJ-2024-00277,0
PAIR-200022,crm,erp,PRJ-2024-00107,PRJ-2024-00142,PRJ-2024-00107,PRJ-2024-00142,0
PAIR-200023,crm,partner,PRJ-2024-00081,PRJ-2024-00403,PRJ-2024-00081,PRJ-2024-00403,0
PAIR-200024,crm,partner,PRJ-2024-00117,PRJ-2024-00051,PRJ-2024-00117,PRJ-2024-00051,0
PAIR-200025,crm,erp,PRJ-2024-00104,PRJ-2024-00172,PRJ-2024-00104,PRJ-2024-00172,0
PAIR-200026,crm,partner,PRJ-2024-00355,PRJ-2024-00292,PRJ-2024-00355,PRJ-2024-00292,0
PAIR-200027,partner,crm,PRJ-2024-00405,PRJ-2024-00407,PRJ-2024-00405,PRJ-2024-00407,0
PAIR-200028,erp,partner,PRJ-2024-00118,PRJ-2024-00045,PRJ-2024-00118,PRJ-2024-00045,0
PAIR-200029,erp,crm,PRJ-2024-00429,PRJ-2024-00237,PRJ-2024-00429,PRJ-2024-00237,0
PAIR-200030,partner,crm,PRJ-2024-00485,PRJ-2024-00077,PRJ-2024-00485,PRJ-2024-00077,0
PAIR-200031,partner,crm,PRJ-2024-00021,PRJ-2024-00241,PRJ-2024-00021,PRJ-2024-00241,0
PAIR-200032,crm,partner,PRJ-2024-00043,PRJ-2024-00286,PRJ-2024-00043,PRJ-2024-00286,0
PAIR-200033,erp,crm,PRJ-2024-00068,PRJ-2024-00184,PRJ-2024-00068,PRJ-2024-00184,0
PAIR-200034,partner,crm,PRJ-2024-00236,PRJ-2024-00440,PRJ-2024-00236,PRJ-2024-00440,0
PAIR-200035,partner,crm,PRJ-2024-00354,PRJ-2024-00171,PRJ-2024-00354,PRJ-2024-00171,0
PAIR-200036,erp,crm,PRJ-2024-00318,PRJ-2024-00451,PRJ-2024-00318,PRJ-2024-00451,0
PAIR-200037,erp,crm,PRJ-2024-00466,PRJ-2024-00346,PRJ-2024-00466,PRJ-2024-00346,0
PAIR-200038,partner,crm,PRJ-2024-00108,PRJ-2024-00386,PRJ-2024-00108,PRJ-2024-00386,0
PAIR-200039,partner,erp,PRJ-2024-00460,PRJ-2024-00137,PRJ-2024-00460,PRJ-2024-00137,0
PAIR-200040,crm,partner,PRJ-2024-00142,PRJ-2024-00028,PRJ-2024-00142,PRJ-2024-00028,0
PAIR-200041,partner,erp,PRJ-2024-00063,PRJ-2024-00241,PRJ-2024-00063,PRJ-2024-00241,0
PAIR-200042,crm,erp,PRJ-2024-00355,PRJ-2024-00415,PRJ-2024-00355,PRJ-2024-00415,0
PAIR-200043,crm,erp,PRJ-2024-00490,PRJ-2024-00040,PRJ-2024-00490,PRJ-2024-00040,0
PAIR-200044,partner,crm,PRJ-2024-00142,PRJ-2024-00058,PRJ-2024-00142,PRJ-2024-00058,0
PAIR-200045,erp,partner,PRJ-2024-00322,PRJ-2024-00012,PRJ-2024-00322,PRJ-2024-00012,0
PAIR-200046,partner,crm,PRJ-2024-00228,PRJ-2024-00378,PRJ-2024-00228,PRJ-2024-00378,0
PAIR-200047,erp,partner,PRJ-2024-00134,PRJ-2024-00117,PRJ-2024-00134,PRJ-2024-00117,0
PAIR-200048,crm,partner,PRJ-2024-00256,PRJ-2024-00394,PRJ-2024-00256,PRJ-2024-00394,0
PAIR-200049,partner,crm,PRJ-2024-00013,PRJ-2024-00206,PRJ-2024-00013,PRJ-2024-00206,0
PAIR-200050,erp,crm,PRJ-2024-00114,PRJ-2024-00401,PRJ-2024-00114,PRJ-2024-00401,0
PAIR-200051,partner,crm,PRJ-2024-00229,PRJ-2024-00347,PRJ-2024-00229,PRJ-2024-00347,0
PAIR-200052,erp,partner,PRJ-2024-00202,PRJ-2024-00100,PRJ-2024-00202,PRJ-2024-00100,0
PAIR-200053,erp,partner,PRJ-2024-00007,PRJ-2024-00146,PRJ-2024-00007,PRJ-2024-00146,0
PAIR-200054,erp,partner,PRJ-2024-00373,PRJ-2024-00497,PRJ-2024-00373,PRJ-2024-00497,0
PAIR-200055,erp,partner,PRJ-2024-00107,PRJ-2024-00156,PRJ-2024-00107,PRJ-2024-00156,0
PAIR-200056,partner,crm,PRJ-2024-00285,PRJ-2024-00237,PRJ-2024-00285,PRJ-2024-00237,0
PAIR-200057,erp,crm,PRJ-2024-00149,PRJ-2024-00284,PRJ-2024-00149,PRJ-2024-00284,0
PAIR-200058,partner,crm,PRJ-2024-00465,PRJ-2024-00353,PRJ-2024-00465,PRJ-2024-00353,0
