pair_id,customer_similarity,installer_similarity,address_similarity,city_match,state_match,capacity_diff,status_match,label
PAIR-000001,1.0,0.0,0.0,0.0,1.0,0.0,0.0,1
PAIR-000002,0.0,1.0,1.0,0.0,0.0,0.0,1.0,1
PAIR-000003,0.0,0.0,0.0,0.0,0.0,0.0,0.0,1
PAIR-000004,0.0,0.0,0.0,1.0,0.0,0.0,0.0,1
PAIR-000005,0.0,0.0,0.0,1.0,0.0,0.0,0.0,1
PAIR-000006,0.0,0.0,0.0,1.0,1.0,0.0,0.0,1
PAIR-000007,1.0,0.0,0.0,0.0,1.0,0.0,0.0,1
PAIR-000008,0.0,1.0,1.0,0.0,0.0,0.0,1.0,1
PAIR-000009,0.0,0.0,0.0,0.0,0.0,0.0,0.0,1
PAIR-000010,0.0,0.0,0.0,1.0,0.0,0.0,0.0,1
PAIR-000011,0.0,0.0,0.0,1.0,0.0,0.0,0.0,1
PAIR-000012,0.0,0.0,0.0,1.0,1.0,0.0,0.0,1
PAIR-000013,1.0,0.0,0.0,0.0,1.0,0.0,1.0,1
PAIR-000014,0.0,1.0,1.0,0.0,0.0,0.0,1.0,1
PAIR-000015,0.0,0.0,0.0,0.0,0.0,0.0,0.0,1
PAIR-000016,0.0,0.0,0.0,1.0,0.0,0.0,1.0,1
PAIR-000017,0.0,0.0,0.0,1.0,0.0,0.0,0.0,1
PAIR-000018,0.0,0.0,0.0,1.0,1.0,0.0,0.0,1
PAIR-000019,1.0,0.0,0.0,0.0,1.0,0.0,1.0,1
PAIR-000020,0.0,1.0,1.0,0.0,0.0,0.0,1.0,1
PAIR-000021,0.0,0.0,0.0,0.0,0.0,0.0,0.0,1
PAIR-000022,0.0,0.0,0.0,1.0,0.0,0.0,1.0,1
PAIR-000023,0.0,0.0,0.0,1.0,0.0,0.0,0.0,1
PAIR-000024,0.0,0.0,0.0,1.0,1.0,0.0,0.0,1
PAIR-000025,1.0,0.0,0.0,0.0,1.0,0.0,1.0,1
PAIR-000026,0.0,1.0,0.0,0.0,0.0,0.0,1.0,1
PAIR-000027,0.0,0.0,0.0,0.0,0.0,0.0,0.0,1
PAIR-000028,0.0,0.0,0.0,1.0,0.0,0.0,1.0,1
PAIR-000029,0.0,0.0,0.0,1.0,0.0,0.0,0.0,1
PAIR-000030,0.0,0.0,0.0,1.0,1.0,0.0,0.0,1
PAIR-000031,1.0,0.0,0.0,0.0,1.0,0.0,0.0,1
PAIR-000032,0.0,1.0,1.0,0.0,0.0,0.0,1.0,1
PAIR-000033,0.0,0.0,0.0,0.0,0.0,0.0,0.0,1
PAIR-000034,0.0,0.0,0.0,1.0,0.0,0.0,0.0,1
PAIR-000035,0.0,0.0,0.0,1.0,0.0,0.0,0.0,1
PAIR-000036,0.0,0.0,0.0,1.0,1.0,0.0,0.0,1
PAIR-000037,1.0,0.0,0.0,0.0,1.0,0.0,0.0,1
PAIR-000038,0.0,1.0,1.0,0.0,0.0,0.0,1.0,1
PAIR-000039,0.0,0.0,0.0,0.0,0.0,0.0,0.0,1
PAIR-000040,0.0,0.0,0.0,1.0,0.0,0.0,0.0,1
PAIR-000041,0.0,0.0,0.0,1.0,0.0,0.0,0.0,1
PAIR-000042,0.0,0.0,0.0,1.0,1.0,0.0,0.0,1
PAIR-000043,1.0,0.0,0.0,0.0,1.0,0.0,1.0,1
PAIR-000044,0.0,1.0,1.0,0.0,0.0,0.0,1.0,1
PAIR-000045,0.0,0.0,0.0,0.0,0.0,0.0,0.0,1
PAIR-000046,0.0,0.0,0.0,1.0,0.0,0.0,1.0,1
PAIR-000047,0.0,0.0,0.0,1.0,0.0,0.0,0.0,1
PAIR-000048,0.0,0.0,0.0,1.0,1.0,0.0,0.0,1
PAIR-000049,1.0,0.0,0.0,0.0,1.0,0.0,0.0,1
PAIR-000050,0.0,1.0,1.0,0.0,0.0,0.0,1.0,1
PAIR-000051,0.0,0.0,0.0,0.0,0.0,0.0,0.0,1
PAIR-000052,0.0,0.0,0.0,1.0,0.0,0.0,0.0,1
PAIR-000053,0.0,0.0,0.0,1.0,0.0,0.0,0.0,1
PAIR-000054,0.0,0.0,0.0,1.0,1.0,0.0,0.0,1
PAIR-000055,1.0,0.0,0.0,0.0,1.0,0.0,1.0,1
PAIR-000056,0.0,1.0,1.0,0.0,0.0,0.0,1.0,1
PAIR-000057,0.0,0.0,0.0,0.0,0.0,0.0,0.0,1
PAIR-000058,0.0,0.0,0.0,1.0,0.0,0.0,1.0,1
PAIR-000059,0.0,0.0,0.0,1.0,0.0,0.0,0.0,1
PAIR-000060,0.0,0.0,0.0,1.0,1.0,0.0,0.0,1
PAIR-000061,1.0,0.0,0.0,0.0,1.0,0.0,0.0,1
PAIR-000062,0.0,1.0,1.0,0.0,0.0,0.0,1.0,1
PAIR-000063,0.0,0.0,0.0,0.0,0.0,0.0,0.0,1
PAIR-000064,0.0,0.0,0.0,1.0,0.0,0.0,0.0,1
PAIR-000065,0.0,0.0,0.0,1.0,0.0,0.0,0.0,1
PAIR-000066,0.0,0.0,0.0,1.0,1.0,0.0,0.0,1
PAIR-000067,1.0,0.0,0.0,0.0,1.0,0.0,1.0,1
PAIR-000068,0.0,1.0,1.0,0.0,0.0,0.0,1.0,1
PAIR-000069,0.0,0.0,0.0,0.0,0.0,0.0,0.0,1
PAIR-000070,0.0,0.0,0.0,1.0,0.0,0.0,1.0,1
PAIR-000071,0.0,0.0,0.0,1.0,0.0,0.0,0.0,1
PAIR-000072,0.0,0.0,0.0,1.0,1.0,0.0,0.0,1
PAIR-000073,1.0,0.0,0.0,0.0,1.0,0.0,0.0,1
PAIR-000074,0.0,1.0,1.0,0.0,0.0,0.0,1.0,1
PAIR-000075,0.0,0.0,0.0,0.0,0.0,0.0,0.0,1
PAIR-000076,0.0,0.0,0.0,1.0,0.0,0.0,0.0,1
PAIR-000077,0.0,0.0,0.0,1.0,0.0,0.0,0.0,1
PAIR-000078,0.0,0.0,0.0,1.0,1.0,0.0,0.0,1
PAIR-000079,1.0,0.0,0.0,0.0,1.0,0.0,0.0,1
PAIR-000080,0.0,1.0,1.0,0.0,0.0,0.0,1.0,1
PAIR-000081,0.0,0.0,0.0,0.0,0.0,0.0,0.0,1
PAIR-000082,0.0,0.0,0.0,1.0,0.0,0.0,0.0,1
PAIR-000083,0.0,0.0,0.0,1.0,0.0,0.0,0.0,1
PAIR-000084,0.0,0.0,0.0,1.0,1.0,0.0,0.0,1
PAIR-000085,1.0,0.0,0.0,0.0,1.0,0.0,0.0,1
PAIR-000086,0.0,1.0,1.0,0.0,0.0,0.0,1.0,1
PAIR-000087,0.0,0.0,0.0,0.0,0.0,0.0,0.0,1
PAIR-000088,0.0,0.0,0.0,1.0,0.0,0.0,0.0,1
PAIR-000089,0.0,0.0,0.0,1.0,0.0,0.0,0.0,1
PAIR-000090,0.0,0.0,0.0,1.0,1.0,0.0,0.0,1
PAIR-000091,1.0,0.0,0.0,0.0,1.0,0.0,0.0,1
PAIR-000092,0.0,1.0,1.0,0.0,0.0,0.0,1.0,1
PAIR-000093,0.0,0.0,0.0,0.0,0.0,0.0,0.0,1
PAIR-000094,0.0,0.0,0.0,1.0,0.0,0.0,0.0,1
PAIR-000095,0.0,0.0,0.0,1.0,0.0,0.0,0.0,1
PAIR-000096,0.0,0.0,0.0,1.0,1.0,0.0,0.0,1
PAIR-000097,1.0,0.0,0.0,0.0,1.0,0.0,0.0,1
PAIR-000098,0.0,1.0,1.0,0.0,0.0,0.0,1.0,1
PAIR-000099,0.0,0.0,0.0,0.0,0.0,0.0,0.0,1
PAIR-000100,0.0,0.0,0.0,1.0,0.0,0.0,0.0,1
PAIR-000101,0.0,0.0,0.0,1.0,0.0,0.0,0.0,1
PAIR-000102,0.0,0.0,0.0,1.0,1.0,0.0,0.0,1
PAIR-000103,1.0,0.0,0.0,0.0,1.0,0.0,0.0,1
PAIR-000104,0.0,1.0,1.0,0.0,0.0,0.0,1.0,1
PAIR-000105,0.0,0.0,0.0,0.0,0.0,0.0,0.0,1
PAIR-000106,0.0,0.0,0.0,1.0,0.0,0.0,0.0,1
PAIR-000107,0.0,0.0,0.0,1.0,0.0,0.0,0.0,1
PAIR-000108,0.0,0.0,0.0,1.0,1.0,0.0,0.0,1
PAIR-000109,1.0,0.0,0.0,0.0,1.0,0.0,0.0,1
PAIR-000110,0.0,1.0,1.0,0.0,0.0,0.0,1.0,1
PAIR-000111,0.0,0.0,0.0,0.0,0.0,0.0,0.0,1
PAIR-000112,0.0,0.0,0.0,1.0,0.0,0.0,0.0,1
PAIR-000113,0.0,0.0,0.0,1.0,0.0,0.0,0.0,1
PAIR-000114,0.0,0.0,0.0,1.0,1.0,0.0,0.0,1
PAIR-000115,1.0,0.0,0.0,0.0,1.0,0.0,0.0,1
PAIR-000116,0.0,1.0,1.0,0.0,0.0,0.0,1.0,1
PAIR-000117,0.0,0.0,0.0,0.0,0.0,0.0,0.0,1
PAIR-000118,0.0,0.0,0.0,1.0,0.0,0.0,0.0,1
PAIR-000119,0.0,0.0,0.0,1.0,0.0,0.0,0.0,1
PAIR-000120,0.0,0.0,0.0,1.0,1.0,0.0,0.0,1
PAIR-000121,1.0,0.0,0.0,0.0,1.0,0.0,0.0,1
PAIR-000122,0.0,1.0,1.0,0.0,0.0,0.0,1.0,1
PAIR-000123,0.0,0.0,0.0,0.0,0.0,0.0,0.0,1
PAIR-000124,0.0,0.0,0.0,1.0,0.0,0.0,0.0,1
PAIR-000125,0.0,0.0,0.0,1.0,0.0,0.0,0.0,1
PAIR-000126,0.0,0.0,0.0,1.0,1.0,0.0,0.0,1
PAIR-000127,1.0,0.0,0.0,0.0,1.0,0.0,0.0,1
PAIR-000128,0.0,1.0,1.0,0.0,0.0,0.0,1.0,1
PAIR-000129,0.0,0.0,0.0,0.0,0.0,0.0,0.0,1
PAIR-000130,0.0,0.0,0.0,1.0,0.0,0.0,0.0,1
PAIR-000131,0.0,0.0,0.0,1.0,0.0,0.0,0.0,1
PAIR-000132,0.0,0.0,0.0,1.0,1.0,0.0,0.0,1
PAIR-000133,1.0,0.0,0.0,0.0,1.0,0.0,0.0,1
PAIR-000134,0.0,1.0,1.0,0.0,0.0,0.0,1.0,1
PAIR-000135,0.0,0.0,0.0,0.0,0.0,0.0,0.0,1
PAIR-000136,0.0,0.0,0.0,1.0,0.0,0.0,0.0,1
PAIR-000137,0.0,0.0,0.0,1.0,0.0,0.0,0.0,1
PAIR-000138,0.0,0.0,0.0,1.0,1.0,0.0,0.0,1
PAIR-000139,1.0,0.0,0.0,0.0,1.0,0.0,0.0,1
PAIR-000140,0.0,1.0,1.0,0.0,0.0,0.0,1.0,1
PAIR-000141,0.0,0.0,0.0,0.0,0.0,0.0,0.0,1
PAIR-000142,0.0,0.0,0.0,1.0,0.0,0.0,0.0,1
PAIR-000143,0.0,0.0,0.0,1.0,0.0,0.0,0.0,1
PAIR-000144,0.0,0.0,0.0,1.0,1.0,0.0,0.0,1
PAIR-000145,1.0,0.0,0.0,0.0,1.0,0.0,0.0,1
PAIR-000146,0.0,1.0,1.0,0.0,0.0,0.0,1.0,1
PAIR-000147,0.0,0.0,0.0,0.0,0.0,0.0,0.0,1
PAIR-000148,0.0,0.0,0.0,1.0,0.0,0.0,0.0,1
PAIR-000149,0.0,0.0,0.0,1.0,0.0,0.0,0.0,1
PAIR-000150,0.0,0.0,0.0,1.0,1.0,0.0,0.0,1
PAIR-000151,1.0,0.0,0.0,0.0,1.0,0.0,0.0,1
PAIR-000152,0.0,1.0,1.0,0.0,0.0,0.0,1.0,1
PAIR-000153,0.0,0.0,0.0,0.0,0.0,0.0,0.0,1
PAIR-000154,0.0,0.0,0.0,1.0,0.0,0.0,0.0,1
PAIR-000155,0.0,0.0,0.0,1.0,0.0,0.0,0.0,1
PAIR-000156,0.0,0.0,0.0,1.0,1.0,0.0,0.0,1
PAIR-000157,1.0,0.0,0.0,0.0,1.0,0.0,0.0,1
PAIR-000158,0.0,1.0,1.0,0.0,0.0,0.0,1.0,1
PAIR-000159,0.0,0.0,0.0,0.0,0.0,0.0,0.0,1
PAIR-000160,0.0,0.0,0.0,1.0,0.0,0.0,0.0,1
PAIR-000161,0.0,0.0,0.0,1.0,0.0,0.0,0.0,1
PAIR-000162,0.0,0.0,0.0,1.0,1.0,0.0,0.0,1
PAIR-000163,1.0,0.0,0.0,0.0,1.0,0.0,0.0,1
PAIR-000164,0.0,1.0,1.0,0.0,0.0,0.0,1.0,1
PAIR-000165,0.0,0.0,0.0,0.0,0.0,0.0,0.0,1
PAIR-000166,0.0,0.0,0.0,1.0,0.0,0.0,0.0,1
PAIR-000167,0.0,0.0,0.0,1.0,0.0,0.0,0.0,1
PAIR-000168,0.0,0.0,0.0,1.0,1.0,0.0,0.0,1
PAIR-000169,1.0,0.0,0.0,0.0,1.0,0.0,0.0,1
PAIR-000170,0.0,1.0,1.0,0.0,0.0,0.0,1.0,1
PAIR-000171,0.0,0.0,0.0,0.0,0.0,0.0,0.0,1
PAIR-000172,0.0,0.0,0.0,1.0,0.0,0.0,0.0,1
PAIR-000173,0.0,0.0,0.0,1.0,0.0,0.0,0.0,1
PAIR-000174,0.0,0.0,0.0,1.0,1.0,0.0,0.0,1
PAIR-000175,1.0,0.0,0.0,0.0,1.0,0.0,1.0,1
PAIR-000176,0.0,1.0,1.0,0.0,0.0,0.0,1.0,1
PAIR-000177,0.0,0.0,0.0,0.0,0.0,0.0,0.0,1
PAIR-000178,0.0,0.0,0.0,1.0,0.0,0.0,1.0,1
PAIR-000179,0.0,0.0,0.0,1.0,0.0,0.0,0.0,1
PAIR-000180,0.0,0.0,0.0,1.0,1.0,0.0,0.0,1
PAIR-000181,1.0,0.0,0.0,0.0,1.0,0.0,0.0,1
PAIR-000182,0.0,1.0,1.0,0.0,0.0,0.0,1.0,1
PAIR-000183,0.0,0.0,0.0,0.0,0.0,0.0,0.0,1
PAIR-000184,0.0,0.0,0.0,1.0,0.0,0.0,0.0,1
PAIR-000185,0.0,0.0,0.0,1.0,0.0,0.0,0.0,1
PAIR-000186,0.0,0.0,0.0,1.0,1.0,0.0,0.0,1
PAIR-000187,1.0,0.0,0.0,0.0,1.0,0.0,1.0,1
PAIR-000188,0.0,1.0,1.0,0.0,0.0,0.0,1.0,1
PAIR-000189,0.0,0.0,0.0,0.0,0.0,0.0,0.0,1
PAIR-000190,0.0,0.0,0.0,1.0,0.0,0.0,1.0,1
PAIR-000191,0.0,0.0,0.0,1.0,0.0,0.0,0.0,1
PAIR-000192,0.0,0.0,0.0,1.0,1.0,0.0,0.0,1
PAIR-000193,1.0,0.0,0.0,0.0,1.0,0.0,0.0,1
PAIR-000194,0.0,1.0,1.0,0.0,0.0,0.0,1.0,1
PAIR-000195,0.0,0.0,0.0,0.0,0.0,0.0,0.0,1
PAIR-000196,0.0,0.0,0.0,1.0,0.0,0.0,0.0,1
PAIR-000197,0.0,0.0,0.0,1.0,0.0,0.0,0.0,1
PAIR-000198,0.0,0.0,0.0,1.0,1.0,0.0,0.0,1
PAIR-000199,1.0,0.0,0.0,0.0,1.0,0.0,0.0,1
PAIR-000200,0.0,1.0,1.0,0.0,0.0,0.0,1.0,1
PAIR-000201,0.0,0.0,0.0,0.0,0.0,0.0,0.0,1
PAIR-000202,0.0,0.0,0.0,1.0,0.0,0.0,0.0,1
PAIR-000203,0.0,0.0,0.0,1.0,0.0,0.0,0.0,1
PAIR-000204,0.0,0.0,0.0,1.0,1.0,0.0,0.0,1
PAIR-000205,1.0,0.0,0.0,0.0,1.0,0.0,0.0,1
PAIR-000206,0.0,1.0,1.0,0.0,0.0,0.0,1.0,1
PAIR-000207,0.0,0.0,0.0,0.0,0.0,0.0,0.0,1
PAIR-000208,0.0,0.0,0.0,1.0,0.0,0.0,0.0,1
PAIR-000209,0.0,0.0,0.0,1.0,0.0,0.0,0.0,1
PAIR-000210,0.0,0.0,0.0,1.0,1.0,0.0,0.0,1
PAIR-000211,1.0,0.0,0.0,0.0,1.0,0.0,0.0,1
PAIR-000212,0.0,1.0,1.0,0.0,0.0,0.0,1.0,1
PAIR-000213,0.0,0.0,0.0,0.0,0.0,0.0,0.0,1
PAIR-000214,0.0,0.0,0.0,1.0,0.0,0.0,0.0,1
PAIR-000215,0.0,0.0,0.0,1.0,0.0,0.0,0.0,1
PAIR-000216,0.0,0.0,0.0,1.0,1.0,0.0,0.0,1
PAIR-000217,1.0,0.0,0.0,0.0,1.0,0.0,0.0,1
PAIR-000218,0.0,1.0,1.0,0.0,0.0,0.0,1.0,1
PAIR-000219,0.0,0.0,0.0,0.0,0.0,0.0,0.0,1
PAIR-000220,0.0,0.0,0.0,1.0,0.0,0.0,0.0,1
PAIR-000221,0.0,0.0,0.0,1.0,0.0,0.0,0.0,1
PAIR-000222,0.0,0.0,0.0,1.0,1.0,0.0,0.0,1
PAIR-000223,1.0,0.0,0.0,0.0,1.0,0.0,0.0,1
PAIR-000224,0.0,1.0,1.0,0.0,0.0,0.0,1.0,1
PAIR-000225,0.0,0.0,0.0,0.0,0.0,0.0,0.0,1
PAIR-000226,0.0,0.0,0.0,1.0,0.0,0.0,0.0,1
PAIR-000227,0.0,0.0,0.0,1.0,0.0,0.0,0.0,1
PAIR-000228,0.0,0.0,0.0,1.0,1.0,0.0,0.0,1
PAIR-000229,1.0,0.0,0.0,0.0,1.0,0.0,0.0,1
PAIR-000230,0.0,1.0,1.0,0.0,0.0,0.0,1.0,1
PAIR-000231,0.0,0.0,0.0,0.0,0.0,0.0,0.0,1
PAIR-000232,0.0,0.0,0.0,1.0,0.0,0.0,0.0,1
PAIR-000233,0.0,0.0,0.0,1.0,0.0,0.0,0.0,1
PAIR-000234,0.0,0.0,0.0,1.0,1.0,0.0,0.0,1
PAIR-000235,1.0,0.0,0.0,0.0,1.0,0.0,0.0,1
PAIR-000236,0.0,1.0,1.0,0.0,0.0,0.0,1.0,1
PAIR-000237,0.0,0.0,0.0,0.0,0.0,0.0,0.0,1
PAIR-000238,0.0,0.0,0.0,1.0,0.0,0.0,0.0,1
PAIR-000239,0.0,0.0,0.0,1.0,0.0,0.0,0.0,1
PAIR-000240,0.0,0.0,0.0,1.0,1.0,0.0,0.0,1
PAIR-000241,0.0,1.0,1.0,0.0,0.0,0.0,1.0,1
PAIR-000242,0.0,0.0,0.0,0.0,0.0,0.0,0.0,1
PAIR-000243,0.0,0.0,0.0,1.0,1.0,0.0,0.0,1
PAIR-000244,1.0,0.0,0.0,0.0,1.0,0.0,0.0,1
PAIR-000245,0.0,1.0,1.0,0.0,0.0,0.0,1.0,1
PAIR-000246,0.0,0.0,0.0,1.0,0.0,0.0,0.0,1
PAIR-000247,1.0,0.0,0.0,0.0,1.0,0.0,0.0,1
PAIR-000248,0.0,1.0,1.0,0.0,0.0,0.0,1.0,1
PAIR-000249,0.0,0.0,0.0,0.0,0.0,0.0,0.0,1
PAIR-000250,0.0,0.0,0.0,1.0,0.0,0.0,0.0,1
PAIR-000251,0.0,0.0,0.0,1.0,0.0,0.0,0.0,1
PAIR-000252,0.0,0.0,0.0,1.0,1.0,0.0,0.0,1
PAIR-000253,1.0,0.0,0.0,0.0,1.0,0.0,0.0,1
PAIR-000254,0.0,1.0,1.0,0.0,0.0,0.0,1.0,1
PAIR-000255,0.0,0.0,0.0,0.0,0.0,0.0,0.0,1
PAIR-000256,0.0,0.0,0.0,1.0,0.0,0.0,0.0,1
PAIR-000257,0.0,0.0,0.0,1.0,0.0,0.0,0.0,1
PAIR-000258,0.0,0.0,0.0,1.0,1.0,0.0,0.0,1
PAIR-000259,1.0,0.0,0.0,0.0,1.0,0.0,0.0,1
PAIR-000260,0.0,1.0,1.0,0.0,0.0,0.0,1.0,1
PAIR-000261,0.0,0.0,0.0,0.0,0.0,0.0,0.0,1
PAIR-000262,0.0,0.0,0.0,1.0,0.0,0.0,0.0,1
PAIR-000263,0.0,0.0,0.0,1.0,0.0,0.0,0.0,1
PAIR-000264,0.0,0.0,0.0,1.0,1.0,0.0,0.0,1
PAIR-000265,1.0,0.0,0.0,0.0,1.0,0.0,0.0,1
PAIR-000266,0.0,1.0,1.0,0.0,0.0,0.0,1.0,1
PAIR-000267,0.0,0.0,0.0,0.0,0.0,0.0,0.0,1
PAIR-000268,0.0,0.0,0.0,1.0,0.0,0.0,0.0,1
PAIR-000269,0.0,0.0,0.0,1.0,0.0,0.0,0.0,1
PAIR-000270,0.0,0.0,0.0,1.0,1.0,0.0,0.0,1
PAIR-000271,1.0,0.0,0.0,0.0,1.0,0.0,0.0,1
PAIR-000272,0.0,1.0,1.0,0.0,0.0,0.0,1.0,1
PAIR-000273,0.0,0.0,0.0,0.0,0.0,0.0,0.0,1
PAIR-000274,0.0,0.0,0.0,1.0,0.0,0.0,0.0,1
PAIR-000275,0.0,0.0,0.0,1.0,0.0,0.0,0.0,1
PAIR-000276,0.0,0.0,0.0,1.0,1.0,0.0,0.0,1
PAIR-000277,1.0,0.0,0.0,0.0,1.0,0.0,0.0,1
PAIR-000278,0.0,1.0,1.0,0.0,0.0,0.0,1.0,1
PAIR-000279,0.0,0.0,0.0,0.0,0.0,0.0,0.0,1
PAIR-000280,0.0,0.0,0.0,1.0,0.0,0.0,0.0,1
PAIR-000281,0.0,0.0,0.0,1.0,0.0,0.0,0.0,1
PAIR-000282,0.0,0.0,0.0,1.0,1.0,0.0,0.0,1
PAIR-000283,1.0,0.0,0.0,0.0,1.0,0.0,0.0,1
PAIR-000284,0.0,1.0,1.0,0.0,0.0,0.0,1.0,1
PAIR-000285,0.0,0.0,0.0,0.0,0.0,0.0,0.0,1
PAIR-000286,0.0,0.0,0.0,1.0,0.0,0.0,0.0,1
PAIR-000287,0.0,0.0,0.0,1.0,0.0,0.0,0.0,1
PAIR-000288,0.0,0.0,0.0,1.0,1.0,0.0,0.0,1
PAIR-000289,1.0,0.0,0.0,0.0,1.0,0.0,1.0,1
PAIR-000290,0.0,1.0,1.0,0.0,0.0,0.0,1.0,1
PAIR-000291,0.0,0.0,0.0,0.0,0.0,0.0,0.0,1
PAIR-000292,0.0,0.0,0.0,1.0,0.0,0.0,1.0,1
PAIR-000293,0.0,0.0,0.0,1.0,0.0,0.0,0.0,1
PAIR-000294,0.0,0.0,0.0,1.0,1.0,0.0,0.0,1
PAIR-000295,1.0,0.0,0.0,0.0,1.0,0.0,0.0,1
PAIR-000296,0.0,1.0,1.0,0.0,0.0,0.0,1.0,1
PAIR-000297,0.0,0.0,0.0,0.0,0.0,0.0,0.0,1
PAIR-000298,0.0,0.0,0.0,1.0,0.0,0.0,0.0,1
PAIR-000299,0.0,0.0,0.0,1.0,0.0,0.0,0.0,1
PAIR-000300,0.0,0.0,0.0,1.0,1.0,0.0,0.0,1
PAIR-000301,1.0,0.0,0.0,0.0,1.0,0.0,0.0,1
PAIR-000302,0.0,1.0,1.0,0.0,0.0,0.0,1.0,1
PAIR-000303,0.0,0.0,0.0,0.0,0.0,0.0,0.0,1
PAIR-000304,0.0,0.0,0.0,1.0,0.0,0.0,0.0,1
PAIR-000305,0.0,0.0,0.0,1.0,0.0,0.0,0.0,1
PAIR-000306,0.0,0.0,0.0,1.0,1.0,0.0,0.0,1
PAIR-000307,1.0,0.0,0.0,0.0,1.0,0.0,1.0,1
PAIR-000308,0.0,1.0,1.0,0.0,0.0,0.0,1.0,1
PAIR-000309,0.0,0.0,0.0,0.0,0.0,0.0,0.0,1
PAIR-000310,0.0,0.0,0.0,1.0,0.0,0.0,1.0,1
PAIR-000311,0.0,0.0,0.0,1.0,0.0,0.0,0.0,1
PAIR-000312,0.0,0.0,0.0,1.0,1.0,0.0,0.0,1
PAIR-000313,1.0,0.0,0.0,0.0,1.0,0.0,0.0,1
PAIR-000314,0.0,1.0,1.0,0.0,0.0,0.0,1.0,1
PAIR-000315,0.0,0.0,0.0,0.0,0.0,0.0,0.0,1
PAIR-000316,0.0,0.0,0.0,1.0,0.0,0.0,0.0,1
PAIR-000317,0.0,0.0,0.0,1.0,0.0,0.0,0.0,1
PAIR-000318,0.0,0.0,0.0,1.0,1.0,0.0,0.0,1
PAIR-000319,1.0,0.0,0.0,0.0,1.0,0.0,1.0,1
PAIR-000320,0.0,1.0,1.0,0.0,0.0,0.0,1.0,1
PAIR-000321,0.0,0.0,0.0,0.0,0.0,0.0,0.0,1
PAIR-000322,0.0,0.0,0.0,1.0,0.0,0.0,1.0,1
PAIR-000323,0.0,0.0,0.0,1.0,0.0,0.0,0.0,1
PAIR-000324,0.0,0.0,0.0,1.0,1.0,0.0,0.0,1
PAIR-000325,1.0,0.0,0.0,0.0,1.0,0.0,0.0,1
PAIR-000326,0.0,1.0,1.0,0.0,0.0,0.0,1.0,1
PAIR-000327,0.0,0.0,0.0,0.0,0.0,0.0,0.0,1
PAIR-000328,0.0,0.0,0.0,1.0,0.0,0.0,0.0,1
PAIR-000329,0.0,0.0,0.0,1.0,0.0,0.0,0.0,1
PAIR-000330,0.0,0.0,0.0,1.0,1.0,0.0,0.0,1
PAIR-000331,1.0,0.0,0.0,0.0,1.0,0.0,0.0,1
PAIR-000332,0.0,1.0,1.0,0.0,0.0,0.0,1.0,1
PAIR-000333,0.0,0.0,0.0,0.0,0.0,0.0,0.0,1
PAIR-000334,0.0,0.0,0.0,1.0,0.0,0.0,0.0,1
PAIR-000335,0.0,0.0,0.0,1.0,0.0,0.0,0.0,1
PAIR-000336,0.0,0.0,0.0,1.0,1.0,0.0,0.0,1
PAIR-000337,1.0,0.0,0.0,0.0,1.0,0.0,0.0,1
PAIR-000338,0.0,1.0,1.0,0.0,0.0,0.0,1.0,1
PAIR-000339,0.0,0.0,0.0,0.0,0.0,0.0,0.0,1
PAIR-000340,0.0,0.0,0.0,1.0,0.0,0.0,0.0,1
PAIR-000341,0.0,0.0,0.0,1.0,0.0,0.0,0.0,1
PAIR-000342,0.0,0.0,0.0,1.0,1.0,0.0,0.0,1
PAIR-000343,1.0,0.0,0.0,0.0,1.0,0.0,0.0,1
PAIR-000344,0.0,1.0,1.0,0.0,0.0,0.0,1.0,1
PAIR-000345,0.0,0.0,0.0,0.0,0.0,0.0,0.0,1
PAIR-000346,0.0,0.0,0.0,1.0,0.0,0.0,0.0,1
PAIR-000347,0.0,0.0,0.0,1.0,0.0,0.0,0.0,1
PAIR-000348,0.0,0.0,0.0,1.0,1.0,0.0,0.0,1
PAIR-000349,1.0,0.0,0.0,0.0,1.0,0.0,0.0,1
PAIR-000350,0.0,1.0,1.0,0.0,0.0,0.0,1.0,1
PAIR-000351,0.0,0.0,0.0,0.0,0.0,0.0,0.0,1
PAIR-000352,0.0,0.0,0.0,1.0,0.0,0.0,0.0,1
PAIR-000353,0.0,0.0,0.0,1.0,0.0,0.0,0.0,1
PAIR-000354,0.0,0.0,0.0,1.0,1.0,0.0,0.0,1
PAIR-000355,1.0,0.0,0.0,0.0,1.0,0.0,0.0,1
PAIR-000356,0.0,1.0,1.0,0.0,0.0,0.0,1.0,1
PAIR-000357,0.0,0.0,0.0,0.0,0.0,0.0,0.0,1
PAIR-000358,0.0,0.0,0.0,1.0,0.0,0.0,0.0,1
PAIR-000359,0.0,0.0,0.0,1.0,0.0,0.0,0.0,1
PAIR-000360,0.0,0.0,0.0,1.0,1.0,0.0,0.0,1
PAIR-000361,1.0,0.0,0.0,0.0,1.0,0.0,1.0,1
PAIR-000362,0.0,1.0,1.0,0.0,0.0,0.0,1.0,1
PAIR-000363,0.0,0.0,0.0,0.0,0.0,0.0,0.0,1
PAIR-000364,0.0,0.0,0.0,1.0,0.0,0.0,1.0,1
PAIR-000365,0.0,0.0,0.0,1.0,0.0,0.0,0.0,1
PAIR-000366,0.0,0.0,0.0,1.0,1.0,0.0,0.0,1
PAIR-000367,1.0,0.0,0.0,0.0,1.0,0.0,0.0,1
PAIR-000368,0.0,1.0,1.0,0.0,0.0,0.0,1.0,1
PAIR-000369,0.0,0.0,0.0,0.0,0.0,0.0,0.0,1
PAIR-000370,0.0,0.0,0.0,1.0,0.0,0.0,0.0,1
PAIR-000371,0.0,0.0,0.0,1.0,0.0,0.0,0.0,1
PAIR-000372,0.0,0.0,0.0,1.0,1.0,0.0,0.0,1
PAIR-000373,1.0,0.0,0.0,0.0,1.0,0.0,0.0,1
PAIR-000374,0.0,1.0,1.0,0.0,0.0,0.0,1.0,1
PAIR-000375,0.0,0.0,0.0,0.0,0.0,0.0,0.0,1
PAIR-000376,0.0,0.0,0.0,1.0,0.0,0.0,0.0,1
PAIR-000377,0.0,0.0,0.0,1.0,0.0,0.0,0.0,1
PAIR-000378,0.0,0.0,0.0,1.0,1.0,0.0,0.0,1
PAIR-000379,1.0,0.0,0.0,0.0,1.0,0.0,0.0,1
PAIR-000380,0.0,1.0,1.0,0.0,0.0,0.0,1.0,1
PAIR-000381,0.0,0.0,0.0,0.0,0.0,0.0,0.0,1
PAIR-000382,0.0,0.0,0.0,1.0,0.0,0.0,0.0,1
PAIR-000383,0.0,0.0,0.0,1.0,0.0,0.0,0.0,1
PAIR-000384,0.0,0.0,0.0,1.0,1.0,0.0,0.0,1
PAIR-000385,1.0,0.0,0.0,0.0,1.0,0.0,0.0,1
PAIR-000386,0.0,1.0,1.0,0.0,0.0,0.0,1.0,1
PAIR-000387,0.0,0.0,0.0,0.0,0.0,0.0,0.0,1
PAIR-000388,0.0,0.0,0.0,1.0,0.0,0.0,0.0,1
PAIR-000389,0.0,0.0,0.0,1.0,0.0,0.0,0.0,1
PAIR-000390,0.0,0.0,0.0,1.0,1.0,0.0,0.0,1
PAIR-000391,1.0,0.0,0.0,0.0,1.0,0.0,1.0,1
PAIR-000392,0.0,1.0,1.0,0.0,0.0,0.0,1.0,1
PAIR-000393,0.0,0.0,0.0,0.0,0.0,0.0,0.0,1
PAIR-000394,0.0,0.0,0.0,1.0,0.0,0.0,1.0,1
PAIR-000395,0.0,0.0,0.0,1.0,0.0,0.0,0.0,1
PAIR-000396,0.0,0.0,0.0,1.0,1.0,0.0,0.0,1
PAIR-000397,1.0,0.0,0.0,0.0,1.0,0.0,1.0,1
PAIR-000398,0.0,1.0,1.0,0.0,0.0,0.0,1.0,1
PAIR-000399,0.0,0.0,0.0,0.0,0.0,0.0,0.0,1
PAIR-000400,0.0,0.0,0.0,1.0,0.0,0.0,1.0,1
PAIR-000401,0.0,0.0,0.0,1.0,0.0,0.0,0.0,1
PAIR-000402,0.0,0.0,0.0,1.0,1.0,0.0,0.0,1
PAIR-000403,1.0,0.0,0.0,0.0,1.0,0.0,0.0,1
PAIR-000404,0.0,1.0,1.0,0.0,0.0,0.0,1.0,1
PAIR-000405,0.0,0.0,0.0,0.0,0.0,0.0,0.0,1
PAIR-000406,0.0,0.0,0.0,1.0,0.0,0.0,0.0,1
PAIR-000407,0.0,0.0,0.0,1.0,0.0,0.0,0.0,1
PAIR-000408,0.0,0.0,0.0,1.0,1.0,0.0,0.0,1
PAIR-000409,1.0,0.0,0.0,0.0,1.0,0.0,0.0,1
PAIR-000410,0.0,1.0,1.0,0.0,0.0,0.0,1.0,1
PAIR-000411,0.0,0.0,0.0,0.0,0.0,0.0,0.0,1
PAIR-000412,0.0,0.0,0.0,1.0,0.0,0.0,0.0,1
PAIR-000413,0.0,0.0,0.0,1.0,0.0,0.0,0.0,1
PAIR-000414,0.0,0.0,0.0,1.0,1.0,0.0,0.0,1
PAIR-000415,1.0,0.0,0.0,0.0,1.0,0.0,0.0,1
PAIR-000416,0.0,1.0,1.0,0.0,0.0,0.0,1.0,1
PAIR-000417,0.0,0.0,0.0,0.0,0.0,0.0,0.0,1
PAIR-000418,0.0,0.0,0.0,1.0,0.0,0.0,0.0,1
PAIR-000419,0.0,0.0,0.0,1.0,0.0,0.0,0.0,1
PAIR-000420,0.0,0.0,0.0,1.0,1.0,0.0,0.0,1
PAIR-000421,1.0,0.0,0.0,0.0,1.0,0.0,0.0,1
PAIR-000422,0.0,1.0,1.0,0.0,0.0,0.0,1.0,1
PAIR-000423,0.0,0.0,0.0,0.0,0.0,0.0,0.0,1
PAIR-000424,0.0,0.0,0.0,1.0,0.0,0.0,0.0,1
PAIR-000425,0.0,0.0,0.0,1.0,0.0,0.0,0.0,1
PAIR-000426,0.0,0.0,0.0,1.0,1.0,0.0,0.0,1
PAIR-000427,1.0,0.0,0.0,0.0,1.0,0.0,0.0,1
PAIR-000428,0.0,1.0,1.0,0.0,0.0,0.0,1.0,1
PAIR-000429,0.0,0.0,0.0,0.0,0.0,0.0,0.0,1
PAIR-000430,0.0,0.0,0.0,1.0,0.0,0.0,0.0,1
PAIR-000431,0.0,0.0,0.0,1.0,0.0,0.0,0.0,1
PAIR-000432,0.0,0.0,0.0,1.0,1.0,0.0,0.0,1
PAIR-000433,1.0,0.0,0.0,0.0,1.0,0.0,1.0,1
PAIR-000434,0.0,1.0,1.0,0.0,0.0,0.0,1.0,1
PAIR-000435,0.0,0.0,0.0,0.0,0.0,0.0,0.0,1
PAIR-000436,0.0,0.0,0.0,1.0,0.0,0.0,1.0,1
PAIR-000437,0.0,0.0,0.0,1.0,0.0,0.0,0.0,1
PAIR-000438,0.0,0.0,0.0,1.0,1.0,0.0,0.0,1
PAIR-000439,1.0,0.0,0.0,0.0,1.0,0.0,0.0,1
PAIR-000440,0.0,1.0,1.0,0.0,0.0,0.0,1.0,1
PAIR-000441,0.0,0.0,0.0,0.0,0.0,0.0,0.0,1
PAIR-000442,0.0,0.0,0.0,1.0,0.0,0.0,0.0,1
PAIR-000443,0.0,0.0,0.0,1.0,0.0,0.0,0.0,1
PAIR-000444,0.0,0.0,0.0,1.0,1.0,0.0,0.0,1
PAIR-000445,1.0,0.0,0.0,0.0,1.0,0.0,1.0,1
PAIR-000446,0.0,1.0,1.0,0.0,0.0,0.0,1.0,1
PAIR-000447,0.0,0.0,0.0,0.0,0.0,0.0,0.0,1
PAIR-000448,0.0,0.0,0.0,1.0,0.0,0.0,1.0,1
PAIR-000449,0.0,0.0,0.0,1.0,0.0,0.0,0.0,1
PAIR-000450,0.0,0.0,0.0,1.0,1.0,0.0,0.0,1
PAIR-000451,1.0,0.0,0.0,0.0,1.0,0.0,0.0,1
PAIR-000452,0.0,1.0,1.0,0.0,0.0,0.0,1.0,1
PAIR-000453,0.0,0.0,0.0,0.0,0.0,0.0,0.0,1
PAIR-000454,0.0,0.0,0.0,1.0,0.0,0.0,0.0,1
PAIR-000455,0.0,0.0,0.0,1.0,0.0,0.0,0.0,1
PAIR-000456,0.0,0.0,0.0,1.0,1.0,0.0,0.0,1
PAIR-000457,1.0,0.0,0.0,0.0,1.0,0.0,0.0,1
PAIR-000458,0.0,1.0,1.0,0.0,0.0,0.0,1.0,1
PAIR-000459,0.0,0.0,0.0,0.0,0.0,0.0,0.0,1
PAIR-000460,0.0,0.0,0.0,1.0,0.0,0.0,0.0,1
PAIR-000461,0.0,0.0,0.0,1.0,0.0,0.0,0.0,1
PAIR-000462,0.0,0.0,0.0,1.0,1.0,0.0,0.0,1
PAIR-000463,1.0,0.0,0.0,0.0,1.0,0.0,0.0,1
PAIR-000464,0.0,1.0,1.0,0.0,0.0,0.0,1.0,1
PAIR-000465,0.0,0.0,0.0,0.0,0.0,0.0,0.0,1
PAIR-000466,0.0,0.0,0.0,1.0,0.0,0.0,0.0,1
PAIR-000467,0.0,0.0,0.0,1.0,0.0,0.0,0.0,1
PAIR-000468,0.0,0.0,0.0,1.0,1.0,0.0,0.0,1
PAIR-000469,1.0,0.0,0.0,0.0,1.0,0.0,1.0,1
PAIR-000470,0.0,1.0,1.0,0.0,0.0,0.0,1.0,1
PAIR-000471,0.0,0.0,0.0,0.0,0.0,0.0,0.0,1
PAIR-000472,0.0,0.0,0.0,1.0,0.0,0.0,1.0,1
PAIR-000473,0.0,0.0,0.0,1.0,0.0,0.0,0.0,1
PAIR-000474,0.0,0.0,0.0,1.0,1.0,0.0,0.0,1
PAIR-000475,1.0,0.0,0.0,0.0,1.0,0.0,0.0,1
PAIR-000476,0.0,1.0,1.0,0.0,0.0,0.0,1.0,1
PAIR-000477,0.0,0.0,0.0,0.0,0.0,0.0,0.0,1
PAIR-000478,0.0,0.0,0.0,1.0,0.0,0.0,0.0,1
PAIR-000479,0.0,0.0,0.0,1.0,0.0,0.0,0.0,1
PAIR-000480,0.0,0.0,0.0,1.0,1.0,0.0,0.0,1
PAIR-000481,1.0,0.0,0.0,0.0,1.0,0.0,0.0,1
PAIR-000482,0.0,1.0,1.0,0.0,0.0,0.0,1.0,1
PAIR-000483,0.0,0.0,0.0,0.0,0.0,0.0,0.0,1
PAIR-000484,0.0,0.0,0.0,1.0,0.0,0.0,0.0,1
PAIR-000485,0.0,0.0,0.0,1.0,0.0,0.0,0.0,1
PAIR-000486,0.0,0.0,0.0,1.0,1.0,0.0,0.0,1
PAIR-000487,1.0,0.0,0.0,0.0,1.0,0.0,0.0,1
PAIR-000488,0.0,1.0,1.0,0.0,0.0,0.0,1.0,1
PAIR-000489,0.0,0.0,0.0,0.0,0.0,0.0,0.0,1
PAIR-000490,0.0,0.0,0.0,1.0,0.0,0.0,0.0,1
PAIR-000491,0.0,0.0,0.0,1.0,0.0,0.0,0.0,1
PAIR-000492,0.0,0.0,0.0,1.0,1.0,0.0,0.0,1
PAIR-000493,1.0,0.0,0.0,0.0,1.0,0.0,0.0,1
PAIR-000494,0.0,1.0,1.0,0.0,0.0,0.0,1.0,1
PAIR-000495,0.0,0.0,0.0,0.0,0.0,0.0,0.0,1
PAIR-000496,0.0,0.0,0.0,1.0,0.0,0.0,0.0,1
PAIR-000497,0.0,0.0,0.0,1.0,0.0,0.0,0.0,1
PAIR-000498,0.0,0.0,0.0,1.0,1.0,0.0,0.0,1
PAIR-000499,1.0,0.0,0.0,0.0,1.0,0.0,0.0,1
PAIR-000500,0.0,1.0,1.0,0.0,0.0,0.0,1.0,1
PAIR-000501,0.0,0.0,0.0,0.0,0.0,0.0,0.0,1
PAIR-000502,0.0,0.0,0.0,1.0,0.0,0.0,0.0,1
PAIR-000503,0.0,0.0,0.0,1.0,0.0,0.0,0.0,1
PAIR-000504,0.0,0.0,0.0,1.0,1.0,0.0,0.0,1
PAIR-000505,0.0,1.0,1.0,0.0,0.0,0.0,1.0,1
PAIR-000506,0.0,0.0,0.0,0.0,0.0,0.0,0.0,1
PAIR-000507,0.0,0.0,0.0,1.0,1.0,0.0,0.0,1
PAIR-000508,1.0,0.0,0.0,0.0,1.0,0.0,0.0,1
PAIR-000509,0.0,1.0,1.0,0.0,0.0,0.0,1.0,1
PAIR-000510,0.0,0.0,0.0,0.0,0.0,0.0,0.0,1
PAIR-000511,0.0,0.0,0.0,1.0,0.0,0.0,0.0,1
PAIR-000512,0.0,0.0,0.0,1.0,0.0,0.0,0.0,1
PAIR-000513,0.0,0.0,0.0,1.0,1.0,0.0,0.0,1
PAIR-000514,1.0,0.0,0.0,0.0,1.0,0.0,0.0,1
PAIR-000515,0.0,1.0,1.0,0.0,0.0,0.0,1.0,1
PAIR-000516,0.0,0.0,0.0,0.0,0.0,0.0,0.0,1
PAIR-000517,0.0,0.0,0.0,1.0,0.0,0.0,0.0,1
PAIR-000518,0.0,0.0,0.0,1.0,0.0,0.0,0.0,1
PAIR-000519,0.0,0.0,0.0,1.0,1.0,0.0,0.0,1
PAIR-000520,1.0,0.0,0.0,0.0,1.0,0.0,0.0,1
PAIR-000521,0.0,1.0,1.0,0.0,0.0,0.0,1.0,1
PAIR-000522,0.0,0.0,0.0,0.0,0.0,0.0,0.0,1
PAIR-000523,0.0,0.0,0.0,1.0,0.0,0.0,0.0,1
PAIR-000524,0.0,0.0,0.0,1.0,0.0,0.0,0.0,1
PAIR-000525,0.0,0.0,0.0,1.0,1.0,0.0,0.0,1
PAIR-000526,1.0,0.0,0.0,0.0,1.0,0.0,1.0,1
PAIR-000527,0.0,1.0,1.0,0.0,0.0,0.0,1.0,1
PAIR-000528,0.0,0.0,0.0,0.0,0.0,0.0,0.0,1
PAIR-000529,0.0,0.0,0.0,1.0,0.0,0.0,1.0,1
PAIR-000530,0.0,0.0,0.0,1.0,0.0,0.0,0.0,1
PAIR-000531,0.0,0.0,0.0,1.0,1.0,0.0,0.0,1
PAIR-000532,1.0,0.0,0.0,0.0,1.0,0.0,0.0,1
PAIR-000533,0.0,1.0,1.0,0.0,0.0,0.0,1.0,1
PAIR-000534,0.0,0.0,0.0,0.0,0.0,0.0,0.0,1
PAIR-000535,0.0,0.0,0.0,1.0,0.0,0.0,0.0,1
PAIR-000536,0.0,0.0,0.0,1.0,0.0,0.0,0.0,1
PAIR-000537,0.0,0.0,0.0,1.0,1.0,0.0,0.0,1
PAIR-000538,1.0,0.0,0.0,0.0,1.0,0.0,0.0,1
PAIR-000539,0.0,1.0,1.0,0.0,0.0,0.0,1.0,1
PAIR-000540,0.0,0.0,0.0,0.0,0.0,0.0,0.0,1
PAIR-000541,0.0,0.0,0.0,1.0,0.0,0.0,0.0,1
PAIR-000542,0.0,0.0,0.0,1.0,0.0,0.0,0.0,1
PAIR-000543,0.0,0.0,0.0,1.0,1.0,0.0,0.0,1
PAIR-000544,1.0,0.0,0.0,0.0,1.0,0.0,0.0,1
PAIR-000545,0.0,1.0,1.0,0.0,0.0,0.0,1.0,1
PAIR-000546,0.0,0.0,0.0,0.0,0.0,0.0,0.0,1
PAIR-000547,0.0,0.0,0.0,1.0,0.0,0.0,0.0,1
PAIR-000548,0.0,0.0,0.0,1.0,0.0,0.0,0.0,1
PAIR-000549,0.0,0.0,0.0,1.0,1.0,0.0,0.0,1
PAIR-000550,1.0,0.0,0.0,0.0,1.0,0.0,0.0,1
PAIR-000551,0.0,1.0,1.0,0.0,0.0,0.0,1.0,1
PAIR-000552,0.0,0.0,0.0,0.0,0.0,0.0,0.0,1
PAIR-000553,0.0,0.0,0.0,1.0,0.0,0.0,0.0,1
PAIR-000554,0.0,0.0,0.0,1.0,0.0,0.0,0.0,1
PAIR-000555,0.0,0.0,0.0,1.0,1.0,0.0,0.0,1
PAIR-000556,1.0,0.0,0.0,0.0,1.0,0.0,0.0,1
PAIR-000557,0.0,1.0,1.0,0.0,0.0,0.0,1.0,1
PAIR-000558,0.0,0.0,0.0,0.0,0.0,0.0,0.0,1
PAIR-000559,0.0,0.0,0.0,1.0,0.0,0.0,0.0,1
PAIR-000560,0.0,0.0,0.0,1.0,0.0,0.0,0.0,1
PAIR-000561,0.0,0.0,0.0,1.0,1.0,0.0,0.0,1
PAIR-000562,1.0,0.0,0.0,0.0,1.0,0.0,0.0,1
PAIR-000563,0.0,1.0,1.0,0.0,0.0,0.0,1.0,1
PAIR-000564,0.0,0.0,0.0,0.0,0.0,0.0,0.0,1
PAIR-000565,0.0,0.0,0.0,1.0,0.0,0.0,0.0,1
PAIR-000566,0.0,0.0,0.0,1.0,0.0,0.0,0.0,1
PAIR-000567,0.0,0.0,0.0,1.0,1.0,0.0,0.0,1
PAIR-000568,1.0,0.0,0.0,0.0,1.0,0.0,0.0,1
PAIR-000569,0.0,1.0,1.0,0.0,0.0,0.0,1.0,1
PAIR-000570,0.0,0.0,0.0,0.0,0.0,0.0,0.0,1
PAIR-000571,0.0,0.0,0.0,1.0,0.0,0.0,0.0,1
PAIR-000572,0.0,0.0,0.0,1.0,0.0,0.0,0.0,1
PAIR-000573,0.0,0.0,0.0,1.0,1.0,0.0,0.0,1
PAIR-000574,1.0,0.0,0.0,0.0,1.0,0.0,0.0,1
PAIR-000575,0.0,1.0,1.0,0.0,0.0,0.0,1.0,1
PAIR-000576,0.0,0.0,0.0,0.0,0.0,0.0,0.0,1
PAIR-000577,0.0,0.0,0.0,1.0,0.0,0.0,0.0,1
PAIR-000578,0.0,0.0,0.0,1.0,0.0,0.0,0.0,1
PAIR-000579,0.0,0.0,0.0,1.0,1.0,0.0,0.0,1
PAIR-000580,1.0,0.0,0.0,0.0,1.0,0.0,1.0,1
PAIR-000581,0.0,1.0,1.0,0.0,0.0,0.0,1.0,1
PAIR-000582,0.0,0.0,0.0,0.0,0.0,0.0,0.0,1
PAIR-000583,0.0,0.0,0.0,1.0,0.0,0.0,1.0,1
PAIR-000584,0.0,0.0,0.0,1.0,0.0,0.0,0.0,1
PAIR-000585,0.0,0.0,0.0,1.0,1.0,0.0,0.0,1
PAIR-000586,1.0,0.0,0.0,0.0,1.0,0.0,0.0,1
PAIR-000587,0.0,1.0,1.0,0.0,0.0,0.0,1.0,1
PAIR-000588,0.0,0.0,0.0,0.0,0.0,0.0,0.0,1
PAIR-000589,0.0,0.0,0.0,1.0,0.0,0.0,0.0,1
PAIR-000590,0.0,0.0,0.0,1.0,0.0,0.0,0.0,1
PAIR-000591,0.0,0.0,0.0,1.0,1.0,0.0,0.0,1
PAIR-000592,1.0,0.0,0.0,0.0,1.0,0.0,0.0,1
PAIR-000593,0.0,1.0,1.0,0.0,0.0,0.0,1.0,1
PAIR-000594,0.0,0.0,0.0,0.0,0.0,0.0,0.0,1
PAIR-000595,0.0,0.0,0.0,1.0,0.0,0.0,0.0,1
PAIR-000596,0.0,0.0,0.0,1.0,0.0,0.0,0.0,1
PAIR-000597,0.0,0.0,0.0,1.0,1.0,0.0,0.0,1
PAIR-000598,1.0,0.0,0.0,0.0,1.0,0.0,1.0,1
PAIR-000599,0.0,1.0,1.0,0.0,0.0,0.0,1.0,1
PAIR-000600,0.0,0.0,0.0,0.0,0.0,0.0,0.0,1
PAIR-000601,0.0,0.0,0.0,1.0,0.0,0.0,1.0,1
PAIR-000602,0.0,0.0,0.0,1.0,0.0,0.0,0.0,1
PAIR-000603,0.0,0.0,0.0,1.0,1.0,0.0,0.0,1
PAIR-000604,1.0,0.0,0.0,0.0,1.0,0.0,0.0,1
PAIR-000605,0.0,1.0,1.0,0.0,0.0,0.0,1.0,1
PAIR-000606,0.0,0.0,0.0,0.0,0.0,0.0,0.0,1
PAIR-000607,0.0,0.0,0.0,1.0,0.0,0.0,0.0,1
PAIR-000608,0.0,0.0,0.0,1.0,0.0,0.0,0.0,1
PAIR-000609,0.0,0.0,0.0,1.0,1.0,0.0,0.0,1
PAIR-000610,1.0,0.0,0.0,0.0,1.0,0.0,0.0,1
PAIR-000611,0.0,1.0,1.0,0.0,0.0,0.0,1.0,1
PAIR-000612,0.0,0.0,0.0,0.0,0.0,0.0,0.0,1
PAIR-000613,0.0,0.0,0.0,1.0,0.0,0.0,0.0,1
PAIR-000614,0.0,0.0,0.0,1.0,0.0,0.0,0.0,1
PAIR-000615,0.0,0.0,0.0,1.0,1.0,0.0,0.0,1
PAIR-000616,1.0,0.0,0.0,0.0,1.0,0.0,1.0,1
PAIR-000617,0.0,1.0,1.0,0.0,0.0,0.0,1.0,1
PAIR-000618,0.0,0.0,0.0,0.0,0.0,0.0,0.0,1
PAIR-000619,0.0,0.0,0.0,1.0,0.0,0.0,1.0,1
PAIR-000620,0.0,0.0,0.0,1.0,0.0,0.0,0.0,1
PAIR-000621,0.0,0.0,0.0,1.0,1.0,0.0,0.0,1
PAIR-000622,1.0,0.0,0.0,0.0,1.0,0.0,0.0,1
PAIR-000623,0.0,1.0,1.0,0.0,0.0,0.0,1.0,1
PAIR-000624,0.0,0.0,0.0,0.0,0.0,0.0,0.0,1
PAIR-000625,0.0,0.0,0.0,1.0,0.0,0.0,0.0,1
PAIR-000626,0.0,0.0,0.0,1.0,0.0,0.0,0.0,1
PAIR-000627,0.0,0.0,0.0,1.0,1.0,0.0,0.0,1
PAIR-000628,1.0,0.0,0.0,0.0,1.0,0.0,0.0,1
PAIR-000629,0.0,1.0,1.0,0.0,0.0,0.0,1.0,1
PAIR-000630,0.0,0.0,0.0,0.0,0.0,0.0,0.0,1
PAIR-000631,0.0,0.0,0.0,1.0,0.0,0.0,0.0,1
PAIR-000632,0.0,0.0,0.0,1.0,0.0,0.0,0.0,1
PAIR-000633,0.0,0.0,0.0,1.0,1.0,0.0,0.0,1
PAIR-000634,1.0,0.0,0.0,0.0,0.0,0.0,0.0,1
PAIR-000635,0.0,1.0,1.0,0.0,1.0,0.0,1.0,1
PAIR-000636,0.0,0.0,0.0,0.0,1.0,0.0,0.0,1
PAIR-000637,0.0,0.0,0.0,1.0,0.0,0.0,0.0,1
PAIR-000638,0.0,0.0,0.0,1.0,0.0,0.0,0.0,1
PAIR-000639,0.0,0.0,0.0,1.0,1.0,0.0,0.0,1
PAIR-000640,1.0,0.0,0.0,0.0,1.0,0.0,0.0,1
PAIR-000641,0.0,1.0,1.0,0.0,0.0,0.0,1.0,1
PAIR-000642,0.0,0.0,0.0,0.0,0.0,0.0,0.0,1
PAIR-000643,0.0,0.0,0.0,1.0,0.0,0.0,0.0,1
PAIR-000644,0.0,0.0,0.0,1.0,0.0,0.0,0.0,1
PAIR-000645,0.0,0.0,0.0,1.0,1.0,0.0,0.0,1
PAIR-000646,1.0,0.0,0.0,0.0,1.0,0.0,0.0,1
PAIR-000647,0.0,1.0,1.0,0.0,0.0,0.0,1.0,1
PAIR-000648,0.0,0.0,0.0,0.0,0.0,0.0,0.0,1
PAIR-000649,0.0,0.0,0.0,1.0,0.0,0.0,0.0,1
PAIR-000650,0.0,0.0,0.0,1.0,0.0,0.0,0.0,1
PAIR-000651,0.0,0.0,0.0,1.0,1.0,0.0,0.0,1
PAIR-000652,1.0,0.0,0.0,0.0,1.0,0.0,0.0,1
PAIR-000653,0.0,1.0,1.0,0.0,0.0,0.0,1.0,1
PAIR-000654,0.0,0.0,0.0,0.0,0.0,0.0,0.0,1
PAIR-000655,0.0,0.0,0.0,1.0,0.0,0.0,0.0,1
PAIR-000656,0.0,0.0,0.0,1.0,0.0,0.0,0.0,1
PAIR-000657,0.0,0.0,0.0,1.0,1.0,0.0,0.0,1
PAIR-000658,1.0,0.0,0.0,0.0,1.0,0.0,0.0,1
PAIR-000659,0.0,1.0,1.0,0.0,0.0,0.0,1.0,1
PAIR-000660,0.0,0.0,0.0,0.0,0.0,0.0,0.0,1
PAIR-000661,0.0,0.0,0.0,1.0,0.0,0.0,0.0,1
PAIR-000662,0.0,0.0,0.0,1.0,0.0,0.0,0.0,1
PAIR-000663,0.0,0.0,0.0,1.0,1.0,0.0,0.0,1
PAIR-000664,1.0,0.0,0.0,0.0,1.0,0.0,0.0,1
PAIR-000665,0.0,1.0,1.0,0.0,0.0,0.0,1.0,1
PAIR-000666,0.0,0.0,0.0,0.0,0.0,0.0,0.0,1
PAIR-000667,0.0,0.0,0.0,1.0,0.0,0.0,0.0,1
PAIR-000668,0.0,0.0,0.0,1.0,0.0,0.0,0.0,1
PAIR-000669,0.0,0.0,0.0,1.0,1.0,0.0,0.0,1
PAIR-000670,1.0,0.0,0.0,0.0,1.0,0.0,1.0,1
PAIR-000671,0.0,1.0,1.0,0.0,0.0,0.0,1.0,1
PAIR-000672,0.0,0.0,0.0,0.0,0.0,0.0,0.0,1
PAIR-000673,0.0,0.0,0.0,1.0,0.0,0.0,1.0,1
PAIR-000674,0.0,0.0,0.0,1.0,0.0,0.0,0.0,1
PAIR-000675,0.0,0.0,0.0,1.0,1.0,0.0,0.0,1
PAIR-000676,1.0,0.0,0.0,0.0,1.0,0.0,0.0,1
PAIR-000677,0.0,1.0,1.0,0.0,0.0,0.0,1.0,1
PAIR-000678,0.0,0.0,0.0,0.0,0.0,0.0,0.0,1
PAIR-000679,0.0,0.0,0.0,1.0,0.0,0.0,0.0,1
PAIR-000680,0.0,0.0,0.0,1.0,0.0,0.0,0.0,1
PAIR-000681,0.0,0.0,0.0,1.0,1.0,0.0,0.0,1
PAIR-000682,1.0,0.0,0.0,0.0,1.0,0.0,1.0,1
PAIR-000683,0.0,1.0,1.0,0.0,0.0,0.0,1.0,1
PAIR-000684,0.0,0.0,0.0,0.0,0.0,0.0,0.0,1
PAIR-000685,0.0,0.0,0.0,1.0,0.0,0.0,1.0,1
PAIR-000686,0.0,0.0,0.0,1.0,0.0,0.0,0.0,1
PAIR-000687,0.0,0.0,0.0,1.0,1.0,0.0,0.0,1
PAIR-000688,0.0,0.0,0.0,0.0,1.0,0.0,0.0,1
PAIR-000689,0.0,1.0,1.0,0.0,0.0,0.0,1.0,1
PAIR-000690,0.0,0.0,0.0,0.0,0.0,0.0,0.0,1
PAIR-000691,0.0,0.0,0.0,1.0,0.0,0.0,0.0,1
PAIR-000692,0.0,0.0,0.0,1.0,0.0,0.0,0.0,1
PAIR-000693,0.0,0.0,0.0,1.0,1.0,0.0,0.0,1
PAIR-000694,1.0,0.0,0.0,0.0,1.0,0.0,1.0,1
PAIR-000695,0.0,0.0,1.0,0.0,0.0,0.0,1.0,1
PAIR-000696,0.0,0.0,0.0,0.0,0.0,0.0,0.0,1
PAIR-000697,0.0,0.0,0.0,1.0,0.0,0.0,1.0,1
PAIR-000698,0.0,0.0,0.0,1.0,0.0,0.0,0.0,1
PAIR-000699,0.0,0.0,0.0,1.0,1.0,0.0,0.0,1
PAIR-000700,1.0,0.0,0.0,0.0,1.0,0.0,0.0,1
PAIR-000701,0.0,1.0,1.0,0.0,0.0,0.0,1.0,1
PAIR-000702,0.0,0.0,0.0,0.0,0.0,0.0,0.0,1
PAIR-000703,0.0,0.0,0.0,1.0,0.0,0.0,0.0,1
PAIR-000704,0.0,0.0,0.0,1.0,0.0,0.0,0.0,1
PAIR-000705,0.0,0.0,0.0,1.0,1.0,0.0,0.0,1
PAIR-000706,1.0,0.0,0.0,0.0,1.0,0.0,0.0,1
PAIR-000707,0.0,1.0,1.0,0.0,0.0,0.0,1.0,1
PAIR-000708,0.0,0.0,0.0,0.0,0.0,0.0,0.0,1
PAIR-000709,0.0,0.0,0.0,1.0,0.0,0.0,0.0,1
PAIR-000710,0.0,0.0,0.0,1.0,0.0,0.0,0.0,1
PAIR-000711,0.0,0.0,0.0,1.0,1.0,0.0,0.0,1
PAIR-000712,1.0,0.0,0.0,0.0,1.0,0.0,0.0,1
PAIR-000713,0.0,1.0,1.0,0.0,0.0,0.0,1.0,1
PAIR-000714,0.0,0.0,0.0,0.0,0.0,0.0,0.0,1
PAIR-000715,0.0,0.0,0.0,1.0,0.0,0.0,0.0,1
PAIR-000716,0.0,0.0,0.0,1.0,0.0,0.0,1.0,1
PAIR-000717,0.0,0.0,0.0,1.0,1.0,0.0,0.0,1
PAIR-000718,1.0,0.0,0.0,0.0,1.0,0.0,1.0,1
PAIR-000719,0.0,1.0,1.0,0.0,0.0,0.0,1.0,1
PAIR-000720,0.0,0.0,0.0,0.0,0.0,0.0,0.0,1
PAIR-000721,0.0,0.0,0.0,1.0,0.0,0.0,1.0,1
PAIR-000722,0.0,0.0,0.0,1.0,0.0,0.0,0.0,1
PAIR-000723,0.0,0.0,0.0,1.0,1.0,0.0,0.0,1
PAIR-000724,1.0,0.0,0.0,0.0,1.0,0.0,0.0,1
PAIR-000725,0.0,1.0,1.0,0.0,0.0,0.0,1.0,1
PAIR-000726,0.0,0.0,0.0,0.0,0.0,0.0,0.0,1
PAIR-000727,0.0,0.0,0.0,1.0,0.0,0.0,0.0,1
PAIR-000728,0.0,0.0,0.0,1.0,0.0,0.0,0.0,1
PAIR-000729,0.0,0.0,0.0,1.0,1.0,0.0,0.0,1
PAIR-000730,1.0,0.0,0.0,0.0,1.0,0.0,0.0,1
PAIR-000731,0.0,1.0,1.0,0.0,0.0,0.0,1.0,1
PAIR-000732,0.0,0.0,0.0,0.0,0.0,0.0,0.0,1
PAIR-000733,0.0,0.0,0.0,1.0,0.0,0.0,0.0,1
PAIR-000734,0.0,0.0,0.0,1.0,0.0,0.0,0.0,1
PAIR-000735,0.0,0.0,0.0,1.0,1.0,0.0,0.0,1
PAIR-000736,1.0,0.0,0.0,0.0,1.0,0.0,0.0,1
PAIR-000737,0.0,1.0,1.0,0.0,0.0,0.0,1.0,1
PAIR-000738,0.0,0.0,0.0,0.0,0.0,0.0,0.0,1
PAIR-000739,0.0,0.0,0.0,1.0,0.0,0.0,0.0,1
PAIR-000740,0.0,0.0,0.0,1.0,0.0,0.0,0.0,1
PAIR-000741,0.0,0.0,0.0,1.0,1.0,0.0,0.0,1
PAIR-000742,1.0,0.0,0.0,0.0,1.0,0.0,0.0,1
PAIR-000743,0.0,1.0,1.0,0.0,0.0,0.0,1.0,1
PAIR-000744,0.0,0.0,0.0,0.0,0.0,0.0,0.0,1
PAIR-000745,0.0,0.0,0.0,1.0,0.0,0.0,0.0,1
PAIR-000746,0.0,0.0,0.0,1.0,0.0,0.0,0.0,1
PAIR-000747,0.0,0.0,0.0,1.0,1.0,0.0,0.0,1
PAIR-000748,1.0,0.0,0.0,0.0,1.0,0.0,0.0,1
PAIR-000749,0.0,1.0,1.0,0.0,0.0,0.0,1.0,1
PAIR-000750,0.0,0.0,0.0,0.0,0.0,0.0,0.0,1
PAIR-000751,0.0,0.0,0.0,1.0,0.0,0.0,0.0,1
PAIR-000752,0.0,0.0,0.0,1.0,0.0,0.0,0.0,1
PAIR-000753,0.0,0.0,0.0,1.0,1.0,0.0,0.0,1
PAIR-000754,1.0,0.0,0.0,0.0,1.0,0.0,1.0,1
PAIR-000755,0.0,1.0,1.0,0.0,0.0,0.0,1.0,1
PAIR-000756,0.0,0.0,0.0,0.0,0.0,0.0,0.0,1
PAIR-000757,0.0,0.0,0.0,1.0,0.0,0.0,1.0,1
PAIR-000758,0.0,0.0,0.0,1.0,0.0,0.0,0.0,1
PAIR-000759,0.0,0.0,0.0,1.0,1.0,0.0,0.0,1
PAIR-000760,1.0,0.0,0.0,0.0,1.0,0.0,1.0,1
PAIR-000761,0.0,1.0,1.0,0.0,0.0,0.0,1.0,1
PAIR-000762,0.0,0.0,0.0,0.0,0.0,0.0,0.0,1
PAIR-000763,0.0,0.0,0.0,1.0,0.0,0.0,1.0,1
PAIR-000764,0.0,0.0,0.0,1.0,0.0,0.0,0.0,1
PAIR-000765,0.0,0.0,0.0,1.0,1.0,0.0,0.0,1
PAIR-000766,1.0,0.0,0.0,0.0,1.0,0.0,0.0,1
PAIR-000767,0.0,1.0,1.0,0.0,0.0,0.0,1.0,1
PAIR-000768,0.0,0.0,0.0,0.0,0.0,0.0,0.0,1
PAIR-000769,0.0,0.0,0.0,1.0,0.0,0.0,0.0,1
PAIR-000770,0.0,0.0,0.0,1.0,0.0,0.0,0.0,1
PAIR-000771,0.0,0.0,0.0,1.0,1.0,0.0,0.0,1
PAIR-000772,1.0,0.0,0.0,0.0,1.0,0.0,1.0,1
PAIR-000773,0.0,1.0,1.0,0.0,0.0,0.0,1.0,1
PAIR-000774,0.0,0.0,0.0,0.0,0.0,0.0,0.0,1
PAIR-000775,0.0,0.0,0.0,1.0,0.0,0.0,1.0,1
PAIR-000776,0.0,0.0,0.0,1.0,0.0,0.0,0.0,1
PAIR-000777,0.0,0.0,0.0,1.0,1.0,0.0,0.0,1
PAIR-000778,1.0,0.0,0.0,0.0,1.0,0.0,1.0,1
PAIR-000779,0.0,1.0,1.0,0.0,0.0,0.0,1.0,1
PAIR-000780,0.0,0.0,0.0,0.0,0.0,0.0,0.0,1
PAIR-000781,0.0,0.0,0.0,1.0,0.0,0.0,1.0,1
PAIR-000782,0.0,0.0,0.0,1.0,0.0,0.0,0.0,1
PAIR-000783,0.0,0.0,0.0,1.0,1.0,0.0,0.0,1
PAIR-000784,1.0,0.0,0.0,0.0,1.0,0.0,1.0,1
PAIR-000785,0.0,1.0,1.0,0.0,0.0,0.0,1.0,1
PAIR-000786,0.0,0.0,0.0,0.0,0.0,0.0,0.0,1
PAIR-000787,0.0,0.0,0.0,1.0,0.0,0.0,1.0,1
PAIR-000788,0.0,0.0,0.0,1.0,0.0,0.0,0.0,1
PAIR-000789,0.0,0.0,0.0,1.0,1.0,0.0,0.0,1
PAIR-000790,1.0,0.0,0.0,0.0,1.0,0.0,0.0,1
PAIR-000791,0.0,1.0,1.0,0.0,0.0,0.0,1.0,1
PAIR-000792,0.0,0.0,0.0,0.0,0.0,0.0,0.0,1
PAIR-000793,0.0,0.0,0.0,1.0,0.0,0.0,0.0,1
PAIR-000794,0.0,0.0,0.0,1.0,0.0,0.0,0.0,1
PAIR-000795,0.0,0.0,0.0,1.0,1.0,0.0,0.0,1
PAIR-000796,1.0,0.0,0.0,0.0,1.0,0.0,0.0,1
PAIR-000797,0.0,1.0,1.0,0.0,0.0,0.0,1.0,1
PAIR-000798,0.0,0.0,0.0,0.0,0.0,0.0,0.0,1
PAIR-000799,0.0,0.0,0.0,1.0,0.0,0.0,0.0,1
PAIR-000800,0.0,0.0,0.0,1.0,0.0,0.0,0.0,1
PAIR-000801,0.0,0.0,0.0,1.0,1.0,0.0,0.0,1
PAIR-000802,1.0,0.0,0.0,0.0,1.0,0.0,1.0,1
PAIR-000803,0.0,1.0,1.0,0.0,0.0,0.0,1.0,1
PAIR-000804,0.0,0.0,0.0,0.0,0.0,0.0,0.0,1
PAIR-000805,0.0,0.0,0.0,1.0,0.0,0.0,1.0,1
PAIR-000806,0.0,0.0,0.0,1.0,0.0,0.0,0.0,1
PAIR-000807,0.0,0.0,0.0,1.0,1.0,0.0,0.0,1
PAIR-000808,1.0,0.0,0.0,0.0,1.0,0.0,0.0,1
PAIR-000809,0.0,1.0,1.0,0.0,0.0,0.0,1.0,1
PAIR-000810,0.0,0.0,0.0,0.0,0.0,0.0,0.0,1
PAIR-000811,0.0,0.0,0.0,1.0,0.0,0.0,0.0,1
PAIR-000812,0.0,0.0,0.0,1.0,0.0,0.0,0.0,1
PAIR-000813,0.0,0.0,0.0,1.0,1.0,0.0,0.0,1
PAIR-000814,1.0,0.0,0.0,0.0,1.0,0.0,0.0,1
PAIR-000815,0.0,1.0,1.0,0.0,0.0,0.0,0.0,1
PAIR-000816,0.0,0.0,0.0,0.0,0.0,0.0,1.0,1
PAIR-000817,0.0,0.0,0.0,1.0,0.0,0.0,1.0,1
PAIR-000818,0.0,0.0,0.0,1.0,0.0,0.0,0.0,1
PAIR-000819,0.0,0.0,0.0,1.0,1.0,0.0,0.0,1
PAIR-000820,1.0,0.0,0.0,0.0,1.0,0.0,0.0,1
PAIR-000821,0.0,1.0,1.0,0.0,0.0,0.0,1.0,1
PAIR-000822,0.0,0.0,0.0,0.0,0.0,0.0,0.0,1
PAIR-000823,0.0,0.0,0.0,1.0,0.0,0.0,0.0,1
PAIR-000824,0.0,0.0,0.0,1.0,0.0,0.0,0.0,1
PAIR-000825,0.0,0.0,0.0,1.0,1.0,0.0,0.0,1
PAIR-000826,1.0,0.0,0.0,0.0,1.0,0.0,0.0,1
PAIR-000827,0.0,1.0,1.0,0.0,0.0,0.0,1.0,1
PAIR-000828,0.0,0.0,0.0,0.0,0.0,0.0,0.0,1
PAIR-000829,0.0,0.0,0.0,1.0,0.0,0.0,0.0,1
PAIR-000830,0.0,0.0,0.0,1.0,0.0,0.0,0.0,1
PAIR-000831,0.0,0.0,0.0,1.0,1.0,0.0,0.0,1
PAIR-000832,1.0,0.0,0.0,0.0,1.0,0.0,1.0,1
PAIR-000833,0.0,1.0,1.0,0.0,0.0,0.0,1.0,1
PAIR-000834,0.0,0.0,0.0,0.0,0.0,0.0,0.0,1
PAIR-000835,0.0,0.0,0.0,1.0,0.0,0.0,1.0,1
PAIR-000836,0.0,0.0,0.0,1.0,0.0,0.0,0.0,1
PAIR-000837,0.0,0.0,0.0,1.0,1.0,0.0,0.0,1
PAIR-000838,1.0,0.0,0.0,0.0,1.0,0.0,1.0,1
PAIR-000839,0.0,1.0,1.0,0.0,0.0,0.0,1.0,1
PAIR-000840,0.0,0.0,0.0,0.0,0.0,0.0,0.0,1
PAIR-000841,0.0,0.0,0.0,1.0,0.0,0.0,1.0,1
PAIR-000842,0.0,0.0,0.0,1.0,0.0,0.0,0.0,1
PAIR-000843,0.0,0.0,0.0,1.0,1.0,0.0,0.0,1
PAIR-000844,1.0,0.0,0.0,0.0,1.0,0.0,0.0,1
PAIR-000845,0.0,1.0,1.0,0.0,0.0,0.0,1.0,1
PAIR-000846,0.0,0.0,0.0,0.0,0.0,0.0,0.0,1
PAIR-000847,0.0,0.0,0.0,1.0,0.0,0.0,0.0,1
PAIR-000848,0.0,0.0,0.0,1.0,0.0,0.0,0.0,1
PAIR-000849,0.0,0.0,0.0,1.0,1.0,0.0,0.0,1
PAIR-000850,1.0,0.0,0.0,0.0,1.0,0.0,0.0,1
PAIR-000851,0.0,1.0,1.0,0.0,0.0,0.0,1.0,1
PAIR-000852,0.0,0.0,0.0,0.0,0.0,0.0,0.0,1
PAIR-000853,0.0,0.0,0.0,1.0,0.0,0.0,0.0,1
PAIR-000854,0.0,0.0,0.0,1.0,0.0,0.0,0.0,1
PAIR-000855,0.0,0.0,0.0,1.0,1.0,0.0,0.0,1
PAIR-000856,1.0,0.0,0.0,0.0,1.0,0.0,0.0,1
PAIR-000857,0.0,1.0,1.0,0.0,0.0,0.0,1.0,1
PAIR-000858,0.0,0.0,0.0,0.0,0.0,0.0,0.0,1
PAIR-000859,0.0,0.0,0.0,1.0,0.0,0.0,0.0,1
PAIR-000860,0.0,0.0,0.0,1.0,0.0,0.0,0.0,1
PAIR-000861,0.0,0.0,0.0,1.0,1.0,0.0,0.0,1
PAIR-000862,1.0,0.0,0.0,0.0,1.0,0.0,0.0,1
PAIR-000863,0.0,1.0,1.0,0.0,0.0,0.0,1.0,1
PAIR-000864,0.0,0.0,0.0,0.0,0.0,0.0,0.0,1
PAIR-000865,0.0,0.0,0.0,1.0,0.0,0.0,0.0,1
PAIR-000866,0.0,0.0,0.0,1.0,0.0,0.0,0.0,1
PAIR-000867,0.0,0.0,0.0,1.0,1.0,0.0,0.0,1
PAIR-000868,1.0,0.0,0.0,0.0,1.0,0.0,0.0,1
PAIR-000869,0.0,1.0,1.0,0.0,0.0,0.0,1.0,1
PAIR-000870,0.0,0.0,0.0,0.0,0.0,0.0,0.0,1
PAIR-000871,0.0,0.0,0.0,1.0,0.0,0.0,0.0,1
PAIR-000872,0.0,0.0,0.0,1.0,0.0,0.0,0.0,1
PAIR-000873,0.0,0.0,0.0,1.0,1.0,0.0,0.0,1
PAIR-000874,1.0,0.0,0.0,0.0,1.0,0.0,1.0,1
PAIR-000875,0.0,1.0,1.0,0.0,0.0,0.0,1.0,1
PAIR-000876,0.0,0.0,0.0,0.0,0.0,0.0,0.0,1
PAIR-000877,0.0,0.0,0.0,1.0,0.0,0.0,1.0,1
PAIR-000878,0.0,0.0,0.0,1.0,0.0,0.0,0.0,1
PAIR-000879,0.0,0.0,0.0,1.0,1.0,0.0,0.0,1
PAIR-000880,1.0,0.0,0.0,0.0,1.0,0.0,0.0,1
PAIR-000881,0.0,1.0,1.0,0.0,0.0,0.0,1.0,1
PAIR-000882,0.0,0.0,0.0,0.0,0.0,0.0,0.0,1
PAIR-000883,0.0,0.0,0.0,1.0,0.0,0.0,0.0,1
PAIR-000884,0.0,0.0,0.0,1.0,0.0,0.0,0.0,1
PAIR-000885,0.0,0.0,0.0,1.0,1.0,0.0,0.0,1
PAIR-000886,1.0,0.0,0.0,0.0,1.0,0.0,0.0,1
PAIR-000887,0.0,1.0,1.0,0.0,0.0,0.0,1.0,1
PAIR-000888,0.0,0.0,0.0,0.0,0.0,0.0,0.0,1
PAIR-000889,0.0,0.0,0.0,1.0,0.0,0.0,0.0,1
PAIR-000890,0.0,0.0,0.0,1.0,0.0,0.0,0.0,1
PAIR-000891,0.0,0.0,0.0,1.0,1.0,0.0,0.0,1
PAIR-000892,1.0,0.0,0.0,0.0,1.0,0.0,0.0,1
PAIR-000893,0.0,1.0,1.0,0.0,0.0,0.0,1.0,1
PAIR-000894,0.0,0.0,0.0,0.0,0.0,0.0,0.0,1
PAIR-000895,0.0,0.0,0.0,1.0,0.0,0.0,0.0,1
PAIR-000896,0.0,0.0,0.0,1.0,0.0,0.0,0.0,1
PAIR-000897,0.0,0.0,0.0,1.0,1.0,0.0,0.0,1
PAIR-000898,1.0,0.0,0.0,0.0,1.0,0.0,0.0,1
PAIR-000899,0.0,1.0,1.0,0.0,0.0,0.0,1.0,1
PAIR-000900,0.0,0.0,0.0,0.0,0.0,0.0,0.0,1
PAIR-000901,0.0,0.0,0.0,1.0,0.0,0.0,0.0,1
PAIR-000902,0.0,0.0,0.0,1.0,0.0,0.0,0.0,1
PAIR-000903,0.0,0.0,0.0,1.0,1.0,0.0,0.0,1
PAIR-000904,1.0,0.0,0.0,0.0,1.0,0.0,0.0,1
PAIR-000905,0.0,1.0,1.0,0.0,0.0,0.0,1.0,1
PAIR-000906,0.0,0.0,0.0,0.0,0.0,0.0,0.0,1
PAIR-000907,0.0,0.0,0.0,1.0,0.0,0.0,0.0,1
PAIR-000908,0.0,0.0,0.0,1.0,0.0,0.0,0.0,1
PAIR-000909,0.0,0.0,0.0,1.0,1.0,0.0,0.0,1
PAIR-000910,1.0,0.0,0.0,0.0,1.0,0.0,0.0,1
PAIR-000911,0.0,1.0,1.0,0.0,0.0,0.0,1.0,1
PAIR-000912,0.0,0.0,0.0,0.0,0.0,0.0,0.0,1
PAIR-000913,0.0,0.0,0.0,1.0,0.0,0.0,0.0,1
PAIR-000914,0.0,0.0,0.0,1.0,0.0,0.0,0.0,1
PAIR-000915,0.0,0.0,0.0,1.0,1.0,0.0,0.0,1
PAIR-000916,1.0,0.0,0.0,0.0,1.0,0.0,0.0,1
PAIR-000917,0.0,1.0,1.0,0.0,0.0,0.0,1.0,1
PAIR-000918,0.0,0.0,0.0,0.0,0.0,0.0,0.0,1
PAIR-000919,0.0,0.0,0.0,1.0,0.0,0.0,0.0,1
PAIR-000920,0.0,0.0,0.0,1.0,0.0,0.0,0.0,1
PAIR-000921,0.0,0.0,0.0,1.0,1.0,0.0,0.0,1
PAIR-000922,1.0,0.0,0.0,0.0,1.0,0.0,0.0,1
PAIR-000923,0.0,1.0,1.0,0.0,0.0,0.0,1.0,1
PAIR-000924,0.0,0.0,0.0,0.0,0.0,0.0,0.0,1
PAIR-000925,0.0,0.0,0.0,1.0,0.0,0.0,0.0,1
PAIR-000926,0.0,0.0,0.0,1.0,0.0,0.0,0.0,1
PAIR-000927,0.0,0.0,0.0,1.0,1.0,0.0,0.0,1
PAIR-000928,1.0,0.0,0.0,0.0,1.0,0.0,0.0,1
PAIR-000929,0.0,1.0,1.0,0.0,0.0,0.0,1.0,1
PAIR-000930,0.0,0.0,0.0,0.0,0.0,0.0,0.0,1
PAIR-000931,0.0,0.0,0.0,1.0,0.0,0.0,0.0,1
PAIR-000932,0.0,0.0,0.0,1.0,0.0,0.0,0.0,1
PAIR-000933,0.0,0.0,0.0,1.0,1.0,0.0,0.0,1
PAIR-000934,1.0,0.0,0.0,0.0,1.0,0.0,0.0,1
PAIR-000935,0.0,1.0,1.0,0.0,0.0,0.0,1.0,1
PAIR-000936,0.0,0.0,0.0,0.0,0.0,0.0,0.0,1
PAIR-000937,0.0,0.0,0.0,1.0,0.0,0.0,0.0,1
PAIR-000938,0.0,0.0,0.0,1.0,0.0,0.0,0.0,1
PAIR-000939,0.0,0.0,0.0,1.0,1.0,0.0,0.0,1
PAIR-000940,1.0,0.0,0.0,0.0,1.0,0.0,0.0,1
PAIR-000941,0.0,1.0,1.0,0.0,0.0,0.0,1.0,1
PAIR-000942,0.0,0.0,0.0,0.0,0.0,0.0,0.0,1
PAIR-000943,0.0,0.0,0.0,1.0,0.0,0.0,0.0,1
PAIR-000944,0.0,0.0,0.0,1.0,0.0,0.0,0.0,1
PAIR-000945,0.0,0.0,0.0,1.0,1.0,0.0,0.0,1
PAIR-000946,1.0,0.0,0.0,0.0,1.0,0.0,0.0,1
PAIR-000947,0.0,1.0,1.0,0.0,0.0,0.0,1.0,1
PAIR-000948,0.0,0.0,0.0,0.0,0.0,0.0,0.0,1
PAIR-000949,0.0,0.0,0.0,1.0,0.0,0.0,0.0,1
PAIR-000950,0.0,0.0,0.0,1.0,0.0,0.0,0.0,1
PAIR-000951,0.0,0.0,0.0,1.0,1.0,0.0,0.0,1
PAIR-000952,1.0,0.0,0.0,0.0,1.0,0.0,0.0,1
PAIR-000953,0.0,1.0,1.0,0.0,0.0,0.0,1.0,1
PAIR-000954,0.0,0.0,0.0,0.0,0.0,0.0,0.0,1
PAIR-000955,0.0,0.0,0.0,1.0,0.0,0.0,0.0,1
PAIR-000956,0.0,0.0,0.0,1.0,0.0,0.0,0.0,1
PAIR-000957,0.0,0.0,0.0,1.0,1.0,0.0,0.0,1
PAIR-000958,1.0,0.0,0.0,0.0,1.0,0.0,0.0,1
PAIR-000959,0.0,1.0,1.0,0.0,0.0,0.0,1.0,1
PAIR-000960,0.0,0.0,0.0,0.0,0.0,0.0,0.0,1
PAIR-000961,0.0,0.0,0.0,1.0,0.0,0.0,0.0,1
PAIR-000962,0.0,0.0,0.0,1.0,0.0,0.0,0.0,1
PAIR-000963,0.0,0.0,0.0,1.0,1.0,0.0,0.0,1
PAIR-000964,1.0,0.0,0.0,0.0,1.0,0.0,0.0,1
PAIR-000965,0.0,1.0,1.0,0.0,0.0,0.0,1.0,1
PAIR-000966,0.0,0.0,0.0,0.0,0.0,0.0,0.0,1
PAIR-000967,0.0,0.0,0.0,1.0,0.0,0.0,0.0,1
PAIR-000968,0.0,0.0,0.0,1.0,0.0,0.0,0.0,1
PAIR-000969,0.0,0.0,0.0,1.0,1.0,0.0,0.0,1
PAIR-000970,1.0,0.0,0.0,0.0,1.0,0.0,1.0,1
PAIR-000971,0.0,1.0,1.0,0.0,0.0,0.0,1.0,1
PAIR-000972,0.0,0.0,0.0,0.0,0.0,0.0,0.0,1
PAIR-000973,0.0,0.0,0.0,1.0,0.0,0.0,1.0,1
PAIR-000974,0.0,0.0,0.0,1.0,0.0,0.0,0.0,1
PAIR-000975,0.0,0.0,0.0,1.0,1.0,0.0,0.0,1
PAIR-000976,1.0,0.0,0.0,0.0,1.0,0.0,0.0,1
PAIR-000977,0.0,1.0,1.0,0.0,0.0,0.0,1.0,1
PAIR-000978,0.0,0.0,0.0,0.0,0.0,0.0,0.0,1
PAIR-000979,0.0,0.0,0.0,1.0,0.0,0.0,0.0,1
PAIR-000980,0.0,0.0,0.0,1.0,0.0,0.0,0.0,1
PAIR-000981,0.0,0.0,0.0,1.0,1.0,0.0,0.0,1
PAIR-000982,1.0,0.0,0.0,0.0,1.0,0.0,0.0,1
PAIR-000983,0.0,1.0,1.0,0.0,0.0,0.0,1.0,1
PAIR-000984,0.0,0.0,0.0,0.0,0.0,0.0,0.0,1
PAIR-000985,0.0,0.0,0.0,1.0,0.0,0.0,0.0,1
PAIR-000986,0.0,0.0,0.0,1.0,0.0,0.0,0.0,1
PAIR-000987,0.0,0.0,0.0,1.0,1.0,0.0,0.0,1
PAIR-000988,1.0,0.0,0.0,0.0,1.0,0.0,0.0,1
PAIR-000989,0.0,1.0,1.0,0.0,0.0,0.0,1.0,1
PAIR-000990,0.0,0.0,0.0,0.0,0.0,0.0,0.0,1
PAIR-000991,0.0,0.0,0.0,1.0,0.0,0.0,0.0,1
PAIR-000992,0.0,0.0,0.0,1.0,0.0,0.0,0.0,1
PAIR-000993,0.0,0.0,0.0,1.0,1.0,0.0,0.0,1
PAIR-000994,1.0,0.0,0.0,0.0,1.0,0.0,0.0,1
PAIR-000995,0.0,1.0,1.0,0.0,0.0,0.0,1.0,1
PAIR-000996,0.0,0.0,0.0,0.0,0.0,0.0,0.0,1
PAIR-000997,0.0,0.0,0.0,1.0,0.0,0.0,0.0,1
PAIR-000998,0.0,0.0,0.0,1.0,0.0,0.0,0.0,1
PAIR-000999,0.0,0.0,0.0,1.0,1.0,0.0,0.0,1
PAIR-001000,1.0,0.0,0.0,0.0,1.0,0.0,0.0,1
PAIR-001001,0.0,1.0,1.0,0.0,0.0,0.0,1.0,1
PAIR-001002,0.0,0.0,0.0,0.0,0.0,0.0,0.0,1
PAIR-001003,0.0,0.0,0.0,1.0,0.0,0.0,0.0,1
PAIR-001004,0.0,0.0,0.0,1.0,0.0,0.0,0.0,1
PAIR-001005,0.0,0.0,0.0,1.0,1.0,0.0,0.0,1
PAIR-001006,1.0,0.0,0.0,0.0,1.0,0.0,0.0,1
PAIR-001007,0.0,1.0,1.0,0.0,0.0,0.0,1.0,1
PAIR-001008,0.0,0.0,0.0,0.0,0.0,0.0,0.0,1
PAIR-001009,0.0,0.0,0.0,1.0,0.0,0.0,0.0,1
PAIR-001010,0.0,0.0,0.0,1.0,0.0,0.0,0.0,1
PAIR-001011,0.0,0.0,0.0,1.0,1.0,0.0,0.0,1
PAIR-001012,1.0,0.0,0.0,0.0,1.0,0.0,1.0,1
PAIR-001013,0.0,1.0,1.0,0.0,0.0,0.0,1.0,1
PAIR-001014,0.0,0.0,0.0,0.0,0.0,0.0,0.0,1
PAIR-001015,0.0,0.0,0.0,1.0,0.0,0.0,1.0,1
PAIR-001016,0.0,0.0,0.0,1.0,0.0,0.0,0.0,1
PAIR-001017,0.0,0.0,0.0,1.0,1.0,0.0,0.0,1
PAIR-001018,0.0,0.0,0.0,0.0,1.0,0.0,0.0,1
PAIR-001019,0.0,1.0,1.0,0.0,0.0,0.0,1.0,1
PAIR-001020,0.0,0.0,0.0,0.0,0.0,0.0,0.0,1
PAIR-001021,0.0,0.0,0.0,1.0,0.0,0.0,0.0,1
PAIR-001022,0.0,0.0,0.0,1.0,0.0,0.0,0.0,1
PAIR-001023,0.0,0.0,0.0,1.0,1.0,0.0,0.0,1
PAIR-001024,1.0,0.0,0.0,0.0,1.0,0.0,0.0,1
PAIR-001025,0.0,1.0,1.0,0.0,0.0,0.0,1.0,1
PAIR-001026,0.0,0.0,0.0,0.0,0.0,0.0,0.0,1
PAIR-001027,0.0,0.0,0.0,1.0,0.0,0.0,0.0,1
PAIR-001028,0.0,0.0,0.0,1.0,0.0,0.0,0.0,1
PAIR-001029,0.0,0.0,0.0,1.0,1.0,0.0,0.0,1
PAIR-001030,1.0,0.0,0.0,0.0,1.0,0.0,1.0,1
PAIR-001031,0.0,1.0,1.0,0.0,0.0,0.0,1.0,1
PAIR-001032,0.0,0.0,0.0,0.0,0.0,0.0,0.0,1
PAIR-001033,0.0,0.0,0.0,1.0,0.0,0.0,1.0,1
PAIR-001034,0.0,0.0,0.0,1.0,0.0,0.0,0.0,1
PAIR-001035,0.0,0.0,0.0,1.0,1.0,0.0,0.0,1
PAIR-001036,1.0,0.0,0.0,0.0,1.0,0.0,0.0,1
PAIR-001037,0.0,1.0,1.0,0.0,0.0,0.0,1.0,1
PAIR-001038,0.0,0.0,0.0,0.0,0.0,0.0,0.0,1
PAIR-001039,0.0,0.0,0.0,1.0,0.0,0.0,0.0,1
PAIR-001040,0.0,0.0,0.0,1.0,0.0,0.0,0.0,1
PAIR-001041,0.0,0.0,0.0,1.0,1.0,0.0,0.0,1
PAIR-001042,1.0,0.0,0.0,0.0,1.0,0.0,1.0,1
PAIR-001043,0.0,1.0,1.0,0.0,0.0,0.0,1.0,1
PAIR-001044,0.0,0.0,0.0,0.0,0.0,0.0,0.0,1
PAIR-001045,0.0,0.0,0.0,1.0,0.0,0.0,1.0,1
PAIR-001046,0.0,0.0,0.0,1.0,0.0,0.0,0.0,1
PAIR-001047,0.0,0.0,0.0,1.0,1.0,0.0,0.0,1
PAIR-001048,1.0,0.0,0.0,0.0,1.0,0.0,1.0,1
PAIR-001049,0.0,1.0,1.0,0.0,0.0,0.0,1.0,1
PAIR-001050,0.0,0.0,0.0,0.0,0.0,0.0,0.0,1
PAIR-001051,0.0,0.0,0.0,1.0,0.0,0.0,1.0,1
PAIR-001052,0.0,0.0,0.0,1.0,0.0,0.0,0.0,1
PAIR-001053,0.0,0.0,0.0,1.0,1.0,0.0,0.0,1
PAIR-001054,1.0,0.0,0.0,0.0,1.0,0.0,0.0,1
PAIR-001055,0.0,1.0,1.0,0.0,0.0,0.0,1.0,1
PAIR-001056,0.0,0.0,0.0,0.0,0.0,0.0,0.0,1
PAIR-001057,0.0,0.0,0.0,1.0,0.0,0.0,0.0,1
PAIR-001058,0.0,0.0,0.0,1.0,0.0,0.0,0.0,1
PAIR-001059,0.0,0.0,0.0,1.0,1.0,0.0,0.0,1
PAIR-001060,1.0,0.0,0.0,0.0,1.0,0.0,0.0,1
PAIR-001061,0.0,1.0,1.0,0.0,0.0,0.0,1.0,1
PAIR-001062,0.0,0.0,0.0,0.0,0.0,0.0,0.0,1
PAIR-001063,0.0,0.0,0.0,1.0,0.0,0.0,0.0,1
PAIR-001064,0.0,0.0,0.0,1.0,0.0,0.0,0.0,1
PAIR-001065,0.0,0.0,0.0,1.0,1.0,0.0,0.0,1
PAIR-001066,1.0,0.0,0.0,0.0,1.0,0.0,0.0,1
PAIR-001067,0.0,1.0,1.0,0.0,0.0,0.0,1.0,1
PAIR-001068,0.0,0.0,0.0,0.0,0.0,0.0,0.0,1
PAIR-001069,0.0,0.0,0.0,1.0,0.0,0.0,0.0,1
PAIR-001070,0.0,0.0,0.0,1.0,0.0,0.0,0.0,1
PAIR-001071,0.0,0.0,0.0,1.0,1.0,0.0,0.0,1
PAIR-001072,1.0,0.0,0.0,0.0,1.0,0.0,0.0,1
PAIR-001073,0.0,1.0,1.0,0.0,0.0,0.0,1.0,1
PAIR-001074,0.0,0.0,0.0,0.0,0.0,0.0,0.0,1
PAIR-001075,0.0,0.0,0.0,1.0,0.0,0.0,0.0,1
PAIR-001076,0.0,0.0,0.0,1.0,0.0,0.0,0.0,1
PAIR-001077,0.0,0.0,0.0,1.0,1.0,0.0,0.0,1
PAIR-001078,1.0,0.0,0.0,0.0,1.0,0.0,0.0,1
PAIR-001079,0.0,1.0,1.0,0.0,0.0,0.0,1.0,1
PAIR-001080,0.0,0.0,0.0,0.0,0.0,0.0,0.0,1
PAIR-001081,0.0,0.0,0.0,1.0,0.0,0.0,0.0,1
PAIR-001082,0.0,0.0,0.0,1.0,0.0,0.0,0.0,1
PAIR-001083,0.0,0.0,0.0,1.0,1.0,0.0,0.0,1
PAIR-001084,1.0,0.0,0.0,0.0,1.0,0.0,0.0,1
PAIR-001085,0.0,1.0,1.0,0.0,0.0,0.0,1.0,1
PAIR-001086,0.0,0.0,0.0,0.0,0.0,0.0,0.0,1
PAIR-001087,0.0,0.0,0.0,1.0,0.0,0.0,0.0,1
PAIR-001088,0.0,0.0,0.0,1.0,0.0,0.0,0.0,1
PAIR-001089,0.0,0.0,0.0,1.0,1.0,0.0,0.0,1
PAIR-001090,1.0,0.0,0.0,0.0,1.0,0.0,1.0,1
PAIR-001091,0.0,1.0,1.0,0.0,0.0,0.0,1.0,1
PAIR-001092,0.0,0.0,0.0,0.0,0.0,0.0,0.0,1
PAIR-001093,0.0,0.0,0.0,1.0,0.0,0.0,1.0,1
PAIR-001094,0.0,0.0,0.0,1.0,0.0,0.0,0.0,1
PAIR-001095,0.0,0.0,0.0,1.0,1.0,0.0,0.0,1
PAIR-001096,1.0,0.0,0.0,0.0,0.0,0.0,0.0,1
PAIR-001097,0.0,1.0,1.0,0.0,0.0,0.0,1.0,1
PAIR-001098,0.0,0.0,0.0,0.0,0.0,0.0,0.0,1
PAIR-001099,0.0,0.0,0.0,1.0,1.0,0.0,0.0,1
PAIR-001100,0.0,0.0,0.0,1.0,1.0,0.0,0.0,1
PAIR-001101,0.0,0.0,0.0,1.0,1.0,0.0,0.0,1
PAIR-001102,1.0,0.0,0.0,0.0,1.0,0.0,0.0,1
PAIR-001103,0.0,1.0,1.0,0.0,0.0,0.0,1.0,1
PAIR-001104,0.0,0.0,0.0,0.0,0.0,0.0,0.0,1
PAIR-001105,0.0,0.0,0.0,1.0,0.0,0.0,0.0,1
PAIR-001106,0.0,0.0,0.0,1.0,0.0,0.0,0.0,1
PAIR-001107,0.0,0.0,0.0,1.0,1.0,0.0,0.0,1
PAIR-001108,1.0,0.0,0.0,0.0,0.0,0.0,1.0,1
PAIR-001109,0.0,1.0,1.0,0.0,1.0,0.0,1.0,1
PAIR-001110,0.0,0.0,0.0,0.0,1.0,0.0,0.0,1
PAIR-001111,0.0,0.0,0.0,1.0,0.0,0.0,1.0,1
PAIR-001112,0.0,0.0,0.0,1.0,0.0,0.0,0.0,1
PAIR-001113,0.0,0.0,0.0,1.0,1.0,0.0,0.0,1
PAIR-001114,1.0,0.0,0.0,0.0,1.0,0.0,0.0,1
PAIR-001115,0.0,1.0,0.0,0.0,0.0,0.0,1.0,1
PAIR-001116,0.0,0.0,0.0,0.0,0.0,0.0,0.0,1
PAIR-001117,0.0,0.0,0.0,1.0,0.0,0.0,0.0,1
PAIR-001118,0.0,0.0,0.0,1.0,0.0,0.0,0.0,1
PAIR-001119,0.0,0.0,0.0,1.0,1.0,0.0,0.0,1
PAIR-001120,1.0,0.0,0.0,0.0,1.0,0.0,0.0,1
PAIR-001121,0.0,1.0,1.0,0.0,0.0,0.0,1.0,1
PAIR-001122,0.0,0.0,0.0,0.0,0.0,0.0,0.0,1
PAIR-001123,0.0,0.0,0.0,1.0,0.0,0.0,0.0,1
PAIR-001124,0.0,0.0,0.0,1.0,0.0,0.0,0.0,1
PAIR-001125,0.0,0.0,0.0,1.0,1.0,0.0,0.0,1
PAIR-001126,1.0,0.0,0.0,0.0,1.0,0.0,0.0,1
PAIR-001127,0.0,1.0,1.0,0.0,0.0,0.0,1.0,1
PAIR-001128,0.0,0.0,0.0,0.0,0.0,0.0,0.0,1
PAIR-001129,0.0,0.0,0.0,1.0,0.0,0.0,0.0,1
PAIR-001130,0.0,0.0,0.0,1.0,0.0,0.0,0.0,1
PAIR-001131,0.0,0.0,0.0,1.0,1.0,0.0,0.0,1
PAIR-001132,1.0,0.0,0.0,0.0,1.0,0.0,0.0,1
PAIR-001133,0.0,1.0,1.0,0.0,0.0,0.0,1.0,1
PAIR-001134,0.0,0.0,0.0,0.0,0.0,0.0,0.0,1
PAIR-001135,0.0,0.0,0.0,1.0,0.0,0.0,0.0,1
PAIR-001136,0.0,0.0,0.0,1.0,0.0,0.0,0.0,1
PAIR-001137,0.0,0.0,0.0,1.0,1.0,0.0,0.0,1
PAIR-001138,1.0,0.0,0.0,0.0,1.0,0.0,0.0,1
PAIR-001139,0.0,1.0,1.0,0.0,0.0,0.0,1.0,1
PAIR-001140,0.0,0.0,0.0,0.0,0.0,0.0,0.0,1
PAIR-001141,0.0,0.0,0.0,1.0,0.0,0.0,0.0,1
PAIR-001142,0.0,0.0,0.0,1.0,0.0,0.0,0.0,1
PAIR-001143,0.0,0.0,0.0,1.0,1.0,0.0,0.0,1
PAIR-001144,1.0,0.0,0.0,0.0,1.0,0.0,1.0,1
PAIR-001145,0.0,1.0,1.0,0.0,0.0,0.0,1.0,1
PAIR-001146,0.0,0.0,0.0,0.0,0.0,0.0,0.0,1
PAIR-001147,0.0,0.0,0.0,1.0,0.0,0.0,1.0,1
PAIR-001148,0.0,0.0,0.0,1.0,0.0,0.0,0.0,1
PAIR-001149,0.0,0.0,0.0,1.0,1.0,0.0,0.0,1
PAIR-001150,1.0,0.0,0.0,0.0,1.0,0.0,1.0,1
PAIR-001151,0.0,1.0,1.0,0.0,0.0,0.0,1.0,1
PAIR-001152,0.0,0.0,0.0,0.0,0.0,0.0,0.0,1
PAIR-001153,0.0,0.0,0.0,1.0,0.0,0.0,1.0,1
PAIR-001154,0.0,0.0,0.0,1.0,0.0,0.0,0.0,1
PAIR-001155,0.0,0.0,0.0,1.0,1.0,0.0,0.0,1
PAIR-001156,0.0,0.0,0.0,0.0,1.0,0.0,0.0,1
PAIR-001157,0.0,1.0,1.0,0.0,0.0,0.0,1.0,1
PAIR-001158,0.0,0.0,0.0,0.0,0.0,0.0,0.0,1
PAIR-001159,0.0,0.0,0.0,1.0,0.0,0.0,0.0,1
PAIR-001160,0.0,0.0,0.0,1.0,0.0,0.0,0.0,1
PAIR-001161,0.0,0.0,0.0,1.0,1.0,0.0,0.0,1
PAIR-001162,1.0,0.0,0.0,0.0,1.0,0.0,0.0,1
PAIR-001163,0.0,1.0,1.0,0.0,0.0,0.0,1.0,1
PAIR-001164,0.0,0.0,0.0,0.0,0.0,0.0,0.0,1
PAIR-001165,0.0,0.0,0.0,1.0,0.0,0.0,0.0,1
PAIR-001166,0.0,0.0,0.0,1.0,0.0,0.0,0.0,1
PAIR-001167,0.0,0.0,0.0,1.0,1.0,0.0,0.0,1
PAIR-001168,1.0,0.0,0.0,0.0,1.0,0.0,1.0,1
PAIR-001169,0.0,1.0,1.0,0.0,0.0,0.0,1.0,1
PAIR-001170,0.0,0.0,0.0,0.0,0.0,0.0,0.0,1
PAIR-001171,0.0,0.0,0.0,1.0,0.0,0.0,1.0,1
PAIR-001172,0.0,0.0,0.0,1.0,0.0,0.0,0.0,1
PAIR-001173,0.0,0.0,0.0,1.0,1.0,0.0,0.0,1
PAIR-001174,1.0,0.0,0.0,0.0,1.0,0.0,0.0,1
PAIR-001175,0.0,1.0,1.0,0.0,0.0,0.0,1.0,1
PAIR-001176,0.0,0.0,0.0,0.0,0.0,0.0,0.0,1
PAIR-001177,0.0,0.0,0.0,1.0,0.0,0.0,0.0,1
PAIR-001178,0.0,0.0,0.0,1.0,0.0,0.0,0.0,1
PAIR-001179,0.0,0.0,0.0,1.0,1.0,0.0,0.0,1
PAIR-001180,1.0,0.0,0.0,0.0,1.0,0.0,1.0,1
PAIR-001181,0.0,1.0,1.0,0.0,0.0,0.0,1.0,1
PAIR-001182,0.0,0.0,0.0,0.0,0.0,0.0,0.0,1
PAIR-001183,0.0,0.0,0.0,1.0,0.0,0.0,1.0,1
PAIR-001184,0.0,0.0,0.0,1.0,0.0,0.0,0.0,1
PAIR-001185,0.0,0.0,0.0,1.0,1.0,0.0,0.0,1
PAIR-001186,1.0,0.0,0.0,0.0,1.0,0.0,0.0,1
PAIR-001187,0.0,1.0,1.0,0.0,0.0,0.0,1.0,1
PAIR-001188,0.0,0.0,0.0,0.0,0.0,0.0,0.0,1
PAIR-001189,0.0,0.0,0.0,1.0,0.0,0.0,0.0,1
PAIR-001190,0.0,0.0,0.0,1.0,0.0,0.0,0.0,1
PAIR-001191,0.0,0.0,0.0,1.0,1.0,0.0,0.0,1
PAIR-001192,1.0,0.0,0.0,0.0,1.0,0.0,0.0,1
PAIR-001193,0.0,1.0,1.0,0.0,0.0,0.0,1.0,1
PAIR-001194,0.0,0.0,0.0,0.0,0.0,0.0,0.0,1
PAIR-001195,0.0,0.0,0.0,1.0,0.0,0.0,0.0,1
PAIR-001196,0.0,0.0,0.0,1.0,0.0,0.0,0.0,1
PAIR-001197,0.0,0.0,0.0,1.0,1.0,0.0,0.0,1
PAIR-001198,1.0,0.0,0.0,0.0,1.0,0.0,0.0,1
PAIR-001199,0.0,1.0,1.0,0.0,0.0,0.0,1.0,1
PAIR-001200,0.0,0.0,0.0,0.0,0.0,0.0,0.0,1
PAIR-001201,0.0,0.0,0.0,1.0,0.0,0.0,0.0,1
PAIR-001202,0.0,0.0,0.0,1.0,0.0,0.0,0.0,1
PAIR-001203,0.0,0.0,0.0,1.0,1.0,0.0,0.0,1
PAIR-001204,1.0,0.0,0.0,0.0,1.0,0.0,0.0,1
PAIR-001205,0.0,1.0,1.0,0.0,0.0,0.0,1.0,1
PAIR-001206,0.0,0.0,0.0,0.0,0.0,0.0,0.0,1
PAIR-001207,0.0,0.0,0.0,1.0,0.0,0.0,0.0,1
PAIR-001208,0.0,0.0,0.0,1.0,0.0,0.0,0.0,1
PAIR-001209,0.0,0.0,0.0,1.0,1.0,0.0,0.0,1
PAIR-001210,1.0,0.0,0.0,0.0,1.0,1.7120710222510684,1.0,1
PAIR-001211,0.0,1.0,1.0,0.0,0.0,1.7120710222510684,1.0,1
PAIR-001212,0.0,0.0,0.0,0.0,0.0,0.0,0.0,1
PAIR-001213,0.0,0.0,0.0,1.0,0.0,0.0,1.0,1
PAIR-001214,0.0,0.0,0.0,1.0,0.0,0.0,0.0,1
PAIR-001215,0.0,0.0,0.0,1.0,1.0,0.0,0.0,1
PAIR-001216,1.0,0.0,0.0,0.0,1.0,0.0,1.0,1
PAIR-001217,0.0,1.0,1.0,0.0,0.0,0.0,1.0,1
PAIR-001218,0.0,0.0,0.0,0.0,0.0,0.0,0.0,1
PAIR-001219,0.0,0.0,0.0,1.0,0.0,0.0,1.0,1
PAIR-001220,0.0,0.0,0.0,1.0,0.0,0.0,0.0,1
PAIR-001221,0.0,0.0,0.0,1.0,1.0,0.0,0.0,1
PAIR-001222,1.0,0.0,0.0,0.0,1.0,0.0,0.0,1
PAIR-001223,0.0,1.0,1.0,0.0,0.0,0.0,1.0,1
PAIR-001224,0.0,0.0,0.0,0.0,0.0,0.0,0.0,1
PAIR-001225,0.0,0.0,0.0,1.0,0.0,0.0,0.0,1
PAIR-001226,0.0,0.0,0.0,1.0,0.0,0.0,0.0,1
PAIR-001227,0.0,0.0,0.0,1.0,1.0,0.0,0.0,1
PAIR-001228,1.0,0.0,0.0,0.0,1.0,0.0,1.0,1
PAIR-001229,0.0,1.0,1.0,0.0,0.0,0.0,1.0,1
PAIR-001230,0.0,0.0,0.0,0.0,0.0,0.0,0.0,1
PAIR-001231,0.0,0.0,0.0,1.0,0.0,0.0,1.0,1
PAIR-001232,0.0,0.0,0.0,1.0,0.0,0.0,0.0,1
PAIR-001233,0.0,0.0,0.0,1.0,1.0,0.0,0.0,1
PAIR-001234,1.0,0.0,0.0,0.0,1.0,0.0,1.0,1
PAIR-001235,0.0,1.0,1.0,0.0,0.0,0.0,1.0,1
PAIR-001236,0.0,0.0,0.0,0.0,0.0,0.0,0.0,1
PAIR-001237,0.0,0.0,0.0,1.0,0.0,0.0,1.0,1
PAIR-001238,0.0,0.0,0.0,1.0,0.0,0.0,0.0,1
PAIR-001239,0.0,0.0,0.0,1.0,1.0,0.0,0.0,1
PAIR-001240,1.0,0.0,0.0,0.0,1.0,0.0,0.0,1
PAIR-001241,0.0,1.0,1.0,0.0,0.0,0.0,1.0,1
PAIR-001242,0.0,0.0,0.0,0.0,0.0,0.0,0.0,1
PAIR-001243,0.0,0.0,0.0,1.0,0.0,0.0,0.0,1
PAIR-001244,0.0,0.0,0.0,1.0,0.0,0.0,0.0,1
PAIR-001245,0.0,0.0,0.0,1.0,1.0,0.0,0.0,1
PAIR-001246,1.0,0.0,0.0,0.0,1.0,0.0,0.0,1
PAIR-001247,0.0,1.0,1.0,0.0,0.0,0.0,1.0,1
PAIR-001248,0.0,0.0,0.0,0.0,0.0,0.0,0.0,1
PAIR-001249,0.0,0.0,0.0,1.0,0.0,0.0,0.0,1
PAIR-001250,0.0,0.0,0.0,1.0,0.0,0.0,0.0,1
PAIR-001251,0.0,0.0,0.0,1.0,1.0,0.0,0.0,1
PAIR-001252,1.0,0.0,0.0,0.0,1.0,0.0,0.0,1
PAIR-001253,0.0,1.0,1.0,0.0,0.0,0.0,1.0,1
PAIR-001254,0.0,0.0,0.0,0.0,0.0,0.0,0.0,1
PAIR-001255,0.0,0.0,0.0,1.0,0.0,0.0,0.0,1
PAIR-001256,0.0,0.0,0.0,1.0,0.0,0.0,0.0,1
PAIR-001257,0.0,0.0,0.0,1.0,1.0,0.0,0.0,1
PAIR-001258,1.0,0.0,0.0,0.0,1.0,0.0,0.0,1
PAIR-001259,0.0,1.0,1.0,0.0,0.0,0.0,1.0,1
PAIR-001260,0.0,0.0,0.0,1.0,0.0,0.0,0.0,1
PAIR-001261,1.0,0.0,0.0,0.0,1.0,0.0,0.0,1
PAIR-001262,0.0,1.0,1.0,0.0,0.0,0.0,1.0,1
PAIR-001263,0.0,0.0,0.0,0.0,0.0,0.0,0.0,1
PAIR-001264,0.0,0.0,0.0,1.0,0.0,0.0,0.0,1
PAIR-001265,0.0,0.0,0.0,1.0,0.0,0.0,0.0,1
PAIR-001266,0.0,0.0,0.0,1.0,1.0,0.0,0.0,1
PAIR-001267,1.0,0.0,0.0,0.0,1.0,0.0,1.0,1
PAIR-001268,0.0,1.0,1.0,0.0,0.0,0.0,1.0,1
PAIR-001269,0.0,0.0,0.0,0.0,0.0,0.0,0.0,1
PAIR-001270,0.0,0.0,0.0,1.0,0.0,0.0,1.0,1
PAIR-001271,0.0,0.0,0.0,1.0,0.0,0.0,0.0,1
PAIR-001272,0.0,0.0,0.0,1.0,1.0,0.0,0.0,1
PAIR-001273,1.0,0.0,0.0,0.0,1.0,0.0,1.0,1
PAIR-001274,0.0,1.0,1.0,0.0,0.0,0.0,1.0,1
PAIR-001275,0.0,0.0,0.0,0.0,0.0,0.0,0.0,1
PAIR-001276,0.0,0.0,0.0,1.0,0.0,0.0,1.0,1
PAIR-001277,0.0,0.0,0.0,1.0,0.0,0.0,0.0,1
PAIR-001278,0.0,0.0,0.0,1.0,1.0,0.0,0.0,1
PAIR-001279,1.0,0.0,0.0,0.0,1.0,0.0,1.0,1
PAIR-001280,0.0,1.0,1.0,0.0,0.0,0.0,1.0,1
PAIR-001281,0.0,0.0,0.0,0.0,0.0,0.0,0.0,1
PAIR-001282,0.0,0.0,0.0,1.0,0.0,0.0,1.0,1
PAIR-001283,0.0,0.0,0.0,1.0,0.0,0.0,0.0,1
PAIR-001284,0.0,0.0,0.0,1.0,1.0,0.0,0.0,1
PAIR-001285,1.0,0.0,0.0,0.0,1.0,0.0,0.0,1
PAIR-001286,0.0,1.0,1.0,0.0,0.0,0.0,1.0,1
PAIR-001287,0.0,0.0,0.0,0.0,0.0,0.0,0.0,1
PAIR-001288,0.0,0.0,0.0,1.0,0.0,0.0,0.0,1
PAIR-001289,0.0,0.0,0.0,1.0,0.0,0.0,0.0,1
PAIR-001290,0.0,0.0,0.0,1.0,1.0,0.0,0.0,1
PAIR-001291,1.0,0.0,0.0,0.0,1.0,0.0,0.0,1
PAIR-001292,0.0,1.0,1.0,0.0,0.0,0.0,1.0,1
PAIR-001293,0.0,0.0,0.0,0.0,0.0,0.0,0.0,1
PAIR-001294,0.0,0.0,0.0,1.0,0.0,0.0,0.0,1
PAIR-001295,0.0,0.0,0.0,1.0,0.0,0.0,0.0,1
PAIR-001296,0.0,0.0,0.0,1.0,1.0,0.0,0.0,1
PAIR-001297,1.0,0.0,0.0,0.0,1.0,0.0,1.0,1
PAIR-001298,0.0,1.0,1.0,0.0,0.0,0.0,1.0,1
PAIR-001299,0.0,0.0,0.0,0.0,0.0,0.0,0.0,1
PAIR-001300,0.0,0.0,0.0,1.0,0.0,0.0,1.0,1
PAIR-001301,0.0,0.0,0.0,1.0,0.0,0.0,0.0,1
PAIR-001302,0.0,0.0,0.0,1.0,1.0,0.0,0.0,1
PAIR-001303,1.0,0.0,0.0,0.0,1.0,0.0,0.0,1
PAIR-001304,0.0,1.0,1.0,0.0,0.0,0.0,1.0,1
PAIR-001305,0.0,0.0,0.0,0.0,0.0,0.0,0.0,1
PAIR-001306,0.0,0.0,0.0,1.0,0.0,0.0,0.0,1
PAIR-001307,0.0,0.0,0.0,1.0,0.0,0.0,0.0,1
PAIR-001308,0.0,0.0,0.0,1.0,1.0,0.0,0.0,1
PAIR-001309,1.0,0.0,0.0,0.0,1.0,0.0,0.0,1
PAIR-001310,0.0,1.0,1.0,0.0,0.0,0.0,1.0,1
PAIR-001311,0.0,0.0,0.0,0.0,0.0,0.0,0.0,1
PAIR-001312,0.0,0.0,0.0,1.0,0.0,0.0,0.0,1
PAIR-001313,0.0,0.0,0.0,1.0,0.0,0.0,0.0,1
PAIR-001314,0.0,0.0,0.0,1.0,1.0,0.0,0.0,1
PAIR-001315,1.0,0.0,0.0,0.0,1.0,0.0,0.0,1
PAIR-001316,0.0,1.0,1.0,0.0,0.0,0.0,1.0,1
PAIR-001317,0.0,0.0,0.0,0.0,0.0,0.0,0.0,1
PAIR-001318,0.0,0.0,0.0,1.0,0.0,0.0,0.0,1
PAIR-001319,0.0,0.0,0.0,1.0,0.0,0.0,0.0,1
PAIR-001320,0.0,0.0,0.0,1.0,1.0,0.0,0.0,1
PAIR-001321,1.0,0.0,0.0,0.0,1.0,0.0,0.0,1
PAIR-001322,0.0,1.0,1.0,0.0,0.0,0.0,1.0,1
PAIR-001323,0.0,0.0,0.0,0.0,0.0,0.0,0.0,1
PAIR-001324,0.0,0.0,0.0,1.0,0.0,0.0,0.0,1
PAIR-001325,0.0,0.0,0.0,1.0,0.0,0.0,0.0,1
PAIR-001326,0.0,0.0,0.0,1.0,1.0,0.0,0.0,1
PAIR-001327,1.0,0.0,0.0,0.0,1.0,0.0,0.0,1
PAIR-001328,0.0,1.0,1.0,0.0,0.0,0.0,1.0,1
PAIR-001329,0.0,0.0,0.0,0.0,0.0,0.0,0.0,1
PAIR-001330,0.0,0.0,0.0,1.0,0.0,0.0,0.0,1
PAIR-001331,0.0,0.0,0.0,1.0,0.0,0.0,0.0,1
PAIR-001332,0.0,0.0,0.0,1.0,1.0,0.0,0.0,1
PAIR-001333,1.0,0.0,0.0,0.0,1.0,0.0,0.0,1
PAIR-001334,0.0,1.0,1.0,0.0,0.0,0.0,1.0,1
PAIR-001335,0.0,0.0,0.0,0.0,0.0,0.0,0.0,1
PAIR-001336,0.0,0.0,0.0,1.0,0.0,0.0,0.0,1
PAIR-001337,0.0,0.0,0.0,1.0,0.0,0.0,0.0,1
PAIR-001338,0.0,0.0,0.0,1.0,1.0,0.0,0.0,1
PAIR-001339,1.0,0.0,0.0,0.0,1.0,0.0,0.0,1
PAIR-001340,0.0,1.0,1.0,0.0,0.0,0.0,1.0,1
PAIR-001341,0.0,0.0,0.0,0.0,0.0,0.0,0.0,1
PAIR-001342,0.0,0.0,0.0,1.0,0.0,0.0,0.0,1
PAIR-001343,0.0,0.0,0.0,1.0,0.0,0.0,0.0,1
PAIR-001344,0.0,0.0,0.0,1.0,1.0,0.0,0.0,1
PAIR-001345,1.0,0.0,0.0,0.0,1.0,0.0,1.0,1
PAIR-001346,0.0,1.0,1.0,0.0,0.0,0.0,1.0,1
PAIR-001347,0.0,0.0,0.0,0.0,0.0,0.0,0.0,1
PAIR-001348,0.0,0.0,0.0,1.0,0.0,0.0,1.0,1
PAIR-001349,0.0,0.0,0.0,1.0,0.0,0.0,0.0,1
PAIR-001350,0.0,0.0,0.0,1.0,1.0,0.0,0.0,1
PAIR-001351,1.0,0.0,0.0,0.0,1.0,0.0,1.0,1
PAIR-001352,0.0,1.0,1.0,0.0,0.0,0.0,1.0,1
PAIR-001353,0.0,0.0,0.0,0.0,0.0,0.0,0.0,1
PAIR-001354,0.0,0.0,0.0,1.0,0.0,0.0,1.0,1
PAIR-001355,0.0,0.0,0.0,1.0,0.0,0.0,0.0,1
PAIR-001356,0.0,0.0,0.0,1.0,1.0,0.0,0.0,1
PAIR-001357,1.0,0.0,0.0,0.0,1.0,0.0,0.0,1
PAIR-001358,0.0,1.0,1.0,0.0,0.0,0.0,1.0,1
PAIR-001359,0.0,0.0,0.0,0.0,0.0,0.0,0.0,1
PAIR-001360,0.0,0.0,0.0,1.0,0.0,0.0,0.0,1
PAIR-001361,0.0,0.0,0.0,1.0,0.0,0.0,0.0,1
PAIR-001362,0.0,0.0,0.0,1.0,1.0,0.0,0.0,1
PAIR-001363,1.0,0.0,0.0,0.0,1.0,0.0,0.0,1
PAIR-001364,0.0,1.0,1.0,0.0,0.0,0.0,1.0,1
PAIR-001365,0.0,0.0,0.0,0.0,0.0,0.0,0.0,1
PAIR-001366,0.0,0.0,0.0,1.0,0.0,0.0,0.0,1
PAIR-001367,0.0,0.0,0.0,1.0,0.0,0.0,0.0,1
PAIR-001368,0.0,0.0,0.0,1.0,1.0,0.0,0.0,1
PAIR-001369,1.0,0.0,0.0,0.0,1.0,0.0,0.0,1
PAIR-001370,0.0,1.0,1.0,0.0,0.0,0.0,1.0,1
PAIR-001371,0.0,0.0,0.0,0.0,0.0,0.0,0.0,1
PAIR-001372,0.0,0.0,0.0,1.0,0.0,0.0,0.0,1
PAIR-001373,0.0,0.0,0.0,1.0,0.0,0.0,0.0,1
PAIR-001374,0.0,0.0,0.0,1.0,1.0,0.0,0.0,1
PAIR-001375,1.0,0.0,0.0,0.0,1.0,0.0,1.0,1
PAIR-001376,0.0,1.0,1.0,0.0,0.0,0.0,1.0,1
PAIR-001377,0.0,0.0,0.0,0.0,0.0,0.0,0.0,1
PAIR-001378,0.0,0.0,0.0,1.0,0.0,0.0,1.0,1
PAIR-001379,0.0,0.0,0.0,1.0,0.0,0.0,0.0,1
PAIR-001380,0.0,0.0,0.0,1.0,1.0,0.0,0.0,1
PAIR-001381,1.0,0.0,0.0,0.0,1.0,0.0,1.0,1
PAIR-001382,0.0,1.0,1.0,0.0,0.0,0.0,1.0,1
PAIR-001383,0.0,0.0,0.0,0.0,0.0,0.0,0.0,1
PAIR-001384,0.0,0.0,0.0,1.0,0.0,0.0,1.0,1
PAIR-001385,0.0,0.0,0.0,1.0,0.0,0.0,0.0,1
PAIR-001386,0.0,0.0,0.0,1.0,1.0,0.0,0.0,1
PAIR-001387,1.0,0.0,0.0,0.0,1.0,0.0,0.0,1
PAIR-001388,0.0,1.0,1.0,0.0,0.0,0.0,1.0,1
PAIR-001389,0.0,0.0,0.0,0.0,0.0,0.0,0.0,1
PAIR-001390,0.0,0.0,0.0,1.0,0.0,0.0,0.0,1
PAIR-001391,0.0,0.0,0.0,1.0,0.0,0.0,0.0,1
PAIR-001392,0.0,0.0,0.0,1.0,1.0,0.0,0.0,1
PAIR-001393,1.0,0.0,0.0,0.0,1.0,0.0,0.0,1
PAIR-001394,0.0,1.0,1.0,0.0,0.0,0.0,1.0,1
PAIR-001395,0.0,0.0,0.0,0.0,0.0,0.0,0.0,1
PAIR-001396,0.0,0.0,0.0,1.0,0.0,0.0,0.0,1
PAIR-001397,0.0,0.0,0.0,1.0,0.0,0.0,0.0,1
PAIR-001398,0.0,0.0,0.0,1.0,1.0,0.0,0.0,1
PAIR-001399,1.0,0.0,0.0,0.0,1.0,0.0,0.0,1
PAIR-001400,0.0,1.0,1.0,0.0,0.0,0.0,1.0,1
PAIR-001401,0.0,0.0,0.0,0.0,0.0,0.0,0.0,1
PAIR-001402,0.0,0.0,0.0,1.0,0.0,0.0,0.0,1
PAIR-001403,0.0,0.0,0.0,1.0,0.0,0.0,0.0,1
PAIR-001404,0.0,0.0,0.0,1.0,1.0,0.0,0.0,1
PAIR-001405,1.0,0.0,0.0,0.0,1.0,0.0,1.0,1
PAIR-001406,0.0,1.0,1.0,0.0,0.0,0.0,1.0,1
PAIR-001407,0.0,0.0,0.0,0.0,0.0,0.0,0.0,1
PAIR-001408,0.0,0.0,0.0,1.0,0.0,0.0,1.0,1
PAIR-001409,0.0,0.0,0.0,1.0,0.0,0.0,0.0,1
PAIR-001410,0.0,0.0,0.0,1.0,1.0,0.0,0.0,1
PAIR-001411,1.0,0.0,0.0,0.0,1.0,0.0,0.0,1
PAIR-001412,0.0,1.0,1.0,0.0,0.0,0.0,1.0,1
PAIR-001413,0.0,0.0,0.0,0.0,0.0,0.0,0.0,1
PAIR-001414,0.0,0.0,0.0,1.0,0.0,0.0,0.0,1
PAIR-001415,0.0,0.0,0.0,1.0,0.0,0.0,0.0,1
PAIR-001416,0.0,0.0,0.0,1.0,1.0,0.0,0.0,1
PAIR-001417,1.0,0.0,0.0,0.0,1.0,0.0,0.0,1
PAIR-001418,0.0,1.0,1.0,0.0,0.0,0.0,1.0,1
PAIR-001419,0.0,0.0,0.0,0.0,0.0,0.0,0.0,1
PAIR-001420,0.0,0.0,0.0,1.0,0.0,0.0,0.0,1
PAIR-001421,0.0,0.0,0.0,1.0,0.0,0.0,0.0,1
PAIR-001422,0.0,0.0,0.0,1.0,1.0,0.0,0.0,1
PAIR-001423,1.0,0.0,0.0,0.0,1.0,0.0,1.0,1
PAIR-001424,0.0,1.0,1.0,0.0,0.0,0.0,1.0,1
PAIR-001425,0.0,0.0,0.0,0.0,0.0,0.0,0.0,1
PAIR-001426,0.0,0.0,0.0,1.0,0.0,0.0,1.0,1
PAIR-001427,0.0,0.0,0.0,1.0,0.0,0.0,0.0,1
PAIR-001428,0.0,0.0,0.0,1.0,1.0,0.0,0.0,1
PAIR-001429,1.0,0.0,0.0,0.0,1.0,0.0,0.0,1
PAIR-001430,0.0,1.0,1.0,0.0,0.0,0.0,1.0,1
PAIR-001431,0.0,0.0,0.0,0.0,0.0,0.0,0.0,1
PAIR-001432,0.0,0.0,0.0,1.0,0.0,0.0,0.0,1
PAIR-001433,0.0,0.0,0.0,1.0,0.0,0.0,0.0,1
PAIR-001434,0.0,0.0,0.0,1.0,1.0,0.0,0.0,1
PAIR-001435,1.0,0.0,0.0,0.0,1.0,0.0,0.0,1
PAIR-001436,0.0,1.0,1.0,0.0,0.0,0.0,1.0,1
PAIR-001437,0.0,0.0,0.0,0.0,0.0,0.0,0.0,1
PAIR-001438,0.0,0.0,0.0,1.0,0.0,0.0,0.0,1
PAIR-001439,0.0,0.0,0.0,1.0,0.0,0.0,0.0,1
PAIR-001440,0.0,0.0,0.0,1.0,1.0,0.0,0.0,1
PAIR-001441,1.0,0.0,0.0,0.0,1.0,0.0,1.0,1
PAIR-001442,0.0,1.0,1.0,0.0,0.0,0.0,1.0,1
PAIR-001443,0.0,0.0,0.0,0.0,0.0,0.0,0.0,1
PAIR-001444,0.0,0.0,0.0,1.0,0.0,0.0,1.0,1
PAIR-001445,0.0,0.0,0.0,1.0,0.0,0.0,0.0,1
PAIR-001446,0.0,0.0,0.0,1.0,1.0,0.0,0.0,1
PAIR-001447,1.0,0.0,0.0,0.0,1.0,0.0,0.0,1
PAIR-001448,0.0,1.0,1.0,0.0,0.0,0.0,1.0,1
PAIR-001449,0.0,0.0,0.0,0.0,0.0,0.0,0.0,1
PAIR-001450,0.0,0.0,0.0,1.0,0.0,0.0,0.0,1
PAIR-001451,0.0,0.0,0.0,1.0,0.0,0.0,0.0,1
PAIR-001452,0.0,0.0,0.0,1.0,1.0,0.0,0.0,1
PAIR-001453,1.0,0.0,0.0,0.0,1.0,0.0,0.0,1
PAIR-001454,0.0,1.0,1.0,0.0,0.0,0.0,1.0,1
PAIR-001455,0.0,0.0,0.0,0.0,0.0,0.0,0.0,1
PAIR-001456,0.0,0.0,0.0,1.0,0.0,0.0,0.0,1
PAIR-001457,0.0,0.0,0.0,1.0,0.0,0.0,0.0,1
PAIR-001458,0.0,0.0,0.0,1.0,1.0,0.0,0.0,1
PAIR-001459,1.0,0.0,0.0,0.0,1.0,0.0,0.0,1
PAIR-001460,0.0,1.0,1.0,0.0,0.0,0.0,1.0,1
PAIR-001461,0.0,0.0,0.0,0.0,0.0,0.0,0.0,1
PAIR-001462,0.0,0.0,0.0,1.0,0.0,0.0,0.0,1
PAIR-001463,0.0,0.0,0.0,1.0,0.0,0.0,0.0,1
PAIR-001464,0.0,0.0,0.0,1.0,1.0,0.0,0.0,1
PAIR-001465,1.0,0.0,0.0,0.0,1.0,0.0,0.0,1
PAIR-001466,0.0,1.0,1.0,0.0,0.0,0.0,1.0,1
PAIR-001467,0.0,0.0,0.0,0.0,0.0,0.0,0.0,1
PAIR-001468,0.0,0.0,0.0,1.0,0.0,0.0,0.0,1
PAIR-001469,0.0,0.0,0.0,1.0,0.0,0.0,0.0,1
PAIR-001470,0.0,0.0,0.0,1.0,1.0,0.0,0.0,1
PAIR-001471,1.0,0.0,0.0,0.0,1.0,0.0,0.0,1
PAIR-001472,0.0,1.0,1.0,0.0,0.0,0.0,1.0,1
PAIR-001473,0.0,0.0,0.0,0.0,0.0,0.0,0.0,1
PAIR-001474,0.0,0.0,0.0,1.0,0.0,0.0,0.0,1
PAIR-001475,0.0,0.0,0.0,1.0,0.0,0.0,0.0,1
PAIR-001476,0.0,0.0,0.0,1.0,1.0,0.0,0.0,1
PAIR-001477,1.0,0.0,0.0,0.0,1.0,0.0,0.0,1
PAIR-001478,0.0,1.0,1.0,0.0,0.0,0.0,1.0,1
PAIR-001479,0.0,0.0,0.0,0.0,0.0,0.0,0.0,1
PAIR-001480,0.0,0.0,0.0,1.0,0.0,0.0,0.0,1
PAIR-001481,0.0,0.0,0.0,1.0,0.0,0.0,0.0,1
PAIR-001482,0.0,0.0,0.0,1.0,1.0,0.0,0.0,1
PAIR-001483,1.0,0.0,0.0,0.0,1.0,0.0,0.0,1
PAIR-001484,0.0,1.0,1.0,0.0,0.0,0.0,1.0,1
PAIR-001485,0.0,0.0,0.0,0.0,0.0,0.0,0.0,1
PAIR-001486,0.0,0.0,0.0,1.0,0.0,0.0,0.0,1
PAIR-001487,0.0,0.0,0.0,1.0,0.0,0.0,0.0,1
PAIR-001488,0.0,0.0,0.0,1.0,1.0,0.0,0.0,1
PAIR-001489,1.0,0.0,0.0,0.0,1.0,0.0,0.0,1
PAIR-001490,0.0,1.0,1.0,0.0,0.0,0.0,1.0,1
PAIR-001491,0.0,0.0,0.0,0.0,0.0,0.0,0.0,1
PAIR-001492,0.0,0.0,0.0,1.0,0.0,0.0,0.0,1
PAIR-001493,0.0,0.0,0.0,1.0,0.0,0.0,0.0,1
PAIR-001494,0.0,0.0,0.0,1.0,1.0,0.0,0.0,1
PAIR-001495,1.0,0.0,0.0,0.0,1.0,0.0,0.0,1
PAIR-001496,0.0,0.0,0.0,0.0,0.0,0.0,1.0,1
PAIR-001497,0.0,0.0,0.0,0.0,0.0,0.0,0.0,1
PAIR-001498,0.0,0.0,0.0,1.0,0.0,0.0,0.0,1
PAIR-001499,0.0,0.0,0.0,1.0,0.0,0.0,0.0,1
PAIR-001500,0.0,0.0,0.0,1.0,1.0,0.0,0.0,1
PAIR-001501,1.0,0.0,0.0,0.0,1.0,0.0,0.0,1
PAIR-001502,0.0,1.0,1.0,0.0,0.0,0.0,1.0,1
PAIR-001503,0.0,0.0,0.0,0.0,0.0,0.0,0.0,1
PAIR-001504,0.0,0.0,0.0,1.0,0.0,0.0,0.0,1
PAIR-001505,0.0,0.0,0.0,1.0,0.0,0.0,0.0,1
PAIR-001506,0.0,0.0,0.0,1.0,1.0,0.0,0.0,1
PAIR-001507,1.0,0.0,0.0,0.0,1.0,0.0,0.0,1
PAIR-001508,0.0,1.0,1.0,0.0,0.0,0.0,1.0,1
PAIR-001509,0.0,0.0,0.0,0.0,0.0,0.0,0.0,1
PAIR-001510,0.0,0.0,0.0,1.0,0.0,0.0,0.0,1
PAIR-001511,0.0,0.0,0.0,1.0,0.0,0.0,0.0,1
PAIR-001512,0.0,0.0,0.0,1.0,1.0,0.0,0.0,1
PAIR-001513,1.0,0.0,0.0,0.0,1.0,0.0,0.0,1
PAIR-001514,0.0,1.0,1.0,0.0,0.0,0.0,1.0,1
PAIR-001515,0.0,0.0,0.0,0.0,0.0,0.0,0.0,1
PAIR-001516,0.0,0.0,0.0,1.0,0.0,0.0,0.0,1
PAIR-001517,0.0,0.0,0.0,1.0,0.0,0.0,0.0,1
PAIR-001518,0.0,0.0,0.0,1.0,1.0,0.0,0.0,1
PAIR-001519,1.0,0.0,0.0,0.0,1.0,0.0,0.0,1
PAIR-001520,0.0,1.0,1.0,0.0,0.0,0.0,1.0,1
PAIR-001521,0.0,0.0,0.0,0.0,0.0,0.0,0.0,1
PAIR-001522,0.0,0.0,0.0,1.0,0.0,0.0,0.0,1
PAIR-001523,0.0,0.0,0.0,1.0,0.0,0.0,0.0,1
PAIR-001524,0.0,0.0,0.0,1.0,1.0,0.0,0.0,1
PAIR-001525,1.0,0.0,0.0,0.0,1.0,0.0,0.0,1
PAIR-001526,0.0,1.0,1.0,0.0,0.0,0.0,1.0,1
PAIR-001527,0.0,0.0,0.0,0.0,0.0,0.0,0.0,1
PAIR-001528,0.0,0.0,0.0,1.0,0.0,0.0,0.0,1
PAIR-001529,0.0,0.0,0.0,1.0,0.0,0.0,0.0,1
PAIR-001530,0.0,0.0,0.0,1.0,1.0,0.0,0.0,1
PAIR-001531,1.0,0.0,0.0,0.0,1.0,0.0,0.0,1
PAIR-001532,0.0,1.0,1.0,0.0,0.0,0.0,1.0,1
PAIR-001533,0.0,0.0,0.0,0.0,0.0,0.0,0.0,1
PAIR-001534,0.0,0.0,0.0,1.0,0.0,0.0,0.0,1
PAIR-001535,0.0,0.0,0.0,1.0,0.0,0.0,0.0,1
PAIR-001536,0.0,0.0,0.0,1.0,1.0,0.0,0.0,1
PAIR-001537,1.0,0.0,0.0,0.0,1.0,0.0,0.0,1
PAIR-001538,0.0,1.0,1.0,0.0,0.0,0.0,1.0,1
PAIR-001539,0.0,0.0,0.0,0.0,0.0,0.0,0.0,1
PAIR-001540,0.0,0.0,0.0,1.0,0.0,0.0,0.0,1
PAIR-001541,0.0,0.0,0.0,1.0,0.0,0.0,0.0,1
PAIR-001542,0.0,0.0,0.0,1.0,1.0,0.0,0.0,1
PAIR-001543,1.0,0.0,0.0,0.0,1.0,0.0,0.0,1
PAIR-001544,0.0,1.0,1.0,0.0,0.0,0.0,1.0,1
PAIR-001545,0.0,0.0,0.0,0.0,0.0,0.0,0.0,1
PAIR-001546,0.0,0.0,0.0,1.0,0.0,0.0,0.0,1
PAIR-001547,0.0,0.0,0.0,1.0,0.0,0.0,0.0,1
PAIR-001548,0.0,0.0,0.0,1.0,1.0,0.0,0.0,1
PAIR-001549,1.0,0.0,0.0,0.0,1.0,0.0,0.0,1
PAIR-001550,0.0,1.0,1.0,0.0,0.0,0.0,1.0,1
PAIR-001551,0.0,0.0,0.0,0.0,0.0,0.0,0.0,1
PAIR-001552,0.0,0.0,0.0,1.0,0.0,0.0,0.0,1
PAIR-001553,0.0,0.0,0.0,1.0,0.0,0.0,0.0,1
PAIR-001554,0.0,0.0,0.0,1.0,1.0,0.0,0.0,1
PAIR-001555,1.0,0.0,0.0,0.0,1.0,0.0,0.0,1
PAIR-001556,0.0,1.0,1.0,0.0,0.0,0.0,1.0,1
PAIR-001557,0.0,0.0,0.0,0.0,0.0,0.0,0.0,1
PAIR-001558,0.0,0.0,0.0,1.0,0.0,0.0,0.0,1
PAIR-001559,0.0,0.0,0.0,1.0,0.0,0.0,0.0,1
PAIR-001560,0.0,0.0,0.0,1.0,1.0,0.0,0.0,1
PAIR-001561,1.0,0.0,0.0,0.0,1.0,0.0,0.0,1
PAIR-001562,0.0,1.0,1.0,0.0,0.0,0.0,1.0,1
PAIR-001563,0.0,0.0,0.0,0.0,0.0,0.0,0.0,1
PAIR-001564,0.0,0.0,0.0,1.0,0.0,0.0,0.0,1
PAIR-001565,0.0,0.0,0.0,1.0,0.0,0.0,0.0,1
PAIR-001566,0.0,0.0,0.0,1.0,1.0,0.0,0.0,1
PAIR-001567,1.0,0.0,0.0,0.0,1.0,0.0,1.0,1
PAIR-001568,0.0,1.0,1.0,0.0,0.0,0.0,1.0,1
PAIR-001569,0.0,0.0,0.0,0.0,0.0,0.0,0.0,1
PAIR-001570,0.0,0.0,0.0,1.0,0.0,0.0,1.0,1
PAIR-001571,0.0,0.0,0.0,1.0,0.0,0.0,0.0,1
PAIR-001572,0.0,0.0,0.0,1.0,1.0,0.0,0.0,1
PAIR-001573,1.0,0.0,0.0,0.0,1.0,0.0,0.0,1
PAIR-001574,0.0,1.0,1.0,0.0,0.0,0.0,1.0,1
PAIR-001575,0.0,0.0,0.0,0.0,0.0,0.0,0.0,1
PAIR-001576,0.0,0.0,0.0,1.0,0.0,0.0,0.0,1
PAIR-001577,0.0,0.0,0.0,1.0,0.0,0.0,0.0,1
PAIR-001578,0.0,0.0,0.0,1.0,1.0,0.0,0.0,1
PAIR-001579,1.0,0.0,0.0,0.0,1.0,0.0,0.0,1
PAIR-001580,0.0,1.0,1.0,0.0,0.0,0.0,1.0,1
PAIR-001581,0.0,0.0,0.0,0.0,0.0,0.0,0.0,1
PAIR-001582,0.0,0.0,0.0,1.0,0.0,0.0,0.0,1
PAIR-001583,0.0,0.0,0.0,1.0,0.0,0.0,0.0,1
PAIR-001584,0.0,0.0,0.0,1.0,1.0,0.0,0.0,1
PAIR-001585,1.0,0.0,0.0,0.0,1.0,0.0,0.0,1
PAIR-001586,0.0,1.0,1.0,0.0,0.0,0.0,1.0,1
PAIR-001587,0.0,0.0,0.0,0.0,0.0,0.0,0.0,1
PAIR-001588,0.0,0.0,0.0,1.0,0.0,0.0,0.0,1
PAIR-001589,0.0,0.0,0.0,1.0,0.0,0.0,0.0,1
PAIR-001590,0.0,0.0,0.0,1.0,1.0,0.0,0.0,1
PAIR-001591,1.0,0.0,0.0,0.0,1.0,0.0,0.0,1
PAIR-001592,0.0,1.0,1.0,0.0,0.0,0.0,1.0,1
PAIR-001593,0.0,0.0,0.0,0.0,0.0,0.0,0.0,1
PAIR-001594,0.0,0.0,0.0,1.0,0.0,0.0,0.0,1
PAIR-001595,0.0,0.0,0.0,1.0,0.0,0.0,0.0,1
PAIR-001596,0.0,0.0,0.0,1.0,1.0,0.0,0.0,1
PAIR-001597,1.0,0.0,0.0,0.0,1.0,0.0,0.0,1
PAIR-001598,0.0,1.0,1.0,0.0,0.0,0.0,1.0,1
PAIR-001599,0.0,0.0,0.0,0.0,0.0,0.0,0.0,1
PAIR-001600,0.0,0.0,0.0,1.0,0.0,0.0,0.0,1
PAIR-001601,0.0,0.0,0.0,1.0,0.0,0.0,0.0,1
PAIR-001602,0.0,0.0,0.0,1.0,1.0,0.0,0.0,1
PAIR-001603,1.0,0.0,0.0,0.0,1.0,0.0,1.0,1
PAIR-001604,0.0,1.0,1.0,0.0,0.0,0.0,1.0,1
PAIR-001605,0.0,0.0,0.0,0.0,0.0,0.0,0.0,1
PAIR-001606,0.0,0.0,0.0,1.0,0.0,0.0,1.0,1
PAIR-001607,0.0,0.0,0.0,1.0,0.0,0.0,0.0,1
PAIR-001608,0.0,0.0,0.0,1.0,1.0,0.0,0.0,1
PAIR-001609,1.0,0.0,0.0,0.0,1.0,0.0,0.0,1
PAIR-001610,0.0,1.0,1.0,0.0,0.0,0.0,1.0,1
PAIR-001611,0.0,0.0,0.0,0.0,0.0,0.0,0.0,1
PAIR-001612,0.0,0.0,0.0,1.0,0.0,0.0,0.0,1
PAIR-001613,0.0,0.0,0.0,1.0,0.0,0.0,0.0,1
PAIR-001614,0.0,0.0,0.0,1.0,1.0,0.0,0.0,1
PAIR-001615,1.0,0.0,0.0,0.0,1.0,0.0,1.0,1
PAIR-001616,0.0,1.0,1.0,0.0,0.0,0.0,1.0,1
PAIR-001617,0.0,0.0,0.0,0.0,0.0,0.0,0.0,1
PAIR-001618,0.0,0.0,0.0,1.0,0.0,0.0,1.0,1
PAIR-001619,0.0,0.0,0.0,1.0,0.0,0.0,0.0,1
PAIR-001620,0.0,0.0,0.0,1.0,1.0,0.0,0.0,1
PAIR-001621,1.0,0.0,0.0,0.0,1.0,0.0,0.0,1
PAIR-001622,0.0,1.0,1.0,0.0,0.0,0.0,1.0,1
PAIR-001623,0.0,0.0,0.0,0.0,0.0,0.0,0.0,1
PAIR-001624,0.0,0.0,0.0,1.0,0.0,0.0,0.0,1
PAIR-001625,0.0,0.0,0.0,1.0,0.0,0.0,0.0,1
PAIR-001626,0.0,0.0,0.0,1.0,1.0,0.0,0.0,1
PAIR-001627,1.0,0.0,0.0,0.0,1.0,0.0,0.0,1
PAIR-001628,0.0,1.0,1.0,0.0,0.0,0.0,1.0,1
PAIR-001629,0.0,0.0,0.0,0.0,0.0,0.0,0.0,1
PAIR-001630,0.0,0.0,0.0,1.0,0.0,0.0,0.0,1
PAIR-001631,0.0,0.0,0.0,1.0,0.0,0.0,0.0,1
PAIR-001632,0.0,0.0,0.0,1.0,1.0,0.0,0.0,1
PAIR-001633,1.0,0.0,0.0,0.0,1.0,0.0,0.0,1
PAIR-001634,0.0,1.0,1.0,0.0,0.0,0.0,1.0,1
PAIR-001635,0.0,0.0,0.0,0.0,0.0,0.0,0.0,1
PAIR-001636,0.0,0.0,0.0,1.0,0.0,0.0,0.0,1
PAIR-001637,0.0,0.0,0.0,1.0,0.0,0.0,0.0,1
PAIR-001638,0.0,0.0,0.0,1.0,1.0,0.0,0.0,1
PAIR-001639,1.0,0.0,0.0,0.0,1.0,0.0,0.0,1
PAIR-001640,0.0,1.0,1.0,0.0,0.0,0.0,1.0,1
PAIR-001641,0.0,0.0,0.0,0.0,0.0,0.0,0.0,1
PAIR-001642,0.0,0.0,0.0,1.0,0.0,0.0,0.0,1
PAIR-001643,0.0,0.0,0.0,1.0,0.0,0.0,0.0,1
PAIR-001644,0.0,0.0,0.0,1.0,1.0,0.0,0.0,1
PAIR-001645,1.0,0.0,0.0,0.0,1.0,0.0,0.0,1
PAIR-001646,0.0,1.0,1.0,0.0,0.0,0.0,1.0,1
PAIR-001647,0.0,0.0,0.0,0.0,0.0,0.0,0.0,1
PAIR-001648,0.0,0.0,0.0,1.0,0.0,0.0,0.0,1
PAIR-001649,0.0,0.0,0.0,1.0,0.0,0.0,0.0,1
PAIR-001650,0.0,0.0,0.0,1.0,1.0,0.0,0.0,1
PAIR-001651,1.0,0.0,0.0,0.0,1.0,0.0,0.0,1
PAIR-001652,0.0,1.0,1.0,0.0,0.0,0.0,1.0,1
PAIR-001653,0.0,0.0,0.0,0.0,0.0,0.0,0.0,1
PAIR-001654,0.0,0.0,0.0,1.0,0.0,0.0,0.0,1
PAIR-001655,0.0,0.0,0.0,1.0,0.0,0.0,0.0,1
PAIR-001656,0.0,0.0,0.0,1.0,1.0,0.0,0.0,1
PAIR-001657,1.0,0.0,0.0,0.0,1.0,0.0,0.0,1
PAIR-001658,0.0,1.0,1.0,0.0,0.0,0.0,1.0,1
PAIR-001659,0.0,0.0,0.0,0.0,0.0,0.0,0.0,1
PAIR-001660,0.0,0.0,0.0,1.0,0.0,0.0,0.0,1
PAIR-001661,0.0,0.0,0.0,1.0,0.0,0.0,0.0,1
PAIR-001662,0.0,0.0,0.0,1.0,1.0,0.0,0.0,1
PAIR-001663,1.0,0.0,0.0,0.0,1.0,0.0,0.0,1
PAIR-001664,0.0,1.0,1.0,0.0,0.0,0.0,1.0,1
PAIR-001665,0.0,0.0,0.0,0.0,0.0,0.0,0.0,1
PAIR-001666,0.0,0.0,0.0,1.0,0.0,0.0,0.0,1
PAIR-001667,0.0,0.0,0.0,1.0,0.0,0.0,0.0,1
PAIR-001668,0.0,0.0,0.0,1.0,1.0,0.0,0.0,1
PAIR-001669,1.0,0.0,0.0,0.0,1.0,0.0,0.0,1
PAIR-001670,0.0,1.0,1.0,0.0,0.0,0.0,1.0,1
PAIR-001671,0.0,0.0,0.0,0.0,0.0,0.0,0.0,1
PAIR-001672,0.0,0.0,0.0,1.0,0.0,0.0,0.0,1
PAIR-001673,0.0,0.0,0.0,1.0,0.0,0.0,0.0,1
PAIR-001674,0.0,0.0,0.0,1.0,1.0,0.0,0.0,1
PAIR-001675,1.0,0.0,0.0,0.0,1.0,0.0,1.0,1
PAIR-001676,0.0,1.0,1.0,0.0,0.0,0.0,1.0,1
PAIR-001677,0.0,0.0,0.0,0.0,0.0,0.0,0.0,1
PAIR-001678,0.0,0.0,0.0,1.0,0.0,0.0,1.0,1
PAIR-001679,0.0,0.0,0.0,1.0,0.0,0.0,0.0,1
PAIR-001680,0.0,0.0,0.0,1.0,1.0,0.0,0.0,1
PAIR-001681,1.0,0.0,0.0,0.0,1.0,0.0,1.0,1
PAIR-001682,0.0,1.0,1.0,0.0,0.0,0.0,1.0,1
PAIR-001683,0.0,0.0,0.0,0.0,0.0,0.0,0.0,1
PAIR-001684,0.0,0.0,0.0,1.0,0.0,0.0,1.0,1
PAIR-001685,0.0,0.0,0.0,1.0,0.0,0.0,0.0,1
PAIR-001686,0.0,0.0,0.0,1.0,1.0,0.0,0.0,1
PAIR-001687,1.0,0.0,0.0,0.0,1.0,0.0,0.0,1
PAIR-001688,0.0,1.0,1.0,0.0,0.0,0.0,1.0,1
PAIR-001689,0.0,0.0,0.0,0.0,0.0,0.0,0.0,1
PAIR-001690,0.0,0.0,0.0,1.0,0.0,0.0,0.0,1
PAIR-001691,0.0,0.0,0.0,1.0,0.0,0.0,0.0,1
PAIR-001692,0.0,0.0,0.0,1.0,1.0,0.0,0.0,1
PAIR-001693,1.0,0.0,0.0,0.0,1.0,0.0,0.0,1
PAIR-001694,0.0,1.0,1.0,0.0,0.0,0.0,1.0,1
PAIR-001695,0.0,0.0,0.0,0.0,0.0,0.0,0.0,1
PAIR-001696,0.0,0.0,0.0,1.0,0.0,0.0,0.0,1
PAIR-001697,0.0,0.0,0.0,1.0,0.0,0.0,0.0,1
PAIR-001698,0.0,0.0,0.0,1.0,1.0,0.0,0.0,1
PAIR-001699,1.0,0.0,0.0,0.0,1.0,0.0,0.0,1
PAIR-001700,0.0,1.0,1.0,0.0,0.0,0.0,1.0,1
PAIR-001701,0.0,0.0,0.0,0.0,0.0,0.0,0.0,1
PAIR-001702,0.0,0.0,0.0,1.0,0.0,0.0,0.0,1
PAIR-001703,0.0,0.0,0.0,1.0,0.0,0.0,0.0,1
PAIR-001704,0.0,0.0,0.0,1.0,1.0,0.0,0.0,1
PAIR-001705,1.0,0.0,0.0,0.0,1.0,0.0,0.0,1
PAIR-001706,0.0,1.0,1.0,0.0,0.0,0.0,1.0,1
PAIR-001707,0.0,0.0,0.0,0.0,0.0,0.0,0.0,1
PAIR-001708,0.0,0.0,0.0,1.0,0.0,0.0,0.0,1
PAIR-001709,0.0,0.0,0.0,1.0,0.0,0.0,0.0,1
PAIR-001710,0.0,0.0,0.0,1.0,1.0,0.0,0.0,1
PAIR-001711,1.0,0.0,0.0,0.0,1.0,0.0,0.0,1
PAIR-001712,0.0,1.0,1.0,0.0,0.0,0.0,1.0,1
PAIR-001713,0.0,0.0,0.0,0.0,0.0,0.0,0.0,1
PAIR-001714,0.0,0.0,0.0,1.0,0.0,0.0,0.0,1
PAIR-001715,0.0,0.0,0.0,1.0,0.0,0.0,0.0,1
PAIR-001716,0.0,0.0,0.0,1.0,1.0,0.0,0.0,1
PAIR-001717,1.0,0.0,0.0,0.0,1.0,0.0,1.0,1
PAIR-001718,0.0,1.0,1.0,0.0,0.0,0.0,1.0,1
PAIR-001719,0.0,0.0,0.0,0.0,0.0,0.0,0.0,1
PAIR-001720,0.0,0.0,0.0,1.0,0.0,0.0,1.0,1
PAIR-001721,0.0,0.0,0.0,1.0,0.0,0.0,0.0,1
PAIR-001722,0.0,0.0,0.0,1.0,1.0,0.0,0.0,1
PAIR-001723,1.0,0.0,0.0,0.0,1.0,0.0,1.0,1
PAIR-001724,0.0,1.0,1.0,0.0,0.0,0.0,1.0,1
PAIR-001725,0.0,0.0,0.0,0.0,0.0,0.0,0.0,1
PAIR-001726,0.0,0.0,0.0,1.0,0.0,0.0,1.0,1
PAIR-001727,0.0,0.0,0.0,1.0,0.0,0.0,0.0,1
PAIR-001728,0.0,0.0,0.0,1.0,1.0,0.0,0.0,1
PAIR-001729,1.0,0.0,0.0,0.0,1.0,0.0,0.0,1
PAIR-001730,0.0,1.0,1.0,0.0,0.0,0.0,1.0,1
PAIR-001731,0.0,0.0,0.0,0.0,0.0,0.0,0.0,1
PAIR-001732,0.0,0.0,0.0,1.0,0.0,0.0,0.0,1
PAIR-001733,0.0,0.0,0.0,1.0,0.0,0.0,0.0,1
PAIR-001734,0.0,0.0,0.0,1.0,1.0,0.0,0.0,1
PAIR-001735,1.0,0.0,0.0,0.0,1.0,0.0,1.0,1
PAIR-001736,0.0,1.0,1.0,0.0,0.0,0.0,1.0,1
PAIR-001737,0.0,0.0,0.0,0.0,0.0,0.0,0.0,1
PAIR-001738,0.0,0.0,0.0,1.0,0.0,0.0,1.0,1
PAIR-001739,0.0,0.0,0.0,1.0,0.0,0.0,0.0,1
PAIR-001740,0.0,0.0,0.0,1.0,1.0,0.0,0.0,1
PAIR-001741,1.0,0.0,0.0,0.0,1.0,0.0,0.0,1
PAIR-001742,0.0,1.0,1.0,0.0,0.0,0.0,1.0,1
PAIR-001743,0.0,0.0,0.0,0.0,0.0,0.0,0.0,1
PAIR-001744,0.0,0.0,0.0,1.0,0.0,0.0,0.0,1
PAIR-001745,0.0,0.0,0.0,1.0,0.0,0.0,0.0,1
PAIR-001746,0.0,0.0,0.0,1.0,1.0,0.0,0.0,1
PAIR-001747,1.0,0.0,0.0,0.0,1.0,0.0,1.0,1
PAIR-001748,0.0,1.0,1.0,0.0,0.0,0.0,1.0,1
PAIR-001749,0.0,0.0,0.0,0.0,0.0,0.0,0.0,1
PAIR-001750,0.0,0.0,0.0,1.0,0.0,0.0,1.0,1
PAIR-001751,0.0,0.0,0.0,1.0,0.0,0.0,0.0,1
PAIR-001752,0.0,0.0,0.0,1.0,1.0,0.0,0.0,1
PAIR-001753,1.0,0.0,0.0,0.0,1.0,0.0,0.0,1
PAIR-001754,0.0,1.0,1.0,0.0,0.0,0.0,1.0,1
PAIR-001755,0.0,0.0,0.0,0.0,0.0,0.0,0.0,1
PAIR-001756,0.0,0.0,0.0,1.0,0.0,0.0,0.0,1
PAIR-001757,0.0,0.0,0.0,1.0,0.0,0.0,0.0,1
PAIR-001758,0.0,0.0,0.0,1.0,1.0,0.0,0.0,1
PAIR-001759,1.0,0.0,0.0,0.0,1.0,0.0,0.0,1
PAIR-001760,0.0,1.0,1.0,0.0,0.0,0.0,1.0,1
PAIR-001761,0.0,0.0,0.0,0.0,0.0,0.0,0.0,1
PAIR-001762,0.0,0.0,0.0,1.0,0.0,0.0,0.0,1
PAIR-001763,0.0,0.0,0.0,1.0,0.0,0.0,0.0,1
PAIR-001764,0.0,0.0,0.0,1.0,1.0,0.0,0.0,1
PAIR-001765,1.0,0.0,0.0,0.0,1.0,0.0,0.0,1
PAIR-001766,0.0,1.0,1.0,0.0,0.0,0.0,1.0,1
PAIR-001767,0.0,0.0,0.0,0.0,0.0,0.0,0.0,1
PAIR-001768,0.0,0.0,0.0,1.0,0.0,0.0,0.0,1
PAIR-001769,0.0,0.0,0.0,1.0,0.0,0.0,0.0,1
PAIR-001770,0.0,0.0,0.0,1.0,1.0,0.0,0.0,1
PAIR-001771,1.0,0.0,0.0,0.0,1.0,0.0,0.0,1
PAIR-001772,0.0,1.0,1.0,0.0,0.0,0.0,1.0,1
PAIR-001773,0.0,0.0,0.0,0.0,0.0,0.0,0.0,1
PAIR-001774,0.0,0.0,0.0,1.0,0.0,0.0,0.0,1
PAIR-001775,0.0,0.0,0.0,1.0,0.0,0.0,0.0,1
PAIR-001776,0.0,0.0,0.0,1.0,1.0,0.0,0.0,1
PAIR-001777,1.0,0.0,0.0,0.0,1.0,0.0,1.0,1
PAIR-001778,0.0,1.0,1.0,0.0,0.0,0.0,1.0,1
PAIR-001779,0.0,0.0,0.0,0.0,0.0,0.0,0.0,1
PAIR-001780,0.0,0.0,0.0,1.0,0.0,0.0,1.0,1
PAIR-001781,0.0,0.0,0.0,1.0,0.0,0.0,0.0,1
PAIR-001782,0.0,0.0,0.0,1.0,1.0,0.0,0.0,1
PAIR-001783,1.0,0.0,0.0,0.0,1.0,0.0,0.0,1
PAIR-001784,0.0,1.0,1.0,0.0,0.0,0.0,1.0,1
PAIR-001785,0.0,0.0,0.0,0.0,0.0,0.0,0.0,1
PAIR-001786,0.0,0.0,0.0,1.0,0.0,0.0,0.0,1
PAIR-001787,0.0,0.0,0.0,1.0,0.0,0.0,0.0,1
PAIR-001788,0.0,0.0,0.0,1.0,1.0,0.0,0.0,1
PAIR-001789,1.0,0.0,0.0,0.0,1.0,0.0,1.0,1
PAIR-001790,0.0,1.0,1.0,0.0,0.0,0.0,1.0,1
PAIR-001791,0.0,0.0,0.0,0.0,0.0,0.0,0.0,1
PAIR-001792,0.0,0.0,0.0,1.0,0.0,0.0,1.0,1
PAIR-001793,0.0,0.0,0.0,1.0,0.0,0.0,0.0,1
PAIR-001794,0.0,0.0,0.0,1.0,1.0,0.0,0.0,1
PAIR-001795,1.0,0.0,0.0,0.0,1.0,0.0,0.0,1
PAIR-001796,0.0,1.0,1.0,0.0,0.0,0.0,1.0,1
PAIR-001797,0.0,0.0,0.0,0.0,0.0,0.0,0.0,1
PAIR-001798,0.0,0.0,0.0,1.0,0.0,0.0,0.0,1
PAIR-001799,0.0,0.0,0.0,1.0,0.0,0.0,0.0,1
PAIR-001800,0.0,0.0,0.0,1.0,1.0,0.0,0.0,1
PAIR-001801,1.0,0.0,0.0,0.0,1.0,0.0,0.0,1
PAIR-001802,0.0,1.0,1.0,0.0,0.0,0.0,1.0,1
PAIR-001803,0.0,0.0,0.0,0.0,0.0,0.0,0.0,1
PAIR-001804,0.0,0.0,0.0,1.0,0.0,0.0,0.0,1
PAIR-001805,0.0,0.0,0.0,1.0,0.0,0.0,0.0,1
PAIR-001806,0.0,0.0,0.0,1.0,1.0,0.0,0.0,1
PAIR-001807,1.0,0.0,0.0,0.0,1.0,0.0,0.0,1
PAIR-001808,0.0,1.0,1.0,0.0,0.0,0.0,1.0,1
PAIR-001809,0.0,0.0,0.0,0.0,0.0,0.0,0.0,1
PAIR-001810,0.0,0.0,0.0,1.0,0.0,0.0,0.0,1
PAIR-001811,0.0,0.0,0.0,1.0,0.0,0.0,0.0,1
PAIR-001812,0.0,0.0,0.0,1.0,1.0,0.0,0.0,1
PAIR-001813,1.0,0.0,0.0,0.0,1.0,0.0,1.0,1
PAIR-001814,0.0,1.0,1.0,0.0,0.0,0.0,1.0,1
PAIR-001815,0.0,0.0,0.0,0.0,0.0,0.0,0.0,1
PAIR-001816,0.0,0.0,0.0,1.0,0.0,0.0,1.0,1
PAIR-001817,0.0,0.0,0.0,1.0,0.0,0.0,0.0,1
PAIR-001818,0.0,0.0,0.0,1.0,1.0,0.0,0.0,1
PAIR-001819,1.0,0.0,0.0,0.0,1.0,0.0,0.0,1
PAIR-001820,0.0,1.0,1.0,0.0,0.0,0.0,1.0,1
PAIR-001821,0.0,0.0,0.0,0.0,0.0,0.0,0.0,1
PAIR-001822,0.0,0.0,0.0,1.0,0.0,0.0,0.0,1
PAIR-001823,0.0,0.0,0.0,1.0,0.0,0.0,0.0,1
PAIR-001824,0.0,0.0,0.0,1.0,1.0,0.0,0.0,1
PAIR-001825,1.0,0.0,0.0,0.0,1.0,0.0,0.0,1
PAIR-001826,0.0,1.0,1.0,0.0,0.0,0.0,1.0,1
PAIR-001827,0.0,0.0,0.0,0.0,0.0,0.0,0.0,1
PAIR-001828,0.0,0.0,0.0,1.0,0.0,0.0,0.0,1
PAIR-001829,0.0,0.0,0.0,1.0,0.0,0.0,0.0,1
PAIR-001830,0.0,0.0,0.0,1.0,1.0,0.0,0.0,1
PAIR-001831,1.0,0.0,0.0,0.0,1.0,0.0,1.0,1
PAIR-001832,0.0,1.0,1.0,0.0,0.0,0.0,1.0,1
PAIR-001833,0.0,0.0,0.0,0.0,0.0,0.0,0.0,1
PAIR-001834,0.0,0.0,0.0,1.0,0.0,0.0,1.0,1
PAIR-001835,0.0,0.0,0.0,1.0,0.0,0.0,0.0,1
PAIR-001836,0.0,0.0,0.0,1.0,1.0,0.0,0.0,1
PAIR-001837,1.0,0.0,0.0,0.0,1.0,0.0,0.0,1
PAIR-001838,0.0,1.0,1.0,0.0,0.0,0.0,1.0,1
PAIR-001839,0.0,0.0,0.0,0.0,0.0,0.0,0.0,1
PAIR-001840,0.0,0.0,0.0,1.0,0.0,0.0,0.0,1
PAIR-001841,0.0,0.0,0.0,1.0,0.0,0.0,0.0,1
PAIR-001842,0.0,0.0,0.0,1.0,1.0,0.0,0.0,1
PAIR-001843,1.0,0.0,0.0,0.0,1.0,0.0,0.0,1
PAIR-001844,0.0,1.0,1.0,0.0,0.0,0.0,1.0,1
PAIR-001845,0.0,0.0,0.0,0.0,0.0,0.0,0.0,1
PAIR-001846,0.0,0.0,0.0,1.0,0.0,0.0,0.0,1
PAIR-001847,0.0,0.0,0.0,1.0,0.0,0.0,0.0,1
PAIR-001848,0.0,0.0,0.0,1.0,1.0,0.0,0.0,1
PAIR-001849,1.0,0.0,0.0,0.0,1.0,0.0,1.0,1
PAIR-001850,0.0,1.0,1.0,0.0,0.0,0.0,1.0,1
PAIR-001851,0.0,0.0,0.0,0.0,0.0,0.0,0.0,1
PAIR-001852,0.0,0.0,0.0,1.0,0.0,0.0,1.0,1
PAIR-001853,0.0,0.0,0.0,1.0,0.0,0.0,0.0,1
PAIR-001854,0.0,0.0,0.0,1.0,1.0,0.0,0.0,1
PAIR-001855,1.0,0.0,0.0,0.0,1.0,0.0,0.0,1
PAIR-001856,0.0,1.0,1.0,0.0,0.0,0.0,1.0,1
PAIR-001857,0.0,0.0,0.0,0.0,0.0,0.0,0.0,1
PAIR-001858,0.0,0.0,0.0,1.0,0.0,0.0,0.0,1
PAIR-001859,0.0,0.0,0.0,1.0,0.0,0.0,0.0,1
PAIR-001860,0.0,0.0,0.0,1.0,1.0,0.0,0.0,1
PAIR-001861,1.0,0.0,0.0,0.0,1.0,0.0,0.0,1
PAIR-001862,0.0,1.0,1.0,0.0,0.0,0.0,1.0,1
PAIR-001863,0.0,0.0,0.0,0.0,0.0,0.0,0.0,1
PAIR-001864,0.0,0.0,0.0,1.0,0.0,0.0,0.0,1
PAIR-001865,0.0,0.0,0.0,1.0,0.0,0.0,0.0,1
PAIR-001866,0.0,0.0,0.0,1.0,1.0,0.0,0.0,1
PAIR-001867,1.0,0.0,0.0,0.0,1.0,0.0,1.0,1
PAIR-001868,0.0,1.0,1.0,0.0,0.0,0.0,1.0,1
PAIR-001869,0.0,0.0,0.0,0.0,0.0,0.0,0.0,1
PAIR-001870,0.0,0.0,0.0,1.0,0.0,0.0,1.0,1
PAIR-001871,0.0,0.0,0.0,1.0,0.0,0.0,0.0,1
PAIR-001872,0.0,0.0,0.0,1.0,1.0,0.0,0.0,1
PAIR-001873,1.0,0.0,0.0,0.0,1.0,0.0,0.0,1
PAIR-001874,0.0,1.0,1.0,0.0,0.0,0.0,1.0,1
PAIR-001875,0.0,0.0,0.0,0.0,0.0,0.0,0.0,1
PAIR-001876,0.0,0.0,0.0,1.0,0.0,0.0,0.0,1
PAIR-001877,0.0,0.0,0.0,1.0,0.0,0.0,0.0,1
PAIR-001878,0.0,0.0,0.0,1.0,1.0,0.0,0.0,1
PAIR-001879,1.0,0.0,0.0,0.0,1.0,0.0,0.0,1
PAIR-001880,0.0,1.0,1.0,0.0,0.0,0.0,1.0,1
PAIR-001881,0.0,0.0,0.0,0.0,0.0,0.0,0.0,1
PAIR-001882,0.0,0.0,0.0,1.0,0.0,0.0,0.0,1
PAIR-001883,0.0,0.0,0.0,1.0,0.0,0.0,0.0,1
PAIR-001884,0.0,0.0,0.0,1.0,1.0,0.0,0.0,1
PAIR-001885,1.0,0.0,0.0,0.0,1.0,0.0,1.0,1
PAIR-001886,0.0,1.0,1.0,0.0,0.0,0.0,1.0,1
PAIR-001887,0.0,0.0,0.0,0.0,0.0,0.0,0.0,1
PAIR-001888,0.0,0.0,0.0,1.0,0.0,0.0,1.0,1
PAIR-001889,0.0,0.0,0.0,1.0,0.0,0.0,0.0,1
PAIR-001890,0.0,0.0,0.0,1.0,1.0,0.0,0.0,1
PAIR-001891,1.0,0.0,0.0,0.0,1.0,0.0,0.0,1
PAIR-001892,0.0,1.0,1.0,0.0,0.0,0.0,1.0,1
PAIR-001893,0.0,0.0,0.0,0.0,0.0,0.0,0.0,1
PAIR-001894,0.0,0.0,0.0,1.0,0.0,0.0,0.0,1
PAIR-001895,0.0,0.0,0.0,1.0,0.0,0.0,0.0,1
PAIR-001896,0.0,0.0,0.0,1.0,1.0,0.0,0.0,1
PAIR-001897,1.0,0.0,0.0,0.0,1.0,0.0,0.0,1
PAIR-001898,0.0,1.0,1.0,0.0,0.0,0.0,1.0,1
PAIR-001899,0.0,0.0,0.0,0.0,0.0,0.0,0.0,1
PAIR-001900,0.0,0.0,0.0,1.0,0.0,0.0,0.0,1
PAIR-001901,0.0,0.0,0.0,1.0,0.0,0.0,0.0,1
PAIR-001902,0.0,0.0,0.0,1.0,1.0,0.0,0.0,1
PAIR-001903,1.0,0.0,0.0,0.0,1.0,0.0,0.0,1
PAIR-001904,0.0,1.0,1.0,0.0,0.0,0.0,1.0,1
PAIR-001905,0.0,0.0,0.0,0.0,0.0,0.0,0.0,1
PAIR-001906,0.0,0.0,0.0,1.0,0.0,0.0,0.0,1
PAIR-001907,0.0,0.0,0.0,1.0,0.0,0.0,0.0,1
PAIR-001908,0.0,0.0,0.0,1.0,1.0,0.0,0.0,1
PAIR-001909,1.0,0.0,0.0,0.0,1.0,0.0,0.0,1
PAIR-001910,0.0,1.0,1.0,0.0,0.0,0.0,1.0,1
PAIR-001911,0.0,0.0,0.0,0.0,0.0,0.0,0.0,1
PAIR-001912,0.0,0.0,0.0,1.0,0.0,0.0,0.0,1
PAIR-001913,0.0,0.0,0.0,1.0,0.0,0.0,0.0,1
PAIR-001914,0.0,0.0,0.0,1.0,1.0,0.0,0.0,1
PAIR-001915,1.0,0.0,0.0,0.0,1.0,0.0,0.0,1
PAIR-001916,0.0,1.0,1.0,0.0,0.0,0.0,1.0,1
PAIR-001917,0.0,0.0,0.0,0.0,0.0,0.0,0.0,1
PAIR-001918,0.0,0.0,0.0,1.0,0.0,0.0,0.0,1
PAIR-001919,0.0,0.0,0.0,1.0,0.0,0.0,0.0,1
PAIR-001920,0.0,0.0,0.0,1.0,1.0,0.0,0.0,1
PAIR-001921,1.0,0.0,0.0,0.0,1.0,0.0,0.0,1
PAIR-001922,0.0,1.0,1.0,0.0,0.0,0.0,1.0,1
PAIR-001923,0.0,0.0,0.0,0.0,0.0,0.0,0.0,1
PAIR-001924,0.0,0.0,0.0,1.0,0.0,0.0,0.0,1
PAIR-001925,0.0,0.0,0.0,1.0,0.0,0.0,0.0,1
PAIR-001926,0.0,0.0,0.0,1.0,1.0,0.0,0.0,1
PAIR-001927,1.0,0.0,0.0,0.0,1.0,0.0,0.0,1
PAIR-001928,0.0,1.0,1.0,0.0,0.0,0.0,1.0,1
PAIR-001929,0.0,0.0,0.0,0.0,0.0,0.0,0.0,1
PAIR-001930,0.0,0.0,0.0,1.0,0.0,0.0,0.0,1
PAIR-001931,0.0,0.0,0.0,1.0,0.0,0.0,0.0,1
PAIR-001932,0.0,0.0,0.0,1.0,1.0,0.0,0.0,1
PAIR-001933,1.0,0.0,0.0,0.0,1.0,0.0,0.0,1
PAIR-001934,0.0,1.0,1.0,0.0,0.0,0.0,1.0,1
PAIR-001935,0.0,0.0,0.0,0.0,0.0,0.0,0.0,1
PAIR-001936,0.0,0.0,0.0,1.0,0.0,0.0,0.0,1
PAIR-001937,0.0,0.0,0.0,1.0,0.0,0.0,0.0,1
PAIR-001938,0.0,0.0,0.0,1.0,1.0,0.0,0.0,1
PAIR-001939,1.0,0.0,0.0,0.0,1.0,0.0,0.0,1
PAIR-001940,0.0,1.0,1.0,0.0,0.0,0.0,1.0,1
PAIR-001941,0.0,0.0,0.0,0.0,0.0,0.0,0.0,1
PAIR-001942,0.0,0.0,0.0,1.0,0.0,0.0,0.0,1
PAIR-001943,0.0,0.0,0.0,1.0,0.0,0.0,0.0,1
PAIR-001944,0.0,0.0,0.0,1.0,1.0,0.0,0.0,1
PAIR-001945,1.0,0.0,0.0,0.0,1.0,0.0,0.0,1
PAIR-001946,0.0,1.0,1.0,0.0,0.0,0.0,1.0,1
PAIR-001947,0.0,0.0,0.0,0.0,0.0,0.0,0.0,1
PAIR-001948,0.0,0.0,0.0,1.0,0.0,0.0,0.0,1
PAIR-001949,0.0,0.0,0.0,1.0,0.0,0.0,0.0,1
PAIR-001950,0.0,0.0,0.0,1.0,1.0,0.0,0.0,1
PAIR-001951,1.0,0.0,0.0,0.0,1.0,0.0,1.0,1
PAIR-001952,0.0,1.0,1.0,0.0,0.0,0.0,0.0,1
PAIR-001953,0.0,0.0,0.0,0.0,0.0,0.0,0.0,1
PAIR-001954,0.0,0.0,0.0,1.0,0.0,0.0,0.0,1
PAIR-001955,0.0,0.0,0.0,1.0,0.0,0.0,0.0,1
PAIR-001956,0.0,0.0,0.0,1.0,1.0,0.0,1.0,1
PAIR-001957,1.0,0.0,0.0,0.0,1.0,0.0,0.0,1
PAIR-001958,0.0,1.0,1.0,0.0,0.0,0.0,1.0,1
PAIR-001959,0.0,0.0,0.0,0.0,0.0,0.0,0.0,1
PAIR-001960,0.0,0.0,0.0,1.0,0.0,0.0,0.0,1
PAIR-001961,0.0,0.0,0.0,1.0,0.0,0.0,0.0,1
PAIR-001962,0.0,0.0,0.0,1.0,1.0,0.0,0.0,1
PAIR-001963,1.0,0.0,0.0,0.0,1.0,0.0,1.0,1
PAIR-001964,0.0,1.0,1.0,0.0,0.0,0.0,1.0,1
PAIR-001965,0.0,0.0,0.0,0.0,0.0,0.0,0.0,1
PAIR-001966,0.0,0.0,0.0,1.0,0.0,0.0,1.0,1
PAIR-001967,0.0,0.0,0.0,1.0,0.0,0.0,0.0,1
PAIR-001968,0.0,0.0,0.0,1.0,1.0,0.0,0.0,1
PAIR-001969,1.0,0.0,0.0,0.0,1.0,0.0,0.0,1
PAIR-001970,0.0,1.0,1.0,0.0,0.0,0.0,1.0,1
PAIR-001971,0.0,0.0,0.0,0.0,0.0,0.0,0.0,1
PAIR-001972,0.0,0.0,0.0,1.0,0.0,0.0,0.0,1
PAIR-001973,0.0,0.0,0.0,1.0,0.0,0.0,0.0,1
PAIR-001974,0.0,0.0,0.0,1.0,1.0,0.0,0.0,1
PAIR-001975,1.0,0.0,0.0,0.0,1.0,0.0,0.0,1
PAIR-001976,0.0,1.0,1.0,0.0,0.0,0.0,1.0,1
PAIR-001977,0.0,0.0,0.0,0.0,0.0,0.0,0.0,1
PAIR-001978,0.0,0.0,0.0,1.0,0.0,0.0,0.0,1
PAIR-001979,0.0,0.0,0.0,1.0,0.0,0.0,0.0,1
PAIR-001980,0.0,0.0,0.0,1.0,1.0,0.0,0.0,1
PAIR-001981,1.0,0.0,0.0,0.0,1.0,0.0,1.0,1
PAIR-001982,0.0,1.0,1.0,0.0,0.0,0.0,1.0,1
PAIR-001983,0.0,0.0,0.0,0.0,0.0,0.0,0.0,1
PAIR-001984,0.0,0.0,0.0,1.0,0.0,0.0,1.0,1
PAIR-001985,0.0,0.0,0.0,1.0,0.0,0.0,0.0,1
PAIR-001986,0.0,0.0,0.0,1.0,1.0,0.0,0.0,1
PAIR-001987,1.0,0.0,0.0,0.0,1.0,0.0,0.0,1
PAIR-001988,0.0,1.0,1.0,0.0,0.0,0.0,1.0,1
PAIR-001989,0.0,0.0,0.0,0.0,0.0,0.0,0.0,1
PAIR-001990,0.0,0.0,0.0,1.0,0.0,0.0,0.0,1
PAIR-001991,0.0,0.0,0.0,1.0,0.0,0.0,0.0,1
PAIR-001992,0.0,0.0,0.0,1.0,1.0,0.0,0.0,1
PAIR-001993,0.0,0.0,0.0,0.0,1.0,0.0,1.0,1
PAIR-001994,0.0,1.0,1.0,0.0,0.0,0.0,1.0,1
PAIR-001995,0.0,0.0,0.0,0.0,0.0,0.0,0.0,1
PAIR-001996,0.0,0.0,0.0,1.0,0.0,0.0,1.0,1
PAIR-001997,0.0,0.0,0.0,1.0,0.0,0.0,0.0,1
PAIR-001998,0.0,0.0,0.0,1.0,1.0,0.0,0.0,1
PAIR-001999,1.0,0.0,0.0,0.0,1.0,0.0,0.0,1
PAIR-002000,0.0,1.0,1.0,0.0,0.0,0.0,1.0,1
PAIR-002001,0.0,0.0,0.0,0.0,0.0,0.0,0.0,1
PAIR-002002,0.0,0.0,0.0,1.0,0.0,0.0,0.0,1
PAIR-002003,0.0,0.0,0.0,1.0,0.0,0.0,0.0,1
PAIR-002004,0.0,0.0,0.0,1.0,1.0,0.0,0.0,1
PAIR-002005,1.0,0.0,0.0,0.0,1.0,0.0,1.0,1
PAIR-002006,0.0,1.0,1.0,0.0,0.0,0.0,1.0,1
PAIR-002007,0.0,0.0,0.0,0.0,0.0,0.0,0.0,1
PAIR-002008,0.0,0.0,0.0,1.0,0.0,0.0,1.0,1
PAIR-002009,0.0,0.0,0.0,1.0,0.0,0.0,0.0,1
PAIR-002010,0.0,0.0,0.0,1.0,1.0,0.0,0.0,1
PAIR-002011,1.0,0.0,0.0,0.0,1.0,0.0,1.0,1
PAIR-002012,0.0,1.0,1.0,0.0,0.0,0.0,1.0,1
PAIR-002013,0.0,0.0,0.0,0.0,0.0,0.0,0.0,1
PAIR-002014,0.0,0.0,0.0,1.0,0.0,0.0,1.0,1
PAIR-002015,0.0,0.0,0.0,1.0,0.0,0.0,0.0,1
PAIR-002016,0.0,0.0,0.0,1.0,1.0,0.0,0.0,1
PAIR-002017,1.0,0.0,0.0,0.0,1.0,0.0,1.0,1
PAIR-002018,0.0,1.0,1.0,0.0,0.0,0.0,1.0,1
PAIR-002019,0.0,0.0,0.0,0.0,0.0,0.0,0.0,1
PAIR-002020,0.0,0.0,0.0,1.0,0.0,0.0,1.0,1
PAIR-002021,0.0,0.0,0.0,1.0,0.0,0.0,0.0,1
PAIR-002022,0.0,0.0,0.0,1.0,1.0,0.0,0.0,1
PAIR-002023,1.0,0.0,0.0,0.0,1.0,0.0,0.0,1
PAIR-002024,0.0,1.0,1.0,0.0,0.0,0.0,1.0,1
PAIR-002025,0.0,0.0,0.0,0.0,0.0,0.0,0.0,1
PAIR-002026,0.0,0.0,0.0,1.0,0.0,0.0,0.0,1
PAIR-002027,0.0,0.0,0.0,1.0,0.0,0.0,0.0,1
PAIR-002028,0.0,0.0,0.0,1.0,1.0,0.0,0.0,1
PAIR-002029,1.0,0.0,0.0,0.0,1.0,0.0,0.0,1
PAIR-002030,0.0,1.0,1.0,0.0,0.0,0.0,1.0,1
PAIR-002031,0.0,0.0,0.0,0.0,0.0,0.0,0.0,1
PAIR-002032,0.0,0.0,0.0,1.0,0.0,0.0,0.0,1
PAIR-002033,0.0,0.0,0.0,1.0,0.0,0.0,0.0,1
PAIR-002034,0.0,0.0,0.0,1.0,1.0,0.0,0.0,1
PAIR-002035,1.0,0.0,0.0,0.0,1.0,0.0,0.0,1
PAIR-002036,0.0,1.0,1.0,0.0,0.0,0.0,1.0,1
PAIR-002037,0.0,0.0,0.0,0.0,0.0,0.0,0.0,1
PAIR-002038,0.0,0.0,0.0,1.0,0.0,0.0,0.0,1
PAIR-002039,0.0,0.0,0.0,1.0,0.0,0.0,0.0,1
PAIR-002040,0.0,0.0,0.0,1.0,1.0,0.0,0.0,1
PAIR-002041,1.0,0.0,0.0,0.0,1.0,0.0,0.0,1
PAIR-002042,0.0,1.0,1.0,0.0,0.0,0.0,1.0,1
PAIR-002043,0.0,0.0,0.0,0.0,0.0,0.0,0.0,1
PAIR-002044,0.0,0.0,0.0,1.0,0.0,0.0,0.0,1
PAIR-002045,0.0,0.0,0.0,1.0,0.0,0.0,0.0,1
PAIR-002046,0.0,0.0,0.0,1.0,1.0,0.0,0.0,1
PAIR-002047,1.0,0.0,0.0,0.0,1.0,0.0,0.0,1
PAIR-002048,0.0,1.0,1.0,0.0,0.0,0.0,1.0,1
PAIR-002049,0.0,0.0,0.0,0.0,0.0,0.0,0.0,1
PAIR-002050,0.0,0.0,0.0,1.0,0.0,0.0,0.0,1
PAIR-002051,0.0,0.0,0.0,1.0,0.0,0.0,0.0,1
PAIR-002052,0.0,0.0,0.0,1.0,1.0,0.0,0.0,1
PAIR-002053,1.0,0.0,0.0,0.0,1.0,0.0,0.0,1
PAIR-002054,0.0,1.0,1.0,0.0,0.0,0.0,1.0,1
PAIR-002055,0.0,0.0,0.0,0.0,0.0,0.0,0.0,1
PAIR-002056,0.0,0.0,0.0,1.0,0.0,0.0,0.0,1
PAIR-002057,0.0,0.0,0.0,1.0,0.0,0.0,0.0,1
PAIR-002058,0.0,0.0,0.0,1.0,1.0,0.0,0.0,1
PAIR-002059,1.0,0.0,0.0,0.0,1.0,0.0,0.0,1
PAIR-002060,0.0,1.0,1.0,0.0,0.0,0.0,1.0,1
PAIR-002061,0.0,0.0,0.0,0.0,0.0,0.0,0.0,1
PAIR-002062,0.0,0.0,0.0,1.0,0.0,0.0,0.0,1
PAIR-002063,0.0,0.0,0.0,1.0,0.0,0.0,0.0,1
PAIR-002064,0.0,0.0,0.0,1.0,1.0,0.0,0.0,1
PAIR-002065,1.0,0.0,0.0,0.0,1.0,0.0,0.0,1
PAIR-002066,0.0,1.0,1.0,0.0,0.0,0.0,1.0,1
PAIR-002067,0.0,0.0,0.0,0.0,0.0,0.0,0.0,1
PAIR-002068,0.0,0.0,0.0,1.0,0.0,0.0,0.0,1
PAIR-002069,0.0,0.0,0.0,1.0,0.0,0.0,0.0,1
PAIR-002070,0.0,0.0,0.0,1.0,1.0,0.0,0.0,1
PAIR-002071,1.0,0.0,0.0,0.0,1.0,0.0,1.0,1
PAIR-002072,0.0,1.0,1.0,0.0,0.0,0.0,1.0,1
PAIR-002073,0.0,0.0,0.0,0.0,0.0,0.0,0.0,1
PAIR-002074,0.0,0.0,0.0,1.0,0.0,0.0,1.0,1
PAIR-002075,0.0,0.0,0.0,1.0,0.0,0.0,0.0,1
PAIR-002076,0.0,0.0,0.0,1.0,1.0,0.0,0.0,1
PAIR-002077,1.0,0.0,0.0,0.0,1.0,0.0,0.0,1
PAIR-002078,0.0,1.0,1.0,0.0,0.0,0.0,1.0,1
PAIR-002079,0.0,0.0,0.0,0.0,0.0,0.0,0.0,1
PAIR-002080,0.0,0.0,0.0,1.0,0.0,0.0,0.0,1
PAIR-002081,0.0,0.0,0.0,1.0,0.0,0.0,0.0,1
PAIR-002082,0.0,0.0,0.0,1.0,1.0,0.0,0.0,1
PAIR-002083,1.0,0.0,0.0,0.0,1.0,0.0,0.0,1
PAIR-002084,0.0,1.0,1.0,0.0,0.0,0.0,1.0,1
PAIR-002085,0.0,0.0,0.0,0.0,0.0,0.0,0.0,1
PAIR-002086,0.0,0.0,0.0,1.0,0.0,0.0,0.0,1
PAIR-002087,0.0,0.0,0.0,1.0,0.0,0.0,0.0,1
PAIR-002088,0.0,0.0,0.0,1.0,1.0,0.0,0.0,1
PAIR-002089,1.0,0.0,0.0,0.0,1.0,0.0,0.0,1
PAIR-002090,0.0,1.0,1.0,0.0,0.0,0.0,1.0,1
PAIR-002091,0.0,0.0,0.0,0.0,0.0,0.0,0.0,1
PAIR-002092,0.0,0.0,0.0,1.0,0.0,0.0,0.0,1
PAIR-002093,0.0,0.0,0.0,1.0,0.0,0.0,0.0,1
PAIR-002094,0.0,0.0,0.0,1.0,1.0,0.0,0.0,1
PAIR-002095,1.0,0.0,0.0,0.0,1.0,0.0,0.0,1
PAIR-002096,0.0,1.0,1.0,0.0,0.0,0.0,1.0,1
PAIR-002097,0.0,0.0,0.0,0.0,0.0,0.0,0.0,1
PAIR-002098,0.0,0.0,0.0,1.0,0.0,0.0,0.0,1
PAIR-002099,0.0,0.0,0.0,1.0,0.0,0.0,0.0,1
PAIR-002100,0.0,0.0,0.0,1.0,1.0,0.0,0.0,1
PAIR-002101,1.0,0.0,0.0,0.0,1.0,0.0,0.0,1
PAIR-002102,0.0,1.0,1.0,0.0,0.0,0.0,1.0,1
PAIR-002103,0.0,0.0,0.0,0.0,0.0,0.0,0.0,1
PAIR-002104,0.0,0.0,0.0,1.0,0.0,0.0,0.0,1
PAIR-002105,0.0,0.0,0.0,1.0,0.0,0.0,0.0,1
PAIR-002106,0.0,0.0,0.0,1.0,1.0,0.0,0.0,1
PAIR-002107,0.0,1.0,1.0,0.0,0.0,0.0,1.0,1
PAIR-002108,0.0,0.0,0.0,0.0,0.0,0.0,0.0,1
PAIR-002109,0.0,0.0,0.0,1.0,1.0,0.0,0.0,1
PAIR-002110,1.0,0.0,0.0,0.0,1.0,0.0,1.0,1
PAIR-002111,0.0,1.0,1.0,0.0,0.0,0.0,1.0,1
PAIR-002112,0.0,0.0,0.0,0.0,0.0,0.0,0.0,1
PAIR-002113,0.0,0.0,0.0,1.0,0.0,0.0,1.0,1
PAIR-002114,0.0,0.0,0.0,1.0,0.0,0.0,0.0,1
PAIR-002115,0.0,0.0,0.0,1.0,1.0,0.0,0.0,1
PAIR-002116,1.0,0.0,0.0,0.0,1.0,0.0,0.0,1
PAIR-002117,0.0,1.0,1.0,0.0,0.0,0.0,1.0,1
PAIR-002118,0.0,0.0,0.0,0.0,0.0,0.0,0.0,1
PAIR-002119,0.0,0.0,0.0,1.0,0.0,0.0,0.0,1
PAIR-002120,0.0,0.0,0.0,1.0,0.0,0.0,0.0,1
PAIR-002121,0.0,0.0,0.0,1.0,1.0,0.0,0.0,1
PAIR-002122,1.0,0.0,0.0,0.0,1.0,0.0,0.0,1
PAIR-002123,0.0,1.0,1.0,0.0,0.0,0.0,1.0,1
PAIR-002124,0.0,0.0,0.0,0.0,0.0,0.0,0.0,1
PAIR-002125,0.0,0.0,0.0,1.0,0.0,0.0,0.0,1
PAIR-002126,0.0,0.0,0.0,1.0,0.0,0.0,0.0,1
PAIR-002127,0.0,0.0,0.0,1.0,1.0,0.0,0.0,1
PAIR-002128,1.0,0.0,0.0,0.0,1.0,0.0,0.0,1
PAIR-002129,0.0,1.0,1.0,0.0,0.0,0.0,1.0,1
PAIR-002130,0.0,0.0,0.0,0.0,0.0,0.0,0.0,1
PAIR-002131,0.0,0.0,0.0,1.0,0.0,0.0,0.0,1
PAIR-002132,0.0,0.0,0.0,1.0,0.0,0.0,0.0,1
PAIR-002133,0.0,0.0,0.0,1.0,1.0,0.0,0.0,1
PAIR-002134,1.0,0.0,0.0,0.0,1.0,0.0,0.0,1
PAIR-002135,0.0,1.0,1.0,0.0,0.0,0.0,1.0,1
PAIR-002136,0.0,0.0,0.0,0.0,0.0,0.0,0.0,1
PAIR-002137,0.0,0.0,0.0,1.0,0.0,0.0,0.0,1
PAIR-002138,0.0,0.0,0.0,1.0,0.0,0.0,0.0,1
PAIR-002139,0.0,0.0,0.0,1.0,1.0,0.0,0.0,1
PAIR-002140,1.0,0.0,0.0,0.0,1.0,0.0,0.0,1
PAIR-002141,0.0,1.0,1.0,0.0,0.0,0.0,1.0,1
PAIR-002142,0.0,0.0,0.0,0.0,0.0,0.0,0.0,1
PAIR-002143,0.0,0.0,0.0,1.0,0.0,0.0,0.0,1
PAIR-002144,0.0,0.0,0.0,1.0,0.0,0.0,0.0,1
PAIR-002145,0.0,0.0,0.0,1.0,1.0,0.0,0.0,1
PAIR-002146,1.0,0.0,0.0,0.0,1.0,0.0,1.0,1
PAIR-002147,0.0,1.0,1.0,0.0,0.0,0.0,1.0,1
PAIR-002148,0.0,0.0,0.0,0.0,0.0,0.0,0.0,1
PAIR-002149,0.0,0.0,0.0,1.0,0.0,0.0,1.0,1
PAIR-002150,0.0,0.0,0.0,1.0,0.0,0.0,0.0,1
PAIR-002151,0.0,0.0,0.0,1.0,1.0,0.0,0.0,1
PAIR-002152,1.0,0.0,0.0,0.0,1.0,0.0,1.0,1
PAIR-002153,0.0,1.0,1.0,0.0,0.0,0.0,1.0,1
PAIR-002154,0.0,0.0,0.0,0.0,0.0,0.0,0.0,1
PAIR-002155,0.0,0.0,0.0,1.0,0.0,0.0,1.0,1
PAIR-002156,0.0,0.0,0.0,1.0,0.0,0.0,0.0,1
PAIR-002157,0.0,0.0,0.0,1.0,1.0,0.0,0.0,1
PAIR-002158,1.0,0.0,0.0,0.0,1.0,0.0,0.0,1
PAIR-002159,0.0,1.0,1.0,0.0,0.0,0.0,1.0,1
PAIR-002160,0.0,0.0,0.0,0.0,0.0,0.0,0.0,1
PAIR-002161,0.0,0.0,0.0,1.0,0.0,0.0,0.0,1
PAIR-002162,0.0,0.0,0.0,1.0,0.0,0.0,0.0,1
PAIR-002163,0.0,0.0,0.0,1.0,1.0,0.0,0.0,1
PAIR-002164,1.0,0.0,0.0,0.0,1.0,0.0,1.0,1
PAIR-002165,0.0,1.0,1.0,0.0,0.0,0.0,1.0,1
PAIR-002166,0.0,0.0,0.0,0.0,0.0,0.0,0.0,1
PAIR-002167,0.0,0.0,0.0,1.0,0.0,0.0,1.0,1
PAIR-002168,0.0,0.0,0.0,1.0,0.0,0.0,0.0,1
PAIR-002169,0.0,0.0,0.0,1.0,1.0,0.0,0.0,1
PAIR-002170,1.0,0.0,0.0,0.0,1.0,0.0,1.0,1
PAIR-002171,0.0,1.0,1.0,0.0,0.0,0.0,1.0,1
PAIR-002172,0.0,0.0,0.0,0.0,0.0,0.0,0.0,1
PAIR-002173,0.0,0.0,0.0,1.0,0.0,0.0,1.0,1
PAIR-002174,0.0,0.0,0.0,1.0,0.0,0.0,0.0,1
PAIR-002175,0.0,0.0,0.0,1.0,1.0,0.0,0.0,1
PAIR-002176,1.0,0.0,0.0,0.0,1.0,0.0,0.0,1
PAIR-002177,0.0,1.0,1.0,0.0,0.0,0.0,1.0,1
PAIR-002178,0.0,0.0,0.0,0.0,0.0,0.0,0.0,1
PAIR-002179,0.0,0.0,0.0,1.0,0.0,0.0,0.0,1
PAIR-002180,0.0,0.0,0.0,1.0,0.0,0.0,0.0,1
PAIR-002181,0.0,0.0,0.0,1.0,1.0,0.0,0.0,1
PAIR-002182,1.0,0.0,0.0,0.0,1.0,0.0,0.0,1
PAIR-002183,0.0,1.0,1.0,0.0,0.0,0.0,1.0,1
PAIR-002184,0.0,0.0,0.0,0.0,0.0,0.0,0.0,1
PAIR-002185,0.0,0.0,0.0,1.0,0.0,0.0,0.0,1
PAIR-002186,0.0,0.0,0.0,1.0,0.0,0.0,0.0,1
PAIR-002187,0.0,0.0,0.0,1.0,1.0,0.0,0.0,1
PAIR-002188,1.0,0.0,0.0,0.0,1.0,0.0,0.0,1
PAIR-002189,0.0,1.0,1.0,0.0,0.0,0.0,1.0,1
PAIR-002190,0.0,0.0,0.0,0.0,0.0,0.0,0.0,1
PAIR-002191,0.0,0.0,0.0,1.0,0.0,0.0,0.0,1
PAIR-002192,0.0,0.0,0.0,1.0,0.0,0.0,0.0,1
PAIR-002193,0.0,0.0,0.0,1.0,1.0,0.0,0.0,1
PAIR-002194,1.0,0.0,0.0,0.0,1.0,0.0,0.0,1
PAIR-002195,0.0,1.0,1.0,0.0,0.0,0.0,1.0,1
PAIR-002196,0.0,0.0,0.0,0.0,0.0,0.0,0.0,1
PAIR-002197,0.0,0.0,0.0,1.0,0.0,0.0,0.0,1
PAIR-002198,0.0,0.0,0.0,1.0,0.0,0.0,0.0,1
PAIR-002199,0.0,0.0,0.0,1.0,1.0,0.0,0.0,1
PAIR-002200,1.0,0.0,0.0,0.0,1.0,0.0,0.0,1
PAIR-002201,0.0,1.0,1.0,0.0,0.0,0.0,1.0,1
PAIR-002202,0.0,0.0,0.0,0.0,0.0,0.0,0.0,1
PAIR-002203,0.0,0.0,0.0,1.0,0.0,0.0,0.0,1
PAIR-002204,0.0,0.0,0.0,1.0,0.0,0.0,0.0,1
PAIR-002205,0.0,0.0,0.0,1.0,1.0,0.0,0.0,1
PAIR-002206,1.0,0.0,0.0,0.0,1.0,0.0,0.0,1
PAIR-002207,0.0,1.0,1.0,0.0,0.0,0.0,1.0,1
PAIR-002208,0.0,0.0,0.0,0.0,0.0,0.0,0.0,1
PAIR-002209,0.0,0.0,0.0,1.0,0.0,0.0,0.0,1
PAIR-002210,0.0,0.0,0.0,1.0,0.0,0.0,0.0,1
PAIR-002211,0.0,0.0,0.0,1.0,1.0,0.0,0.0,1
PAIR-002212,1.0,0.0,0.0,0.0,1.0,0.0,0.0,1
PAIR-002213,0.0,1.0,1.0,0.0,0.0,0.0,1.0,1
PAIR-002214,0.0,0.0,0.0,0.0,0.0,0.0,0.0,1
PAIR-002215,0.0,0.0,0.0,1.0,0.0,0.0,0.0,1
PAIR-002216,0.0,0.0,0.0,1.0,0.0,0.0,0.0,1
PAIR-002217,0.0,0.0,0.0,1.0,1.0,0.0,0.0,1
PAIR-002218,1.0,0.0,0.0,0.0,1.0,0.0,1.0,1
PAIR-002219,0.0,1.0,1.0,0.0,0.0,0.0,1.0,1
PAIR-002220,0.0,0.0,0.0,0.0,0.0,0.0,0.0,1
PAIR-002221,0.0,0.0,0.0,1.0,0.0,0.0,1.0,1
PAIR-002222,0.0,0.0,0.0,1.0,0.0,0.0,0.0,1
PAIR-002223,0.0,0.0,0.0,1.0,1.0,0.0,0.0,1
PAIR-002224,1.0,0.0,0.0,0.0,1.0,0.0,0.0,1
PAIR-002225,0.0,1.0,1.0,0.0,0.0,0.0,1.0,1
PAIR-002226,0.0,0.0,0.0,0.0,0.0,0.0,0.0,1
PAIR-002227,0.0,0.0,0.0,1.0,0.0,0.0,0.0,1
PAIR-002228,0.0,0.0,0.0,1.0,0.0,0.0,0.0,1
PAIR-002229,0.0,0.0,0.0,1.0,1.0,0.0,0.0,1
PAIR-002230,1.0,0.0,0.0,0.0,1.0,0.0,0.0,1
PAIR-002231,0.0,1.0,1.0,0.0,0.0,0.0,1.0,1
PAIR-002232,0.0,0.0,0.0,0.0,0.0,0.0,0.0,1
PAIR-002233,0.0,0.0,0.0,1.0,0.0,0.0,0.0,1
PAIR-002234,0.0,0.0,0.0,1.0,0.0,0.0,0.0,1
PAIR-002235,0.0,0.0,0.0,1.0,1.0,0.0,0.0,1
PAIR-002236,1.0,0.0,0.0,0.0,1.0,0.0,0.0,1
PAIR-002237,0.0,1.0,1.0,0.0,0.0,0.0,1.0,1
PAIR-002238,0.0,0.0,0.0,0.0,0.0,0.0,0.0,1
PAIR-002239,0.0,0.0,0.0,1.0,0.0,0.0,0.0,1
PAIR-002240,0.0,0.0,0.0,1.0,0.0,0.0,0.0,1
PAIR-002241,0.0,0.0,0.0,1.0,1.0,0.0,0.0,1
PAIR-002242,1.0,0.0,0.0,0.0,1.0,0.0,0.0,1
PAIR-002243,0.0,1.0,1.0,0.0,0.0,0.0,1.0,1
PAIR-002244,0.0,0.0,0.0,0.0,0.0,0.0,0.0,1
PAIR-002245,0.0,0.0,0.0,1.0,0.0,0.0,0.0,1
PAIR-002246,0.0,0.0,0.0,1.0,0.0,0.0,0.0,1
PAIR-002247,0.0,0.0,0.0,1.0,1.0,0.0,0.0,1
PAIR-002248,1.0,0.0,0.0,0.0,1.0,0.0,1.0,1
PAIR-002249,0.0,1.0,1.0,0.0,0.0,0.0,1.0,1
PAIR-002250,0.0,0.0,0.0,0.0,0.0,0.0,0.0,1
PAIR-002251,0.0,0.0,0.0,1.0,0.0,0.0,1.0,1
PAIR-002252,0.0,0.0,0.0,1.0,0.0,0.0,0.0,1
PAIR-002253,0.0,0.0,0.0,1.0,1.0,0.0,0.0,1
PAIR-002254,1.0,0.0,0.0,0.0,1.0,0.0,0.0,1
PAIR-002255,0.0,1.0,1.0,0.0,0.0,0.0,1.0,1
PAIR-002256,0.0,0.0,0.0,0.0,0.0,0.0,0.0,1
PAIR-002257,0.0,0.0,0.0,1.0,0.0,0.0,0.0,1
PAIR-002258,0.0,0.0,0.0,1.0,0.0,0.0,0.0,1
PAIR-002259,0.0,0.0,0.0,1.0,1.0,0.0,0.0,1
PAIR-002260,1.0,0.0,0.0,0.0,1.0,0.0,0.0,1
PAIR-002261,0.0,1.0,1.0,0.0,0.0,0.0,1.0,1
PAIR-002262,0.0,0.0,0.0,0.0,0.0,0.0,0.0,1
PAIR-002263,0.0,0.0,0.0,1.0,0.0,0.0,0.0,1
PAIR-002264,0.0,0.0,0.0,1.0,0.0,0.0,0.0,1
PAIR-002265,0.0,0.0,0.0,1.0,1.0,0.0,0.0,1
PAIR-002266,1.0,0.0,0.0,0.0,1.0,0.0,0.0,1
PAIR-002267,0.0,1.0,1.0,0.0,0.0,0.0,1.0,1
PAIR-002268,0.0,0.0,0.0,0.0,0.0,0.0,0.0,1
PAIR-002269,0.0,0.0,0.0,1.0,0.0,0.0,0.0,1
PAIR-002270,0.0,0.0,0.0,1.0,0.0,0.0,0.0,1
PAIR-002271,0.0,0.0,0.0,1.0,1.0,0.0,0.0,1
PAIR-002272,1.0,0.0,0.0,0.0,1.0,0.0,0.0,1
PAIR-002273,0.0,1.0,1.0,0.0,0.0,0.0,1.0,1
PAIR-002274,0.0,0.0,0.0,0.0,0.0,0.0,0.0,1
PAIR-002275,0.0,0.0,0.0,1.0,0.0,0.0,0.0,1
PAIR-002276,0.0,0.0,0.0,1.0,0.0,0.0,0.0,1
PAIR-002277,0.0,0.0,0.0,1.0,1.0,0.0,0.0,1
PAIR-002278,1.0,0.0,0.0,0.0,1.0,0.0,0.0,1
PAIR-002279,0.0,1.0,1.0,0.0,0.0,0.0,1.0,1
PAIR-002280,0.0,0.0,0.0,0.0,0.0,0.0,0.0,1
PAIR-002281,0.0,0.0,0.0,1.0,0.0,0.0,0.0,1
PAIR-002282,0.0,0.0,0.0,1.0,0.0,0.0,0.0,1
PAIR-002283,0.0,0.0,0.0,1.0,1.0,0.0,0.0,1
PAIR-002284,1.0,0.0,0.0,0.0,1.0,0.0,1.0,1
PAIR-002285,0.0,1.0,1.0,0.0,0.0,0.0,1.0,1
PAIR-002286,0.0,0.0,0.0,0.0,0.0,0.0,0.0,1
PAIR-002287,0.0,0.0,0.0,1.0,0.0,0.0,1.0,1
PAIR-002288,0.0,0.0,0.0,1.0,0.0,0.0,0.0,1
PAIR-002289,0.0,0.0,0.0,1.0,1.0,0.0,0.0,1
PAIR-002290,1.0,0.0,0.0,0.0,1.0,0.0,0.0,1
PAIR-002291,0.0,1.0,1.0,0.0,0.0,0.0,1.0,1
PAIR-002292,0.0,0.0,0.0,0.0,0.0,0.0,0.0,1
PAIR-002293,0.0,0.0,0.0,1.0,0.0,0.0,0.0,1
PAIR-002294,0.0,0.0,0.0,1.0,0.0,0.0,0.0,1
PAIR-002295,0.0,0.0,0.0,1.0,1.0,0.0,0.0,1
PAIR-002296,1.0,0.0,0.0,0.0,1.0,0.0,0.0,1
PAIR-002297,0.0,1.0,1.0,0.0,0.0,0.0,1.0,1
PAIR-002298,0.0,0.0,0.0,0.0,0.0,0.0,0.0,1
PAIR-002299,0.0,0.0,0.0,1.0,0.0,0.0,0.0,1
PAIR-002300,0.0,0.0,0.0,1.0,0.0,0.0,0.0,1
PAIR-002301,0.0,0.0,0.0,1.0,1.0,0.0,0.0,1
PAIR-002302,1.0,0.0,0.0,0.0,1.0,0.0,1.0,1
PAIR-002303,0.0,1.0,1.0,0.0,0.0,0.0,1.0,1
PAIR-002304,0.0,0.0,0.0,0.0,0.0,0.0,0.0,1
PAIR-002305,0.0,0.0,0.0,1.0,0.0,0.0,1.0,1
PAIR-002306,0.0,0.0,0.0,1.0,0.0,0.0,0.0,1
PAIR-002307,0.0,0.0,0.0,1.0,1.0,0.0,0.0,1
PAIR-002308,1.0,0.0,0.0,0.0,1.0,0.0,0.0,1
PAIR-002309,0.0,1.0,1.0,0.0,0.0,0.0,1.0,1
PAIR-002310,0.0,0.0,0.0,0.0,0.0,0.0,0.0,1
PAIR-002311,0.0,0.0,0.0,1.0,0.0,0.0,0.0,1
PAIR-002312,0.0,0.0,0.0,1.0,0.0,0.0,0.0,1
PAIR-002313,0.0,0.0,0.0,1.0,1.0,0.0,0.0,1
PAIR-002314,1.0,0.0,0.0,0.0,1.0,0.0,0.0,1
PAIR-002315,0.0,1.0,1.0,0.0,0.0,0.0,1.0,1
PAIR-002316,0.0,0.0,0.0,0.0,0.0,0.0,0.0,1
PAIR-002317,0.0,0.0,0.0,1.0,0.0,0.0,0.0,1
PAIR-002318,0.0,0.0,0.0,1.0,0.0,0.0,0.0,1
PAIR-002319,0.0,0.0,0.0,1.0,1.0,0.0,0.0,1
PAIR-002320,1.0,0.0,0.0,0.0,1.0,0.0,0.0,1
PAIR-002321,0.0,1.0,1.0,0.0,0.0,0.0,1.0,1
PAIR-002322,0.0,0.0,0.0,0.0,0.0,0.0,0.0,1
PAIR-002323,0.0,0.0,0.0,1.0,0.0,0.0,0.0,1
PAIR-002324,0.0,0.0,0.0,1.0,0.0,0.0,0.0,1
PAIR-002325,0.0,0.0,0.0,1.0,1.0,0.0,0.0,1
PAIR-002326,1.0,0.0,0.0,0.0,1.0,0.0,0.0,1
PAIR-002327,0.0,1.0,1.0,0.0,0.0,0.0,1.0,1
PAIR-002328,0.0,0.0,0.0,0.0,0.0,0.0,0.0,1
PAIR-002329,0.0,0.0,0.0,1.0,0.0,0.0,0.0,1
PAIR-002330,0.0,0.0,0.0,1.0,0.0,0.0,0.0,1
PAIR-002331,0.0,0.0,0.0,1.0,1.0,0.0,0.0,1
PAIR-002332,1.0,0.0,0.0,0.0,1.0,0.0,1.0,1
PAIR-002333,0.0,1.0,1.0,0.0,0.0,0.0,1.0,1
PAIR-002334,0.0,0.0,0.0,0.0,0.0,0.0,0.0,1
PAIR-002335,0.0,0.0,0.0,1.0,0.0,0.0,1.0,1
PAIR-002336,0.0,0.0,0.0,1.0,0.0,0.0,0.0,1
PAIR-002337,0.0,0.0,0.0,1.0,1.0,0.0,0.0,1
PAIR-002338,1.0,0.0,0.0,0.0,1.0,0.0,0.0,1
PAIR-002339,0.0,1.0,1.0,0.0,0.0,0.0,1.0,1
PAIR-002340,0.0,0.0,0.0,0.0,0.0,0.0,0.0,1
PAIR-002341,0.0,0.0,0.0,1.0,0.0,0.0,0.0,1
PAIR-002342,0.0,0.0,0.0,1.0,0.0,0.0,0.0,1
PAIR-002343,0.0,0.0,0.0,1.0,1.0,0.0,0.0,1
PAIR-002344,1.0,0.0,0.0,0.0,1.0,0.0,1.0,1
PAIR-002345,0.0,1.0,1.0,0.0,0.0,0.0,1.0,1
PAIR-002346,0.0,0.0,0.0,0.0,0.0,0.0,0.0,1
PAIR-002347,0.0,0.0,0.0,1.0,0.0,0.0,1.0,1
PAIR-002348,0.0,0.0,0.0,1.0,0.0,0.0,0.0,1
PAIR-002349,0.0,0.0,0.0,1.0,1.0,0.0,0.0,1
PAIR-002350,1.0,0.0,0.0,0.0,1.0,0.0,0.0,1
PAIR-002351,0.0,1.0,1.0,0.0,0.0,0.0,1.0,1
PAIR-002352,0.0,0.0,0.0,0.0,0.0,0.0,0.0,1
PAIR-002353,0.0,0.0,0.0,1.0,0.0,0.0,0.0,1
PAIR-002354,0.0,0.0,0.0,1.0,0.0,0.0,0.0,1
PAIR-002355,0.0,0.0,0.0,1.0,1.0,0.0,0.0,1
PAIR-002356,1.0,0.0,0.0,0.0,1.0,0.0,0.0,1
PAIR-002357,0.0,1.0,1.0,0.0,0.0,0.0,1.0,1
PAIR-002358,0.0,0.0,0.0,0.0,0.0,0.0,0.0,1
PAIR-002359,0.0,0.0,0.0,1.0,0.0,0.0,0.0,1
PAIR-002360,0.0,0.0,0.0,1.0,0.0,0.0,0.0,1
PAIR-002361,0.0,0.0,0.0,1.0,1.0,0.0,0.0,1
PAIR-002362,1.0,0.0,0.0,0.0,1.0,0.0,0.0,1
PAIR-002363,0.0,1.0,1.0,0.0,0.0,0.0,1.0,1
PAIR-002364,0.0,0.0,0.0,0.0,0.0,0.0,0.0,1
PAIR-002365,0.0,0.0,0.0,1.0,0.0,0.0,0.0,1
PAIR-002366,0.0,0.0,0.0,1.0,0.0,0.0,0.0,1
PAIR-002367,0.0,0.0,0.0,1.0,1.0,0.0,0.0,1
PAIR-002368,1.0,0.0,0.0,0.0,1.0,0.0,0.0,1
PAIR-002369,0.0,1.0,1.0,0.0,0.0,0.0,1.0,1
PAIR-002370,0.0,0.0,0.0,0.0,0.0,0.0,0.0,1
PAIR-002371,0.0,0.0,0.0,1.0,0.0,0.0,0.0,1
PAIR-002372,0.0,0.0,0.0,1.0,0.0,0.0,0.0,1
PAIR-002373,0.0,0.0,0.0,1.0,1.0,0.0,0.0,1
PAIR-002374,1.0,0.0,0.0,0.0,1.0,0.0,0.0,1
PAIR-002375,0.0,1.0,1.0,0.0,0.0,0.0,1.0,1
PAIR-002376,0.0,0.0,0.0,0.0,0.0,0.0,0.0,1
PAIR-002377,0.0,0.0,0.0,1.0,0.0,0.0,0.0,1
PAIR-002378,0.0,0.0,0.0,1.0,0.0,0.0,0.0,1
PAIR-002379,0.0,0.0,0.0,1.0,1.0,0.0,0.0,1
PAIR-002380,0.0,0.0,0.0,0.0,1.0,0.0,0.0,1
PAIR-002381,0.0,1.0,1.0,0.0,0.0,0.0,1.0,1
PAIR-002382,0.0,0.0,0.0,0.0,0.0,0.0,0.0,1
PAIR-002383,0.0,0.0,0.0,1.0,0.0,0.0,0.0,1
PAIR-002384,0.0,0.0,0.0,1.0,0.0,0.0,0.0,1
PAIR-002385,0.0,0.0,0.0,1.0,1.0,0.0,0.0,1
PAIR-002386,1.0,0.0,0.0,0.0,1.0,0.0,1.0,1
PAIR-002387,0.0,1.0,1.0,0.0,0.0,0.0,1.0,1
PAIR-002388,0.0,0.0,0.0,0.0,0.0,0.0,0.0,1
PAIR-002389,0.0,0.0,0.0,1.0,0.0,0.0,1.0,1
PAIR-002390,0.0,0.0,0.0,1.0,0.0,0.0,0.0,1
PAIR-002391,0.0,0.0,0.0,1.0,1.0,0.0,0.0,1
PAIR-002392,1.0,0.0,0.0,0.0,1.0,0.0,1.0,1
PAIR-002393,0.0,1.0,1.0,0.0,0.0,0.0,1.0,1
PAIR-002394,0.0,0.0,0.0,0.0,0.0,0.0,0.0,1
PAIR-002395,0.0,0.0,0.0,1.0,0.0,0.0,1.0,1
PAIR-002396,0.0,0.0,0.0,1.0,0.0,0.0,0.0,1
PAIR-002397,0.0,0.0,0.0,1.0,1.0,0.0,0.0,1
PAIR-002398,1.0,0.0,0.0,0.0,1.0,0.0,0.0,1
PAIR-002399,0.0,1.0,1.0,0.0,0.0,0.0,1.0,1
PAIR-002400,0.0,0.0,0.0,0.0,0.0,0.0,0.0,1
PAIR-002401,0.0,0.0,0.0,1.0,0.0,0.0,0.0,1
PAIR-002402,0.0,0.0,0.0,1.0,0.0,0.0,0.0,1
PAIR-002403,0.0,0.0,0.0,1.0,1.0,0.0,0.0,1
PAIR-002404,1.0,0.0,0.0,0.0,1.0,0.0,0.0,1
PAIR-002405,0.0,1.0,1.0,0.0,0.0,0.0,1.0,1
PAIR-002406,0.0,0.0,0.0,0.0,0.0,0.0,0.0,1
PAIR-002407,0.0,0.0,0.0,1.0,0.0,0.0,0.0,1
PAIR-002408,0.0,0.0,0.0,1.0,0.0,0.0,0.0,1
PAIR-002409,0.0,0.0,0.0,1.0,1.0,0.0,0.0,1
PAIR-002410,1.0,0.0,0.0,0.0,1.0,0.0,0.0,1
PAIR-002411,0.0,1.0,1.0,0.0,0.0,0.0,1.0,1
PAIR-002412,0.0,0.0,0.0,0.0,0.0,0.0,0.0,1
PAIR-002413,0.0,0.0,0.0,1.0,0.0,0.0,0.0,1
PAIR-002414,0.0,0.0,0.0,1.0,0.0,0.0,0.0,1
PAIR-002415,0.0,0.0,0.0,1.0,1.0,0.0,0.0,1
PAIR-002416,1.0,0.0,0.0,0.0,1.0,0.0,1.0,1
PAIR-002417,0.0,1.0,1.0,0.0,0.0,0.0,1.0,1
PAIR-002418,0.0,0.0,0.0,0.0,0.0,0.0,0.0,1
PAIR-002419,0.0,0.0,0.0,1.0,0.0,0.0,1.0,1
PAIR-002420,0.0,0.0,0.0,1.0,0.0,0.0,0.0,1
PAIR-002421,0.0,0.0,0.0,1.0,1.0,0.0,0.0,1
PAIR-002422,1.0,0.0,0.0,0.0,1.0,0.0,0.0,1
PAIR-002423,0.0,1.0,1.0,0.0,0.0,0.0,1.0,1
PAIR-002424,0.0,0.0,0.0,0.0,0.0,0.0,0.0,1
PAIR-002425,0.0,0.0,0.0,1.0,0.0,0.0,0.0,1
PAIR-002426,0.0,0.0,0.0,1.0,0.0,0.0,0.0,1
PAIR-002427,0.0,0.0,0.0,1.0,1.0,0.0,0.0,1
PAIR-002428,1.0,0.0,0.0,0.0,1.0,0.0,0.0,1
PAIR-002429,0.0,1.0,1.0,0.0,0.0,0.0,1.0,1
PAIR-002430,0.0,0.0,0.0,0.0,0.0,0.0,0.0,1
PAIR-002431,0.0,0.0,0.0,1.0,0.0,0.0,0.0,1
PAIR-002432,0.0,0.0,0.0,1.0,0.0,0.0,0.0,1
PAIR-002433,0.0,0.0,0.0,1.0,1.0,0.0,0.0,1
PAIR-002434,1.0,0.0,0.0,0.0,1.0,0.0,0.0,1
PAIR-002435,0.0,1.0,1.0,0.0,0.0,0.0,1.0,1
PAIR-002436,0.0,0.0,0.0,0.0,0.0,0.0,0.0,1
PAIR-002437,0.0,0.0,0.0,1.0,0.0,0.0,0.0,1
PAIR-002438,0.0,0.0,0.0,1.0,0.0,0.0,0.0,1
PAIR-002439,0.0,0.0,0.0,1.0,1.0,0.0,0.0,1
PAIR-002440,1.0,0.0,0.0,0.0,1.0,0.0,0.0,1
PAIR-002441,0.0,1.0,1.0,0.0,0.0,0.0,1.0,1
PAIR-002442,0.0,0.0,0.0,0.0,0.0,0.0,0.0,1
PAIR-002443,0.0,0.0,0.0,1.0,0.0,0.0,0.0,1
PAIR-002444,0.0,0.0,0.0,1.0,0.0,0.0,0.0,1
PAIR-002445,0.0,0.0,0.0,1.0,1.0,0.0,0.0,1
PAIR-002446,1.0,0.0,0.0,0.0,1.0,0.0,0.0,1
PAIR-002447,0.0,1.0,1.0,0.0,0.0,0.0,1.0,1
PAIR-002448,0.0,0.0,0.0,0.0,0.0,0.0,0.0,1
PAIR-002449,0.0,0.0,0.0,1.0,0.0,0.0,0.0,1
PAIR-002450,0.0,0.0,0.0,1.0,0.0,0.0,0.0,1
PAIR-002451,0.0,0.0,0.0,1.0,1.0,0.0,0.0,1
PAIR-002452,1.0,0.0,0.0,0.0,1.0,0.0,0.0,1
PAIR-002453,0.0,1.0,1.0,0.0,0.0,0.0,1.0,1
PAIR-002454,0.0,0.0,0.0,0.0,0.0,0.0,0.0,1
PAIR-002455,0.0,0.0,0.0,1.0,0.0,0.0,0.0,1
PAIR-002456,0.0,0.0,0.0,1.0,0.0,0.0,0.0,1
PAIR-002457,0.0,0.0,0.0,1.0,1.0,0.0,0.0,1
PAIR-002458,1.0,0.0,0.0,0.0,1.0,0.0,1.0,1
PAIR-002459,0.0,1.0,1.0,0.0,0.0,0.0,1.0,1
PAIR-002460,0.0,0.0,0.0,0.0,0.0,0.0,0.0,1
PAIR-002461,0.0,0.0,0.0,1.0,0.0,0.0,1.0,1
PAIR-002462,0.0,0.0,0.0,1.0,0.0,0.0,0.0,1
PAIR-002463,0.0,0.0,0.0,1.0,1.0,0.0,0.0,1
PAIR-002464,1.0,0.0,0.0,0.0,1.0,0.0,0.0,1
PAIR-002465,0.0,1.0,1.0,0.0,0.0,0.0,1.0,1
PAIR-002466,0.0,0.0,0.0,0.0,0.0,0.0,0.0,1
PAIR-002467,0.0,0.0,0.0,1.0,0.0,0.0,0.0,1
PAIR-002468,0.0,0.0,0.0,1.0,0.0,0.0,0.0,1
PAIR-002469,0.0,0.0,0.0,1.0,1.0,0.0,0.0,1
PAIR-002470,1.0,0.0,0.0,0.0,1.0,0.0,0.0,1
PAIR-002471,0.0,1.0,1.0,0.0,0.0,0.0,1.0,1
PAIR-002472,0.0,0.0,0.0,0.0,0.0,0.0,0.0,1
PAIR-002473,0.0,0.0,0.0,1.0,0.0,0.0,0.0,1
PAIR-002474,0.0,0.0,0.0,1.0,0.0,0.0,0.0,1
PAIR-002475,0.0,0.0,0.0,1.0,1.0,0.0,0.0,1
PAIR-002476,1.0,0.0,0.0,0.0,1.0,0.0,0.0,1
PAIR-002477,0.0,1.0,1.0,0.0,0.0,0.0,1.0,1
PAIR-002478,0.0,0.0,0.0,0.0,0.0,0.0,0.0,1
PAIR-002479,0.0,0.0,0.0,1.0,0.0,0.0,0.0,1
PAIR-002480,0.0,0.0,0.0,1.0,0.0,0.0,0.0,1
PAIR-002481,0.0,0.0,0.0,1.0,1.0,0.0,0.0,1
PAIR-002482,1.0,0.0,0.0,0.0,1.0,0.0,0.0,1
PAIR-002483,0.0,1.0,1.0,0.0,0.0,0.0,1.0,1
PAIR-002484,0.0,0.0,0.0,0.0,0.0,0.0,0.0,1
PAIR-002485,0.0,0.0,0.0,1.0,0.0,0.0,0.0,1
PAIR-002486,0.0,0.0,0.0,1.0,0.0,0.0,0.0,1
PAIR-002487,0.0,0.0,0.0,1.0,1.0,0.0,0.0,1
PAIR-002488,1.0,0.0,0.0,0.0,1.0,0.0,1.0,1
PAIR-002489,0.0,0.0,1.0,0.0,0.0,0.0,1.0,1
PAIR-002490,0.0,0.0,0.0,0.0,0.0,0.0,0.0,1
PAIR-002491,0.0,0.0,0.0,1.0,0.0,0.0,1.0,1
PAIR-002492,0.0,0.0,0.0,1.0,0.0,0.0,0.0,1
PAIR-002493,0.0,0.0,0.0,1.0,1.0,0.0,0.0,1
PAIR-002494,1.0,0.0,0.0,0.0,1.0,0.0,0.0,1
PAIR-002495,0.0,1.0,1.0,0.0,0.0,0.0,1.0,1
PAIR-002496,0.0,0.0,0.0,0.0,0.0,0.0,0.0,1
PAIR-002497,0.0,0.0,0.0,1.0,0.0,0.0,0.0,1
PAIR-002498,0.0,0.0,0.0,1.0,0.0,0.0,0.0,1
PAIR-002499,0.0,0.0,0.0,1.0,1.0,0.0,0.0,1
PAIR-002500,1.0,0.0,0.0,0.0,1.0,0.0,0.0,1
PAIR-002501,0.0,1.0,1.0,0.0,0.0,0.0,1.0,1
PAIR-002502,0.0,0.0,0.0,0.0,0.0,0.0,0.0,1
PAIR-002503,0.0,0.0,0.0,1.0,0.0,0.0,0.0,1
PAIR-002504,0.0,0.0,0.0,1.0,0.0,0.0,0.0,1
PAIR-002505,0.0,0.0,0.0,1.0,1.0,0.0,0.0,1
PAIR-002506,1.0,0.0,0.0,0.0,1.0,0.0,0.0,1
PAIR-002507,0.0,1.0,1.0,0.0,0.0,0.0,1.0,1
PAIR-002508,0.0,0.0,0.0,0.0,0.0,0.0,0.0,1
PAIR-002509,0.0,0.0,0.0,1.0,0.0,0.0,0.0,1
PAIR-002510,0.0,0.0,0.0,1.0,0.0,0.0,0.0,1
PAIR-002511,0.0,0.0,0.0,1.0,1.0,0.0,0.0,1
PAIR-002512,1.0,0.0,0.0,0.0,1.0,0.0,0.0,1
PAIR-002513,0.0,1.0,1.0,0.0,0.0,0.0,1.0,1
PAIR-002514,0.0,0.0,0.0,0.0,0.0,0.0,0.0,1
PAIR-002515,0.0,0.0,0.0,1.0,0.0,0.0,0.0,1
PAIR-002516,0.0,0.0,0.0,1.0,0.0,0.0,0.0,1
PAIR-002517,0.0,0.0,0.0,1.0,1.0,0.0,0.0,1
PAIR-002518,1.0,0.0,0.0,0.0,1.0,0.0,0.0,1
PAIR-002519,0.0,1.0,1.0,0.0,0.0,0.0,1.0,1
PAIR-002520,0.0,0.0,0.0,0.0,0.0,0.0,0.0,1
PAIR-002521,0.0,0.0,0.0,1.0,0.0,0.0,0.0,1
PAIR-002522,0.0,0.0,0.0,1.0,0.0,0.0,0.0,1
PAIR-002523,0.0,0.0,0.0,1.0,1.0,0.0,0.0,1
PAIR-002524,1.0,0.0,0.0,0.0,1.0,0.0,0.0,1
PAIR-002525,0.0,1.0,1.0,0.0,0.0,0.0,1.0,1
PAIR-002526,0.0,0.0,0.0,0.0,0.0,0.0,0.0,1
PAIR-002527,0.0,0.0,0.0,1.0,0.0,0.0,0.0,1
PAIR-002528,0.0,0.0,0.0,1.0,0.0,0.0,0.0,1
PAIR-002529,0.0,0.0,0.0,1.0,1.0,0.0,0.0,1
PAIR-002530,1.0,0.0,0.0,0.0,1.0,0.0,1.0,1
PAIR-002531,0.0,1.0,1.0,0.0,0.0,0.0,1.0,1
PAIR-002532,0.0,0.0,0.0,0.0,0.0,0.0,0.0,1
PAIR-002533,0.0,0.0,0.0,1.0,0.0,0.0,1.0,1
PAIR-002534,0.0,0.0,0.0,1.0,0.0,0.0,0.0,1
PAIR-002535,0.0,0.0,0.0,1.0,1.0,0.0,0.0,1
PAIR-002536,1.0,0.0,0.0,0.0,1.0,0.0,0.0,1
PAIR-002537,0.0,1.0,1.0,0.0,0.0,0.0,1.0,1
PAIR-002538,0.0,0.0,0.0,0.0,0.0,0.0,0.0,1
PAIR-002539,0.0,0.0,0.0,1.0,0.0,0.0,0.0,1
PAIR-002540,0.0,0.0,0.0,1.0,0.0,0.0,0.0,1
PAIR-002541,0.0,0.0,0.0,1.0,1.0,0.0,0.0,1
PAIR-002542,1.0,0.0,0.0,0.0,1.0,0.0,1.0,1
PAIR-002543,0.0,1.0,1.0,0.0,0.0,0.0,1.0,1
PAIR-002544,0.0,0.0,0.0,0.0,0.0,0.0,0.0,1
PAIR-002545,0.0,0.0,0.0,1.0,0.0,0.0,1.0,1
PAIR-002546,0.0,0.0,0.0,1.0,0.0,0.0,0.0,1
PAIR-002547,0.0,0.0,0.0,1.0,1.0,0.0,0.0,1
PAIR-002548,1.0,0.0,0.0,0.0,1.0,0.0,0.0,1
PAIR-002549,0.0,1.0,1.0,0.0,0.0,0.0,1.0,1
PAIR-002550,0.0,0.0,0.0,0.0,0.0,0.0,0.0,1
PAIR-002551,0.0,0.0,0.0,1.0,0.0,0.0,0.0,1
PAIR-002552,0.0,0.0,0.0,1.0,0.0,0.0,0.0,1
PAIR-002553,0.0,0.0,0.0,1.0,1.0,0.0,0.0,1
PAIR-002554,1.0,0.0,0.0,0.0,1.0,0.0,0.0,1
PAIR-002555,0.0,1.0,1.0,0.0,0.0,0.0,1.0,1
PAIR-002556,0.0,0.0,0.0,0.0,0.0,0.0,0.0,1
PAIR-002557,0.0,0.0,0.0,1.0,0.0,0.0,0.0,1
PAIR-002558,0.0,0.0,0.0,1.0,0.0,0.0,0.0,1
PAIR-002559,0.0,0.0,0.0,1.0,1.0,0.0,0.0,1
PAIR-002560,1.0,0.0,0.0,0.0,1.0,0.0,0.0,1
PAIR-002561,0.0,1.0,1.0,0.0,0.0,0.0,1.0,1
PAIR-002562,0.0,0.0,0.0,0.0,0.0,0.0,0.0,1
PAIR-002563,0.0,0.0,0.0,1.0,0.0,0.0,0.0,1
PAIR-002564,0.0,0.0,0.0,1.0,0.0,0.0,0.0,1
PAIR-002565,0.0,0.0,0.0,1.0,1.0,0.0,0.0,1
PAIR-002566,1.0,0.0,0.0,0.0,1.0,0.0,1.0,1
PAIR-002567,0.0,1.0,1.0,0.0,0.0,0.0,1.0,1
PAIR-002568,0.0,0.0,0.0,0.0,0.0,0.0,0.0,1
PAIR-002569,0.0,0.0,0.0,1.0,0.0,0.0,1.0,1
PAIR-002570,0.0,0.0,0.0,1.0,0.0,0.0,0.0,1
PAIR-002571,0.0,0.0,0.0,1.0,1.0,0.0,0.0,1
PAIR-002572,1.0,0.0,0.0,0.0,1.0,0.0,1.0,1
PAIR-002573,0.0,1.0,1.0,0.0,0.0,0.0,1.0,1
PAIR-002574,0.0,0.0,0.0,0.0,0.0,0.0,0.0,1
PAIR-002575,0.0,0.0,0.0,1.0,0.0,0.0,1.0,1
PAIR-002576,0.0,0.0,0.0,1.0,0.0,0.0,0.0,1
PAIR-002577,0.0,0.0,0.0,1.0,1.0,0.0,0.0,1
PAIR-002578,1.0,0.0,0.0,0.0,1.0,0.0,0.0,1
PAIR-002579,0.0,1.0,1.0,0.0,0.0,0.0,1.0,1
PAIR-002580,0.0,0.0,0.0,0.0,0.0,0.0,0.0,1
PAIR-002581,0.0,0.0,0.0,1.0,0.0,0.0,0.0,1
PAIR-002582,0.0,0.0,0.0,1.0,0.0,0.0,0.0,1
PAIR-002583,0.0,0.0,0.0,1.0,1.0,0.0,0.0,1
PAIR-002584,1.0,0.0,0.0,0.0,1.0,0.0,0.0,1
PAIR-002585,0.0,1.0,1.0,0.0,0.0,0.0,1.0,1
PAIR-002586,0.0,0.0,0.0,0.0,0.0,0.0,0.0,1
PAIR-002587,0.0,0.0,0.0,1.0,0.0,0.0,0.0,1
PAIR-002588,0.0,0.0,0.0,1.0,0.0,0.0,0.0,1
PAIR-002589,0.0,0.0,0.0,1.0,1.0,0.0,0.0,1
PAIR-002590,1.0,0.0,0.0,0.0,1.0,0.0,1.0,1
PAIR-002591,0.0,1.0,1.0,0.0,0.0,0.0,1.0,1
PAIR-002592,0.0,0.0,0.0,0.0,0.0,0.0,0.0,1
PAIR-002593,0.0,0.0,0.0,1.0,0.0,0.0,1.0,1
PAIR-002594,0.0,0.0,0.0,1.0,0.0,0.0,0.0,1
PAIR-002595,0.0,0.0,0.0,1.0,1.0,0.0,0.0,1
PAIR-002596,1.0,0.0,0.0,0.0,1.0,0.0,0.0,1
PAIR-002597,0.0,1.0,1.0,0.0,0.0,0.0,1.0,1
PAIR-002598,0.0,0.0,0.0,0.0,0.0,0.0,0.0,1
PAIR-002599,0.0,0.0,0.0,1.0,0.0,0.0,0.0,1
PAIR-002600,0.0,0.0,0.0,1.0,0.0,0.0,0.0,1
PAIR-002601,0.0,0.0,0.0,1.0,1.0,0.0,0.0,1
PAIR-002602,1.0,0.0,0.0,0.0,1.0,0.0,0.0,1
PAIR-002603,0.0,1.0,1.0,0.0,0.0,0.0,1.0,1
PAIR-002604,0.0,0.0,0.0,0.0,0.0,0.0,0.0,1
PAIR-002605,0.0,0.0,0.0,1.0,0.0,0.0,0.0,1
PAIR-002606,0.0,0.0,0.0,1.0,0.0,0.0,0.0,1
PAIR-002607,0.0,0.0,0.0,1.0,1.0,0.0,0.0,1
PAIR-002608,1.0,0.0,0.0,0.0,1.0,0.0,0.0,1
PAIR-002609,0.0,1.0,1.0,0.0,0.0,0.0,1.0,1
PAIR-002610,0.0,0.0,0.0,0.0,0.0,0.0,0.0,1
PAIR-002611,0.0,0.0,0.0,1.0,0.0,0.0,0.0,1
PAIR-002612,0.0,0.0,0.0,1.0,0.0,0.0,0.0,1
PAIR-002613,0.0,0.0,0.0,1.0,1.0,0.0,0.0,1
PAIR-002614,1.0,0.0,0.0,0.0,1.0,0.0,0.0,1
PAIR-002615,0.0,1.0,1.0,0.0,0.0,0.0,1.0,1
PAIR-002616,0.0,0.0,0.0,0.0,0.0,0.0,0.0,1
PAIR-002617,0.0,0.0,0.0,1.0,0.0,0.0,0.0,1
PAIR-002618,0.0,0.0,0.0,1.0,0.0,0.0,0.0,1
PAIR-002619,0.0,0.0,0.0,1.0,1.0,0.0,0.0,1
PAIR-002620,1.0,0.0,0.0,0.0,1.0,0.0,1.0,1
PAIR-002621,0.0,1.0,1.0,0.0,0.0,0.0,1.0,1
PAIR-002622,0.0,0.0,0.0,0.0,0.0,0.0,0.0,1
PAIR-002623,0.0,0.0,0.0,1.0,0.0,0.0,1.0,1
PAIR-002624,0.0,0.0,0.0,1.0,0.0,0.0,0.0,1
PAIR-002625,0.0,0.0,0.0,1.0,1.0,0.0,0.0,1
PAIR-002626,1.0,0.0,0.0,0.0,1.0,0.0,0.0,1
PAIR-002627,0.0,1.0,1.0,0.0,0.0,0.0,1.0,1
PAIR-002628,0.0,0.0,0.0,0.0,0.0,0.0,0.0,1
PAIR-002629,0.0,0.0,0.0,1.0,0.0,0.0,0.0,1
PAIR-002630,0.0,0.0,0.0,1.0,0.0,0.0,0.0,1
PAIR-002631,0.0,0.0,0.0,1.0,1.0,0.0,0.0,1
PAIR-002632,1.0,0.0,0.0,0.0,1.0,0.0,1.0,1
PAIR-002633,0.0,1.0,1.0,0.0,0.0,0.0,1.0,1
PAIR-002634,0.0,0.0,0.0,0.0,0.0,0.0,0.0,1
PAIR-002635,0.0,0.0,0.0,1.0,0.0,0.0,1.0,1
PAIR-002636,0.0,0.0,0.0,1.0,0.0,0.0,0.0,1
PAIR-002637,0.0,0.0,0.0,1.0,1.0,0.0,0.0,1
PAIR-002638,1.0,0.0,0.0,0.0,1.0,0.0,0.0,1
PAIR-002639,0.0,1.0,1.0,0.0,0.0,0.0,1.0,1
PAIR-002640,0.0,0.0,0.0,0.0,0.0,0.0,0.0,1
PAIR-002641,0.0,0.0,0.0,1.0,0.0,0.0,0.0,1
PAIR-002642,0.0,0.0,0.0,1.0,0.0,0.0,0.0,1
PAIR-002643,0.0,0.0,0.0,1.0,1.0,0.0,0.0,1
PAIR-002644,1.0,0.0,0.0,0.0,1.0,0.0,1.0,1
PAIR-002645,0.0,1.0,1.0,0.0,0.0,0.0,1.0,1
PAIR-002646,0.0,0.0,0.0,0.0,0.0,0.0,0.0,1
PAIR-002647,0.0,0.0,0.0,1.0,0.0,0.0,1.0,1
PAIR-002648,0.0,0.0,0.0,1.0,0.0,0.0,0.0,1
PAIR-002649,0.0,0.0,0.0,1.0,1.0,0.0,0.0,1
PAIR-002650,0.0,1.0,1.0,0.0,0.0,0.0,1.0,1
PAIR-002651,0.0,0.0,0.0,0.0,0.0,0.0,0.0,1
PAIR-002652,0.0,0.0,0.0,1.0,1.0,0.0,0.0,1
PAIR-002653,1.0,0.0,0.0,0.0,1.0,0.0,1.0,1
PAIR-002654,0.0,1.0,1.0,0.0,0.0,0.0,1.0,1
PAIR-002655,0.0,0.0,0.0,0.0,0.0,0.0,0.0,1
PAIR-002656,0.0,0.0,0.0,1.0,0.0,0.0,1.0,1
PAIR-002657,0.0,0.0,0.0,1.0,0.0,0.0,0.0,1
PAIR-002658,0.0,0.0,0.0,1.0,1.0,0.0,0.0,1
PAIR-002659,1.0,0.0,0.0,0.0,1.0,0.0,0.0,1
PAIR-002660,0.0,1.0,1.0,0.0,0.0,0.0,1.0,1
PAIR-002661,0.0,0.0,0.0,0.0,0.0,0.0,0.0,1
PAIR-002662,0.0,0.0,0.0,1.0,0.0,0.0,0.0,1
PAIR-002663,0.0,0.0,0.0,1.0,0.0,0.0,0.0,1
PAIR-002664,0.0,0.0,0.0,1.0,1.0,0.0,0.0,1
PAIR-002665,1.0,0.0,0.0,0.0,1.0,0.0,0.0,1
PAIR-002666,0.0,1.0,1.0,0.0,0.0,0.0,1.0,1
PAIR-002667,0.0,0.0,0.0,0.0,0.0,0.0,0.0,1
PAIR-002668,0.0,0.0,0.0,1.0,0.0,0.0,0.0,1
PAIR-002669,0.0,0.0,0.0,1.0,0.0,0.0,0.0,1
PAIR-002670,0.0,0.0,0.0,1.0,1.0,0.0,0.0,1
PAIR-002671,1.0,0.0,0.0,0.0,1.0,0.0,0.0,1
PAIR-002672,0.0,1.0,1.0,0.0,0.0,0.0,1.0,1
PAIR-002673,0.0,0.0,0.0,0.0,0.0,0.0,0.0,1
PAIR-002674,0.0,0.0,0.0,1.0,0.0,0.0,0.0,1
PAIR-002675,0.0,0.0,0.0,1.0,0.0,0.0,0.0,1
PAIR-002676,0.0,0.0,0.0,1.0,1.0,0.0,0.0,1
PAIR-002677,1.0,0.0,0.0,0.0,1.0,0.0,0.0,1
PAIR-002678,0.0,1.0,1.0,0.0,0.0,0.0,1.0,1
PAIR-002679,0.0,0.0,0.0,0.0,0.0,0.0,0.0,1
PAIR-002680,0.0,0.0,0.0,1.0,0.0,0.0,0.0,1
PAIR-002681,0.0,0.0,0.0,1.0,0.0,0.0,0.0,1
PAIR-002682,0.0,0.0,0.0,1.0,1.0,0.0,0.0,1
PAIR-002683,1.0,0.0,0.0,0.0,1.0,0.0,0.0,1
PAIR-002684,0.0,1.0,1.0,0.0,0.0,0.0,1.0,1
PAIR-002685,0.0,0.0,0.0,0.0,0.0,0.0,0.0,1
PAIR-002686,0.0,0.0,0.0,1.0,0.0,0.0,0.0,1
PAIR-002687,0.0,0.0,0.0,1.0,0.0,0.0,0.0,1
PAIR-002688,0.0,0.0,0.0,1.0,1.0,0.0,0.0,1
PAIR-002689,1.0,0.0,0.0,0.0,1.0,0.0,0.0,1
PAIR-002690,0.0,1.0,1.0,0.0,0.0,0.0,1.0,1
PAIR-002691,0.0,0.0,0.0,0.0,0.0,0.0,0.0,1
PAIR-002692,0.0,0.0,0.0,1.0,0.0,0.0,0.0,1
PAIR-002693,0.0,0.0,0.0,1.0,0.0,0.0,0.0,1
PAIR-002694,0.0,0.0,0.0,1.0,1.0,0.0,0.0,1
PAIR-002695,1.0,0.0,0.0,0.0,1.0,0.0,0.0,1
PAIR-002696,0.0,1.0,1.0,0.0,0.0,0.0,1.0,1
PAIR-002697,0.0,0.0,0.0,0.0,0.0,0.0,0.0,1
PAIR-002698,0.0,0.0,0.0,1.0,0.0,0.0,0.0,1
PAIR-002699,0.0,0.0,0.0,1.0,0.0,0.0,0.0,1
PAIR-002700,0.0,0.0,0.0,1.0,1.0,0.0,0.0,1
PAIR-002701,1.0,0.0,0.0,0.0,1.0,0.0,1.0,1
PAIR-002702,0.0,1.0,0.0,0.0,0.0,0.0,1.0,1
PAIR-002703,0.0,0.0,0.0,0.0,0.0,0.0,0.0,1
PAIR-002704,0.0,0.0,0.0,1.0,0.0,0.0,1.0,1
PAIR-002705,0.0,0.0,0.0,1.0,0.0,0.0,0.0,1
PAIR-002706,0.0,0.0,0.0,1.0,1.0,0.0,0.0,1
PAIR-002707,1.0,0.0,0.0,0.0,1.0,0.0,0.0,1
PAIR-002708,0.0,1.0,1.0,0.0,0.0,0.0,1.0,1
PAIR-002709,0.0,0.0,0.0,0.0,0.0,0.0,0.0,1
PAIR-002710,0.0,0.0,0.0,1.0,0.0,0.0,0.0,1
PAIR-002711,0.0,0.0,0.0,1.0,0.0,0.0,0.0,1
PAIR-002712,0.0,0.0,0.0,1.0,1.0,0.0,0.0,1
PAIR-002713,1.0,0.0,0.0,0.0,1.0,0.0,0.0,1
PAIR-002714,0.0,1.0,1.0,0.0,0.0,0.0,1.0,1
PAIR-002715,0.0,0.0,0.0,0.0,0.0,0.0,0.0,1
PAIR-002716,0.0,0.0,0.0,1.0,0.0,0.0,0.0,1
PAIR-002717,0.0,0.0,0.0,1.0,0.0,0.0,0.0,1
PAIR-002718,0.0,0.0,0.0,1.0,1.0,0.0,0.0,1
PAIR-002719,1.0,0.0,0.0,0.0,1.0,0.0,0.0,1
PAIR-002720,0.0,1.0,1.0,0.0,0.0,0.0,1.0,1
PAIR-002721,0.0,0.0,0.0,0.0,0.0,0.0,0.0,1
PAIR-002722,0.0,0.0,0.0,1.0,0.0,0.0,0.0,1
PAIR-002723,0.0,0.0,0.0,1.0,0.0,0.0,0.0,1
PAIR-002724,0.0,0.0,0.0,1.0,1.0,0.0,0.0,1
PAIR-002725,1.0,0.0,0.0,0.0,1.0,0.0,0.0,1
PAIR-002726,0.0,1.0,1.0,0.0,0.0,0.0,1.0,1
PAIR-002727,0.0,0.0,0.0,0.0,0.0,0.0,0.0,1
PAIR-002728,0.0,0.0,0.0,1.0,0.0,0.0,0.0,1
PAIR-002729,0.0,0.0,0.0,1.0,0.0,0.0,0.0,1
PAIR-002730,0.0,0.0,0.0,1.0,1.0,0.0,0.0,1
PAIR-002731,1.0,0.0,0.0,0.0,1.0,0.0,0.0,1
PAIR-002732,0.0,1.0,1.0,0.0,0.0,0.0,1.0,1
PAIR-002733,0.0,0.0,0.0,0.0,0.0,0.0,0.0,1
PAIR-002734,0.0,0.0,0.0,1.0,0.0,0.0,0.0,1
PAIR-002735,0.0,0.0,0.0,1.0,0.0,0.0,0.0,1
PAIR-002736,0.0,0.0,0.0,1.0,1.0,0.0,0.0,1
PAIR-002737,1.0,0.0,0.0,0.0,1.0,0.0,1.0,1
PAIR-002738,0.0,1.0,1.0,0.0,0.0,0.0,1.0,1
PAIR-002739,0.0,0.0,0.0,0.0,0.0,0.0,0.0,1
PAIR-002740,0.0,0.0,0.0,1.0,0.0,0.0,1.0,1
PAIR-002741,0.0,0.0,0.0,1.0,0.0,0.0,0.0,1
PAIR-002742,0.0,0.0,0.0,1.0,1.0,0.0,0.0,1
PAIR-002743,1.0,0.0,0.0,0.0,1.0,0.0,0.0,1
PAIR-002744,0.0,1.0,1.0,0.0,0.0,0.0,1.0,1
PAIR-002745,0.0,0.0,0.0,0.0,0.0,0.0,0.0,1
PAIR-002746,0.0,0.0,0.0,1.0,0.0,0.0,0.0,1
PAIR-002747,0.0,0.0,0.0,1.0,0.0,0.0,0.0,1
PAIR-002748,0.0,0.0,0.0,1.0,1.0,0.0,0.0,1
PAIR-002749,1.0,0.0,0.0,0.0,1.0,0.0,0.0,1
PAIR-002750,0.0,1.0,1.0,0.0,0.0,0.0,1.0,1
PAIR-002751,0.0,0.0,0.0,0.0,0.0,0.0,0.0,1
PAIR-002752,0.0,0.0,0.0,1.0,0.0,0.0,0.0,1
PAIR-002753,0.0,0.0,0.0,1.0,0.0,0.0,0.0,1
PAIR-002754,0.0,0.0,0.0,1.0,1.0,0.0,0.0,1
PAIR-002755,1.0,0.0,0.0,0.0,1.0,0.0,0.0,1
PAIR-002756,0.0,1.0,1.0,0.0,0.0,0.0,1.0,1
PAIR-002757,0.0,0.0,0.0,0.0,0.0,0.0,0.0,1
PAIR-002758,0.0,0.0,0.0,1.0,0.0,0.0,0.0,1
PAIR-002759,0.0,0.0,0.0,1.0,0.0,0.0,0.0,1
PAIR-002760,0.0,0.0,0.0,1.0,1.0,0.0,0.0,1
PAIR-002761,1.0,0.0,0.0,0.0,1.0,0.0,1.0,1
PAIR-002762,0.0,1.0,1.0,0.0,0.0,0.0,1.0,1
PAIR-002763,0.0,0.0,0.0,0.0,0.0,0.0,0.0,1
PAIR-002764,0.0,0.0,0.0,1.0,0.0,0.0,1.0,1
PAIR-002765,0.0,0.0,0.0,1.0,0.0,0.0,0.0,1
PAIR-002766,0.0,0.0,0.0,1.0,1.0,0.0,0.0,1
PAIR-002767,1.0,0.0,0.0,0.0,1.0,0.0,0.0,1
PAIR-002768,0.0,1.0,1.0,0.0,0.0,0.0,1.0,1
PAIR-002769,0.0,0.0,0.0,0.0,0.0,0.0,0.0,1
PAIR-002770,0.0,0.0,0.0,1.0,0.0,0.0,0.0,1
PAIR-002771,0.0,0.0,0.0,1.0,0.0,0.0,0.0,1
PAIR-002772,0.0,0.0,0.0,1.0,1.0,0.0,0.0,1
PAIR-002773,1.0,0.0,0.0,0.0,1.0,0.0,0.0,1
PAIR-002774,0.0,1.0,1.0,0.0,0.0,0.0,1.0,1
PAIR-002775,0.0,0.0,0.0,0.0,0.0,0.0,0.0,1
PAIR-002776,0.0,0.0,0.0,1.0,0.0,0.0,0.0,1
PAIR-002777,0.0,0.0,0.0,1.0,0.0,0.0,0.0,1
PAIR-002778,0.0,0.0,0.0,1.0,1.0,0.0,0.0,1
PAIR-002779,1.0,0.0,0.0,0.0,1.0,0.0,0.0,1
PAIR-002780,0.0,1.0,1.0,0.0,0.0,0.0,1.0,1
PAIR-002781,0.0,0.0,0.0,0.0,0.0,0.0,0.0,1
PAIR-002782,0.0,0.0,0.0,1.0,0.0,0.0,0.0,1
PAIR-002783,0.0,0.0,0.0,1.0,0.0,0.0,0.0,1
PAIR-002784,0.0,0.0,0.0,1.0,1.0,0.0,0.0,1
PAIR-002785,1.0,0.0,0.0,0.0,1.0,0.0,1.0,1
PAIR-002786,0.0,1.0,1.0,0.0,0.0,0.0,1.0,1
PAIR-002787,0.0,0.0,0.0,0.0,0.0,0.0,0.0,1
PAIR-002788,0.0,0.0,0.0,1.0,0.0,0.0,1.0,1
PAIR-002789,0.0,0.0,0.0,1.0,0.0,0.0,0.0,1
PAIR-002790,0.0,0.0,0.0,1.0,1.0,0.0,0.0,1
PAIR-002791,1.0,0.0,0.0,0.0,1.0,0.0,1.0,1
PAIR-002792,0.0,1.0,1.0,0.0,0.0,0.0,1.0,1
PAIR-002793,0.0,0.0,0.0,0.0,0.0,0.0,0.0,1
PAIR-002794,0.0,0.0,0.0,1.0,0.0,0.0,1.0,1
PAIR-002795,0.0,0.0,0.0,1.0,0.0,0.0,0.0,1
PAIR-002796,0.0,0.0,0.0,1.0,1.0,0.0,0.0,1
PAIR-002797,1.0,0.0,0.0,0.0,1.0,0.0,0.0,1
PAIR-002798,0.0,1.0,1.0,0.0,0.0,0.0,1.0,1
PAIR-002799,0.0,0.0,0.0,0.0,0.0,0.0,0.0,1
PAIR-002800,0.0,0.0,0.0,1.0,0.0,0.0,0.0,1
PAIR-002801,0.0,0.0,0.0,1.0,0.0,0.0,0.0,1
PAIR-002802,0.0,0.0,0.0,1.0,1.0,0.0,0.0,1
PAIR-002803,1.0,0.0,0.0,0.0,1.0,0.0,0.0,1
PAIR-002804,0.0,1.0,1.0,0.0,0.0,0.0,1.0,1
PAIR-002805,0.0,0.0,0.0,0.0,0.0,0.0,0.0,1
PAIR-002806,0.0,0.0,0.0,1.0,0.0,0.0,0.0,1
PAIR-002807,0.0,0.0,0.0,1.0,0.0,0.0,0.0,1
PAIR-002808,0.0,0.0,0.0,1.0,1.0,0.0,0.0,1
PAIR-002809,1.0,0.0,0.0,0.0,1.0,0.0,0.0,1
PAIR-002810,0.0,1.0,1.0,0.0,0.0,0.0,1.0,1
PAIR-002811,0.0,0.0,0.0,0.0,0.0,0.0,0.0,1
PAIR-002812,0.0,0.0,0.0,1.0,0.0,0.0,0.0,1
PAIR-002813,0.0,0.0,0.0,1.0,0.0,0.0,0.0,1
PAIR-002814,0.0,0.0,0.0,1.0,1.0,0.0,0.0,1
PAIR-002815,1.0,0.0,0.0,0.0,1.0,0.0,0.0,1
PAIR-002816,0.0,1.0,1.0,0.0,0.0,0.0,1.0,1
PAIR-002817,0.0,0.0,0.0,0.0,0.0,0.0,0.0,1
PAIR-002818,0.0,0.0,0.0,1.0,0.0,0.0,0.0,1
PAIR-002819,0.0,0.0,0.0,1.0,0.0,0.0,0.0,1
PAIR-002820,0.0,0.0,0.0,1.0,1.0,0.0,0.0,1
PAIR-002821,1.0,0.0,0.0,0.0,1.0,0.0,0.0,1
PAIR-002822,0.0,1.0,1.0,0.0,0.0,0.0,1.0,1
PAIR-002823,0.0,0.0,0.0,0.0,0.0,0.0,0.0,1
PAIR-002824,0.0,0.0,0.0,1.0,0.0,0.0,0.0,1
PAIR-002825,0.0,0.0,0.0,1.0,0.0,0.0,0.0,1
PAIR-002826,0.0,0.0,0.0,1.0,1.0,0.0,0.0,1
PAIR-002827,1.0,0.0,0.0,0.0,1.0,0.0,0.0,1
PAIR-002828,0.0,1.0,1.0,0.0,0.0,0.0,1.0,1
PAIR-002829,0.0,0.0,0.0,0.0,0.0,0.0,0.0,1
PAIR-002830,0.0,0.0,0.0,1.0,0.0,0.0,0.0,1
PAIR-002831,0.0,0.0,0.0,1.0,0.0,0.0,0.0,1
PAIR-002832,0.0,0.0,0.0,1.0,1.0,0.0,0.0,1
PAIR-002833,1.0,0.0,0.0,0.0,1.0,0.0,0.0,1
PAIR-002834,0.0,1.0,1.0,0.0,0.0,0.0,1.0,1
PAIR-002835,0.0,0.0,0.0,0.0,0.0,0.0,0.0,1
PAIR-002836,0.0,0.0,0.0,1.0,0.0,0.0,0.0,1
PAIR-002837,0.0,0.0,0.0,1.0,0.0,0.0,0.0,1
PAIR-002838,0.0,0.0,0.0,1.0,1.0,0.0,0.0,1
PAIR-002839,1.0,0.0,0.0,0.0,1.0,0.0,1.0,1
PAIR-002840,0.0,1.0,1.0,0.0,0.0,0.0,1.0,1
PAIR-002841,0.0,0.0,0.0,0.0,0.0,0.0,0.0,1
PAIR-002842,0.0,0.0,0.0,1.0,0.0,0.0,1.0,1
PAIR-002843,0.0,0.0,0.0,1.0,0.0,0.0,0.0,1
PAIR-002844,0.0,0.0,0.0,1.0,1.0,0.0,0.0,1
PAIR-002845,1.0,0.0,0.0,0.0,1.0,0.0,0.0,1
PAIR-002846,0.0,1.0,1.0,0.0,0.0,0.0,1.0,1
PAIR-002847,0.0,0.0,0.0,0.0,0.0,0.0,0.0,1
PAIR-002848,0.0,0.0,0.0,1.0,0.0,0.0,0.0,1
PAIR-002849,0.0,0.0,0.0,1.0,0.0,0.0,0.0,1
PAIR-002850,0.0,0.0,0.0,1.0,1.0,0.0,0.0,1
PAIR-002851,1.0,0.0,0.0,0.0,1.0,0.0,0.0,1
PAIR-002852,0.0,1.0,1.0,0.0,0.0,0.0,1.0,1
PAIR-002853,0.0,0.0,0.0,0.0,0.0,0.0,0.0,1
PAIR-002854,0.0,0.0,0.0,1.0,0.0,0.0,0.0,1
PAIR-002855,0.0,0.0,0.0,1.0,0.0,0.0,0.0,1
PAIR-002856,0.0,0.0,0.0,1.0,1.0,0.0,0.0,1
PAIR-002857,1.0,0.0,0.0,0.0,1.0,0.0,0.0,1
PAIR-002858,0.0,1.0,1.0,0.0,0.0,0.0,1.0,1
PAIR-002859,0.0,0.0,0.0,0.0,0.0,0.0,0.0,1
PAIR-002860,0.0,0.0,0.0,1.0,0.0,0.0,0.0,1
PAIR-002861,0.0,0.0,0.0,1.0,0.0,0.0,0.0,1
PAIR-002862,0.0,0.0,0.0,1.0,1.0,0.0,0.0,1
PAIR-002863,1.0,0.0,0.0,0.0,1.0,0.0,1.0,1
PAIR-002864,0.0,1.0,1.0,0.0,0.0,0.0,1.0,1
PAIR-002865,0.0,0.0,0.0,0.0,0.0,0.0,0.0,1
PAIR-002866,0.0,0.0,0.0,1.0,0.0,0.0,1.0,1
PAIR-002867,0.0,0.0,0.0,1.0,0.0,0.0,0.0,1
PAIR-002868,0.0,0.0,0.0,1.0,1.0,0.0,0.0,1
PAIR-002869,1.0,0.0,0.0,0.0,1.0,0.0,0.0,1
PAIR-002870,0.0,1.0,1.0,0.0,0.0,0.0,1.0,1
PAIR-002871,0.0,0.0,0.0,0.0,0.0,0.0,0.0,1
PAIR-002872,0.0,0.0,0.0,1.0,0.0,0.0,0.0,1
PAIR-002873,0.0,0.0,0.0,1.0,0.0,0.0,0.0,1
PAIR-002874,0.0,0.0,0.0,1.0,1.0,0.0,0.0,1
PAIR-002875,1.0,0.0,0.0,0.0,1.0,0.0,0.0,1
PAIR-002876,0.0,1.0,1.0,0.0,0.0,0.0,1.0,1
PAIR-002877,0.0,0.0,0.0,0.0,0.0,0.0,0.0,1
PAIR-002878,0.0,0.0,0.0,1.0,0.0,0.0,0.0,1
PAIR-002879,0.0,0.0,0.0,1.0,0.0,0.0,0.0,1
PAIR-002880,0.0,0.0,0.0,1.0,1.0,0.0,0.0,1
PAIR-002881,1.0,0.0,0.0,0.0,1.0,0.0,0.0,1
PAIR-002882,0.0,1.0,1.0,0.0,0.0,0.0,1.0,1
PAIR-002883,0.0,0.0,0.0,0.0,0.0,0.0,0.0,1
PAIR-002884,0.0,0.0,0.0,1.0,0.0,0.0,0.0,1
PAIR-002885,0.0,0.0,0.0,1.0,0.0,0.0,0.0,1
PAIR-002886,0.0,0.0,0.0,1.0,1.0,0.0,0.0,1
PAIR-002887,1.0,0.0,0.0,0.0,1.0,0.0,0.0,1
PAIR-002888,0.0,1.0,1.0,0.0,0.0,0.0,1.0,1
PAIR-002889,0.0,0.0,0.0,0.0,0.0,0.0,0.0,1
PAIR-002890,0.0,0.0,0.0,1.0,0.0,0.0,0.0,1
PAIR-002891,0.0,0.0,0.0,1.0,0.0,0.0,0.0,1
PAIR-002892,0.0,0.0,0.0,1.0,1.0,0.0,0.0,1
PAIR-002893,1.0,0.0,0.0,0.0,1.0,0.0,0.0,1
PAIR-002894,0.0,1.0,1.0,0.0,0.0,0.0,1.0,1
PAIR-002895,0.0,0.0,0.0,0.0,0.0,0.0,0.0,1
PAIR-002896,0.0,0.0,0.0,1.0,0.0,0.0,0.0,1
PAIR-002897,0.0,0.0,0.0,1.0,0.0,0.0,0.0,1
PAIR-002898,0.0,0.0,0.0,1.0,1.0,0.0,0.0,1
PAIR-002899,1.0,0.0,0.0,0.0,1.0,0.0,0.0,1
PAIR-002900,0.0,1.0,1.0,0.0,0.0,0.0,1.0,1
PAIR-002901,0.0,0.0,0.0,0.0,0.0,0.0,0.0,1
PAIR-002902,0.0,0.0,0.0,1.0,0.0,0.0,0.0,1
PAIR-002903,0.0,0.0,0.0,1.0,0.0,0.0,0.0,1
PAIR-002904,0.0,0.0,0.0,1.0,1.0,0.0,0.0,1
PAIR-002905,1.0,0.0,0.0,0.0,1.0,0.0,0.0,1
PAIR-002906,0.0,1.0,1.0,0.0,0.0,0.0,1.0,1
PAIR-002907,0.0,0.0,0.0,0.0,0.0,0.0,0.0,1
PAIR-002908,0.0,0.0,0.0,1.0,0.0,0.0,0.0,1
PAIR-002909,0.0,0.0,0.0,1.0,0.0,0.0,0.0,1
PAIR-002910,0.0,0.0,0.0,1.0,1.0,0.0,0.0,1
PAIR-002911,1.0,0.0,0.0,0.0,1.0,0.0,1.0,1
PAIR-002912,0.0,1.0,1.0,0.0,0.0,0.0,1.0,1
PAIR-002913,0.0,0.0,0.0,0.0,0.0,0.0,0.0,1
PAIR-002914,0.0,0.0,0.0,1.0,0.0,0.0,1.0,1
PAIR-002915,0.0,0.0,0.0,1.0,0.0,0.0,0.0,1
PAIR-002916,0.0,0.0,0.0,1.0,1.0,0.0,0.0,1
PAIR-002917,1.0,0.0,0.0,0.0,1.0,0.0,1.0,1
PAIR-002918,0.0,1.0,1.0,0.0,0.0,0.0,1.0,1
PAIR-002919,0.0,0.0,0.0,0.0,0.0,0.0,0.0,1
PAIR-002920,0.0,0.0,0.0,1.0,0.0,0.0,1.0,1
PAIR-002921,0.0,0.0,0.0,1.0,0.0,0.0,0.0,1
PAIR-002922,0.0,0.0,0.0,1.0,1.0,0.0,0.0,1
PAIR-002923,1.0,0.0,0.0,0.0,1.0,0.0,0.0,1
PAIR-002924,0.0,1.0,1.0,0.0,0.0,0.0,1.0,1
PAIR-002925,0.0,0.0,0.0,0.0,0.0,0.0,0.0,1
PAIR-002926,0.0,0.0,0.0,1.0,0.0,0.0,0.0,1
PAIR-002927,0.0,0.0,0.0,1.0,0.0,0.0,0.0,1
PAIR-002928,0.0,0.0,0.0,1.0,1.0,0.0,0.0,1
PAIR-002929,1.0,0.0,0.0,0.0,1.0,0.0,0.0,1
PAIR-002930,0.0,1.0,1.0,0.0,0.0,0.0,1.0,1
PAIR-002931,0.0,0.0,0.0,0.0,0.0,0.0,0.0,1
PAIR-002932,0.0,0.0,0.0,1.0,0.0,0.0,0.0,1
PAIR-002933,0.0,0.0,0.0,1.0,0.0,0.0,0.0,1
PAIR-002934,0.0,0.0,0.0,1.0,1.0,0.0,0.0,1
PAIR-002935,1.0,0.0,0.0,0.0,1.0,0.0,1.0,1
PAIR-002936,0.0,1.0,1.0,0.0,0.0,0.0,1.0,1
PAIR-002937,0.0,0.0,0.0,0.0,0.0,0.0,0.0,1
PAIR-002938,0.0,0.0,0.0,1.0,0.0,0.0,1.0,1
PAIR-002939,0.0,0.0,0.0,1.0,0.0,0.0,0.0,1
PAIR-002940,0.0,0.0,0.0,1.0,1.0,0.0,0.0,1
PAIR-002941,1.0,0.0,0.0,0.0,1.0,0.0,0.0,1
PAIR-002942,0.0,1.0,1.0,0.0,0.0,0.0,1.0,1
PAIR-002943,0.0,0.0,0.0,0.0,0.0,0.0,0.0,1
PAIR-002944,0.0,0.0,0.0,1.0,0.0,0.0,0.0,1
PAIR-002945,0.0,0.0,0.0,1.0,0.0,0.0,0.0,1
PAIR-002946,0.0,0.0,0.0,1.0,1.0,0.0,0.0,1
PAIR-002947,1.0,0.0,0.0,0.0,1.0,0.0,1.0,1
PAIR-002948,0.0,1.0,1.0,0.0,0.0,0.0,1.0,1
PAIR-002949,0.0,0.0,0.0,0.0,0.0,0.0,0.0,1
PAIR-002950,0.0,0.0,0.0,1.0,0.0,0.0,1.0,1
PAIR-002951,0.0,0.0,0.0,1.0,0.0,0.0,0.0,1
PAIR-002952,0.0,0.0,0.0,1.0,1.0,0.0,0.0,1
PAIR-002953,1.0,0.0,0.0,0.0,1.0,0.0,0.0,1
PAIR-002954,0.0,1.0,1.0,0.0,0.0,0.0,1.0,1
PAIR-002955,0.0,0.0,0.0,0.0,0.0,0.0,0.0,1
PAIR-002956,0.0,0.0,0.0,1.0,0.0,0.0,0.0,1
PAIR-002957,0.0,0.0,0.0,1.0,0.0,0.0,0.0,1
PAIR-002958,0.0,0.0,0.0,1.0,1.0,0.0,0.0,1
PAIR-002959,1.0,0.0,0.0,0.0,1.0,0.0,0.0,1
PAIR-002960,0.0,1.0,1.0,0.0,0.0,0.0,1.0,1
PAIR-002961,0.0,0.0,0.0,0.0,0.0,0.0,0.0,1
PAIR-002962,0.0,0.0,0.0,1.0,0.0,0.0,0.0,1
PAIR-002963,0.0,0.0,0.0,1.0,0.0,0.0,0.0,1
PAIR-002964,0.0,0.0,0.0,1.0,1.0,0.0,0.0,1
PAIR-002965,1.0,0.0,0.0,0.0,1.0,0.0,0.0,1
PAIR-002966,0.0,1.0,1.0,0.0,0.0,0.0,1.0,1
PAIR-002967,0.0,0.0,0.0,0.0,0.0,0.0,0.0,1
PAIR-002968,0.0,0.0,0.0,1.0,0.0,0.0,0.0,1
PAIR-002969,0.0,0.0,0.0,1.0,0.0,0.0,0.0,1
PAIR-002970,0.0,0.0,0.0,1.0,1.0,0.0,0.0,1
PAIR-002971,1.0,0.0,0.0,0.0,1.0,0.0,1.0,1
PAIR-002972,0.0,1.0,1.0,0.0,0.0,0.0,1.0,1
PAIR-002973,0.0,0.0,0.0,0.0,0.0,0.0,0.0,1
PAIR-002974,0.0,0.0,0.0,1.0,0.0,0.0,1.0,1
PAIR-002975,0.0,0.0,0.0,1.0,0.0,0.0,0.0,1
PAIR-002976,0.0,0.0,0.0,1.0,1.0,0.0,0.0,1
PAIR-002977,1.0,0.0,0.0,0.0,1.0,0.0,0.0,1
PAIR-002978,0.0,1.0,1.0,0.0,0.0,0.0,0.0,1
PAIR-002979,0.0,0.0,0.0,0.0,0.0,0.0,0.0,1
PAIR-002980,0.0,0.0,0.0,1.0,0.0,0.0,0.0,1
PAIR-002981,0.0,0.0,0.0,1.0,0.0,0.0,0.0,1
PAIR-002982,0.0,0.0,0.0,1.0,1.0,0.0,1.0,1
PAIR-100001,0.0,0.0,0.0,0.0,0.0,0.0,0.0,0
PAIR-100002,0.9333333333333333,0.0,0.0,0.0,0.0,1.1000000000000014,0.0,0
PAIR-100003,0.0,0.0,0.0,0.0,0.0,0.0,0.0,0
PAIR-100004,0.9833333333333333,0.0,0.0,0.0,0.0,4.6000000000000005,0.0,0
PAIR-100005,0.0,0.0,0.0,0.0,0.0,0.0,0.0,0
PAIR-100006,0.0,0.0,0.0,0.0,0.0,0.0,0.0,0
PAIR-100007,0.0,0.5539682539682539,0.6237373737373737,0.0,0.0,5.6000000000000005,0.0,0
PAIR-100008,0.0,0.0,0.0,1.0,0.0,0.0,0.0,0
PAIR-100009,0.0,1.0,0.6596459096459096,0.0,0.0,0.7999999999999998,1.0,0
PAIR-100010,0.0,0.7328579916815211,0.7134920634920635,0.0,0.0,4.800000000000001,0.0,0
PAIR-100011,0.0,0.529040404040404,0.6794871794871794,0.0,0.0,6.1,1.0,0
PAIR-100012,0.0,0.37121212121212127,0.7162393162393162,0.0,0.0,5.1,0.0,0
PAIR-100013,0.0,0.6024531024531025,0.5292929292929293,0.0,0.0,5.200000000000001,0.0,0
PAIR-100014,0.0,0.0,0.0,1.0,1.0,0.0,0.0,0
PAIR-100015,0.0,0.0,0.0,1.0,1.0,0.0,0.0,0
PAIR-100016,0.9136363636363637,0.0,0.0,0.0,0.0,3.1999999999999997,1.0,0
PAIR-100017,0.0,0.6064705882352942,0.4472527472527473,0.0,0.0,2.5999999999999996,0.0,0
PAIR-100018,0.0,0.4688725490196079,0.513919413919414,0.0,0.0,9.8,1.0,0
PAIR-100019,0.0,1.0,0.6120268620268621,0.0,0.0,2.9000000000000004,0.0,0
PAIR-100020,0.0,0.0,0.0,1.0,0.0,0.0,0.0,0
PAIR-100021,0.0,0.0,0.0,0.0,0.0,0.0,0.0,0
PAIR-100022,0.9136363636363637,0.0,0.0,0.0,0.0,1.8999999999999986,0.0,0
PAIR-100023,0.0,0.0,0.0,1.0,1.0,0.0,0.0,0
PAIR-100024,0.0,0.0,0.0,1.0,0.0,0.0,0.0,0
PAIR-100025,0.9,0.0,0.0,0.0,0.0,3.0999999999999996,0.0,0
PAIR-100026,0.0,0.0,0.0,1.0,0.0,7.0,0.0,0
PAIR-100027,0.0,0.0,0.0,1.0,0.0,0.0,0.0,0
PAIR-100028,0.0,0.5714285714285715,0.49567099567099565,0.0,0.0,5.7,1.0,0
PAIR-100029,0.0,0.0,0.0,1.0,1.0,0.0,0.0,0
PAIR-100030,0.0,1.0,0.5897435897435898,0.0,0.0,2.9000000000000004,0.0,0
PAIR-100031,0.0,0.0,0.0,1.0,1.0,0.0,0.0,0
PAIR-100032,0.0,0.0,0.0,1.0,0.0,0.0,0.0,0
PAIR-100033,0.0,0.0,0.0,0.0,0.0,0.0,0.0,0
PAIR-100034,0.9136363636363637,0.0,0.0,0.0,0.0,8.1,0.0,0
PAIR-100035,0.0,0.0,0.0,1.0,1.0,0.0,0.0,0
PAIR-100036,0.0,0.0,0.0,1.0,1.0,0.0,0.0,0
PAIR-100037,0.0,0.0,0.0,1.0,1.0,0.0,0.0,0
PAIR-100038,0.0,0.0,0.0,0.0,0.0,0.0,0.0,0
PAIR-100039,0.0,0.0,0.0,1.0,1.0,0.0,0.0,0
PAIR-100040,0.0,0.0,0.0,1.0,0.0,7.300000000000001,0.0,0
PAIR-100041,0.0,0.0,0.0,0.0,0.0,0.0,0.0,0
PAIR-100042,0.0,0.0,0.0,1.0,1.0,0.0,0.0,0
PAIR-100043,0.0,0.0,0.0,0.0,0.0,0.0,0.0,0
PAIR-100044,0.9484848484848484,0.0,0.0,0.0,0.0,0.0,0.0,0
PAIR-100045,0.0,0.0,0.0,1.0,0.0,0.0,0.0,0
PAIR-100046,0.0,0.0,0.0,0.0,0.0,0.0,0.0,0
PAIR-100047,0.9333333333333333,0.0,0.0,0.0,0.0,1.4000000000000004,0.0,0
PAIR-100048,0.0,0.7181372549019608,0.4452214452214452,0.0,0.0,2.0999999999999996,0.0,0
PAIR-100049,0.9136363636363637,0.0,0.0,0.0,0.0,3.5,1.0,0
PAIR-100050,0.0,0.0,0.0,0.0,0.0,0.0,0.0,0
PAIR-100051,0.0,0.0,0.0,1.0,0.0,0.0,0.0,0
PAIR-100052,0.0,0.0,0.0,1.0,0.0,5.200000000000001,0.0,0
PAIR-100053,0.0,0.0,0.0,0.0,0.0,0.0,0.0,0
PAIR-100054,0.0,0.0,0.0,1.0,0.0,0.0,0.0,0
PAIR-100055,0.0,0.0,0.0,1.0,0.0,10.799999999999999,0.0,0
PAIR-100056,0.0,0.0,0.0,0.0,0.0,0.0,0.0,0
PAIR-100057,0.0,0.6555555555555556,0.8128205128205129,0.0,0.0,1.0,0.0,0
PAIR-100058,0.0,0.0,0.0,1.0,0.0,0.0,0.0,0
PAIR-100059,0.0,0.0,0.0,0.0,0.0,0.0,0.0,0
PAIR-100060,0.9484848484848484,0.0,0.0,0.0,0.0,1.200000000000001,0.0,0
PAIR-100061,0.0,0.5539682539682539,0.8142857142857143,0.0,0.0,1.0,0.0,0
PAIR-100062,0.0,0.0,0.0,1.0,1.0,0.0,0.0,0
PAIR-100063,0.0,0.0,0.0,1.0,0.0,0.0,0.0,0
PAIR-100064,0.0,0.0,0.0,0.0,0.0,0.0,0.0,0
PAIR-100065,0.0,0.0,0.0,0.0,0.0,0.0,0.0,0
PAIR-100066,0.0,0.0,0.0,1.0,0.0,0.0,0.0,0
PAIR-100067,0.0,0.0,0.0,1.0,1.0,0.0,0.0,0
PAIR-100068,0.9136363636363637,0.0,0.0,0.0,0.0,2.799999999999999,0.0,0
PAIR-100069,0.0,0.43452380952380953,0.7435897435897436,0.0,0.0,8.0,1.0,0
PAIR-100070,0.0,0.0,0.0,1.0,0.0,0.0,0.0,0
PAIR-100071,0.0,0.0,0.0,0.0,0.0,0.0,0.0,0
PAIR-100072,0.9333333333333333,0.0,0.0,0.0,0.0,0.9000000000000004,1.0,0
PAIR-100073,0.9,0.0,0.0,0.0,0.0,2.8999999999999995,0.0,0
PAIR-100074,0.9,0.0,0.0,0.0,0.0,2.0999999999999996,0.0,0
PAIR-100075,0.9,0.0,0.0,0.0,0.0,6.000000000000001,0.0,0
PAIR-100076,0.0,0.0,0.0,0.0,0.0,0.0,0.0,0
PAIR-100077,0.9,0.0,0.0,0.0,0.0,11.0,0.0,0
PAIR-100078,0.0,0.0,0.0,1.0,0.0,0.0,0.0,0
PAIR-100079,0.0,0.0,0.0,1.0,0.0,0.0,0.0,0
PAIR-100080,0.0,0.0,0.0,0.0,0.0,0.0,0.0,0
PAIR-100081,0.9136363636363637,0.0,0.0,0.0,0.0,2.3000000000000003,0.0,0
PAIR-100082,0.0,0.0,0.0,0.0,0.0,0.0,0.0,0
PAIR-100083,0.0,0.0,0.0,0.0,0.0,0.0,0.0,0
PAIR-100084,0.9666666666666666,0.0,0.0,0.0,0.0,1.0,0.0,0
PAIR-100085,0.9333333333333333,0.0,0.0,0.0,0.0,6.6000000000000005,0.0,0
PAIR-100086,0.0,0.0,0.0,0.0,0.0,0.0,0.0,0
PAIR-100087,0.0,0.0,0.0,0.0,0.0,0.0,0.0,0
PAIR-100088,0.0,0.0,0.0,1.0,0.0,0.0,0.0,0
PAIR-100089,0.0,0.6878306878306879,0.7095904095904095,0.0,0.0,2.5,0.0,0
PAIR-100090,0.0,0.0,0.0,1.0,0.0,7.800000000000001,1.0,0
PAIR-100091,0.0,0.4898809523809524,0.5555555555555555,0.0,0.0,7.700000000000001,0.0,0
PAIR-100092,0.0,0.0,0.0,1.0,0.0,0.0,0.0,0
PAIR-100093,0.0,0.0,0.0,1.0,0.0,0.0,0.0,0
PAIR-100094,0.9,0.0,0.0,0.0,0.0,7.1,0.0,0
PAIR-100095,0.9333333333333333,0.0,0.0,0.0,0.0,2.8000000000000007,0.0,0
PAIR-100096,0.0,0.5714285714285715,0.5854700854700855,0.0,0.0,4.3,1.0,0
PAIR-100097,0.9333333333333333,0.0,0.0,0.0,0.0,3.8999999999999995,0.0,0
PAIR-100098,0.0,0.0,0.0,1.0,0.0,3.7,0.0,0
PAIR-100099,0.0,0.0,0.0,1.0,1.0,0.0,0.0,0
PAIR-100100,0.0,0.0,0.0,0.0,0.0,0.0,0.0,0
PAIR-100101,0.0,0.0,0.0,1.0,1.0,0.0,0.0,0
PAIR-100102,0.0,0.0,0.0,1.0,0.0,3.3000000000000007,0.0,0
PAIR-100103,0.0,0.0,0.0,0.0,0.0,0.0,0.0,0
PAIR-100104,0.0,0.0,0.0,1.0,0.0,0.6000000000000001,0.0,0
PAIR-100105,0.0,0.7181372549019608,0.6297036297036297,0.0,1.0,7.9,0.0,0
PAIR-100106,0.0,0.0,0.0,1.0,1.0,0.0,0.0,0
PAIR-100107,0.9484848484848484,0.0,0.0,0.0,0.0,5.3,0.0,0
PAIR-100108,0.0,0.5029761904761905,0.728937728937729,0.0,0.0,2.7,1.0,0
PAIR-100109,0.0,0.0,0.0,1.0,0.0,0.0,0.0,0
PAIR-100110,0.0,0.0,0.0,1.0,1.0,0.0,0.0,0
PAIR-100111,0.9333333333333333,0.0,0.0,0.0,0.0,2.8999999999999986,1.0,0
PAIR-100112,0.0,0.0,0.0,1.0,0.0,0.0,0.0,0
PAIR-100113,0.0,0.0,0.0,1.0,1.0,0.0,0.0,0
PAIR-100114,0.0,0.0,0.0,0.0,0.0,0.0,0.0,0
PAIR-100115,0.0,1.0,0.5337606837606838,0.0,0.0,4.2,1.0,0
PAIR-100116,0.0,0.0,0.0,1.0,0.0,0.0,0.0,0
PAIR-100117,0.0,0.529040404040404,0.5299145299145299,0.0,0.0,7.8999999999999995,0.0,0
PAIR-100118,0.0,0.0,0.0,1.0,1.0,0.0,0.0,0
PAIR-100119,0.9484848484848484,0.0,0.0,0.0,0.0,5.0,1.0,0
PAIR-100120,0.0,0.0,0.0,1.0,0.0,2.8,0.0,0
PAIR-100121,0.0,0.0,0.0,1.0,0.0,5.2,0.0,0
PAIR-100122,0.0,0.0,0.0,1.0,0.0,10.3,0.0,0
PAIR-100123,0.0,0.6095959595959596,0.5372294372294372,0.0,0.0,9.2,0.0,0
PAIR-100124,0.0,0.0,0.0,0.0,0.0,0.0,0.0,0
PAIR-100125,0.0,0.0,0.0,1.0,0.0,0.0,0.0,0
PAIR-100126,0.9333333333333333,0.0,0.0,0.0,0.0,0.10000000000000009,0.0,0
PAIR-100127,0.0,0.0,0.0,1.0,0.0,5.8,1.0,0
PAIR-100128,0.0,1.0,0.6134421134421135,0.0,0.0,2.9000000000000004,0.0,0
PAIR-100129,0.0,0.0,0.0,1.0,1.0,0.0,0.0,0
PAIR-100130,0.0,0.5372294372294372,0.513919413919414,0.0,0.0,4.199999999999999,0.0,0
PAIR-100131,0.0,1.0,0.5337606837606838,0.0,0.0,0.7999999999999998,1.0,0
PAIR-100132,0.0,0.5714285714285715,0.6802197802197801,0.0,0.0,6.299999999999999,0.0,0
PAIR-100133,0.0,0.0,0.0,1.0,0.0,0.0,0.0,0
PAIR-100134,0.0,0.0,0.0,1.0,0.0,0.0,0.0,0
PAIR-100135,0.0,0.529040404040404,0.4551282051282051,0.0,0.0,2.299999999999999,0.0,0
PAIR-100136,0.0,0.0,0.0,1.0,0.0,6.9,0.0,0
PAIR-100137,0.0,0.0,0.0,0.0,0.0,0.0,0.0,0
PAIR-100138,0.0,0.0,0.0,1.0,0.0,0.7999999999999998,0.0,0
PAIR-100139,0.0,0.0,0.0,1.0,1.0,0.0,0.0,0
PAIR-100140,0.0,0.0,0.0,0.0,0.0,0.0,0.0,0
PAIR-100141,0.0,0.0,0.0,1.0,1.0,0.0,0.0,0
PAIR-100142,0.0,0.0,0.0,1.0,1.0,0.0,0.0,0
PAIR-100143,0.9333333333333333,0.0,0.0,0.0,0.0,0.6000000000000001,0.0,0
PAIR-100144,0.0,0.0,0.0,1.0,1.0,0.0,0.0,0
PAIR-100145,0.0,0.0,0.0,1.0,0.0,0.0,0.0,0
PAIR-100146,0.0,0.0,0.0,1.0,1.0,0.0,0.0,0
PAIR-100147,0.0,0.0,0.0,1.0,0.0,1.5,0.0,0
PAIR-100148,0.0,0.0,0.0,1.0,0.0,2.5,0.0,0
PAIR-100149,0.0,0.0,0.0,1.0,0.0,0.0,0.0,0
PAIR-100150,0.0,0.0,0.0,1.0,0.0,0.0,0.0,0
PAIR-100151,0.0,1.0,0.5982905982905983,0.0,0.0,7.6,0.0,0
PAIR-100152,0.0,0.0,0.0,1.0,0.0,0.0,0.0,0
PAIR-100153,0.9333333333333333,0.0,0.0,0.0,0.0,1.2999999999999998,0.0,0
PAIR-100154,0.0,0.0,0.0,1.0,0.0,3.4000000000000004,0.0,0
PAIR-100155,0.0,1.0,0.5555555555555555,0.0,0.0,1.5,0.0,0
PAIR-100156,0.0,0.0,0.0,1.0,0.0,0.0,0.0,0
PAIR-100157,0.0,0.0,0.0,1.0,0.0,0.0,0.0,0
PAIR-100158,0.9136363636363637,0.0,0.0,0.0,0.0,7.1000000000000005,0.0,0
PAIR-100159,0.9,0.0,0.0,0.0,1.0,2.6999999999999997,0.0,0
PAIR-100160,0.0,0.0,0.0,0.0,0.0,0.0,0.0,0
PAIR-100161,0.0,0.4661319073083779,0.7606837606837606,0.0,0.0,0.6000000000000014,0.0,0
PAIR-100162,0.0,0.0,0.0,1.0,1.0,0.0,0.0,0
PAIR-100163,0.0,0.0,0.0,1.0,0.0,1.9000000000000004,1.0,0
PAIR-100164,0.0,0.0,0.0,1.0,1.0,0.0,0.0,0
PAIR-100165,0.0,0.0,0.0,1.0,0.0,0.0,0.0,0
PAIR-100166,0.0,0.0,0.0,1.0,0.0,0.0,0.0,0
PAIR-100167,0.0,0.0,0.0,1.0,1.0,0.0,0.0,0
PAIR-100168,0.0,0.0,0.0,1.0,0.0,0.20000000000000018,0.0,0
PAIR-100169,0.0,0.5539682539682539,0.5396825396825397,0.0,0.0,0.10000000000000142,0.0,0
PAIR-100170,0.0,0.0,0.0,1.0,1.0,0.0,0.0,0
PAIR-100171,0.9272727272727274,0.0,0.0,0.0,0.0,0.7999999999999998,0.0,0
PAIR-100172,0.0,0.0,0.0,1.0,0.0,0.0,0.0,0
PAIR-100173,0.0,0.0,0.0,1.0,0.0,0.0,0.0,0
PAIR-100174,0.0,0.0,0.0,1.0,0.0,0.0,0.0,0
PAIR-100175,0.0,0.0,0.0,1.0,0.0,0.0,0.0,0
PAIR-100176,0.0,0.0,0.0,0.0,0.0,0.0,0.0,0
PAIR-100177,0.0,0.6305555555555555,0.7413512413512414,0.0,0.0,7.300000000000001,0.0,0
PAIR-100178,0.0,0.0,0.0,1.0,0.0,0.0,0.0,0
PAIR-100179,0.0,0.0,0.0,1.0,0.0,3.0,0.0,0
PAIR-100180,0.0,0.0,0.0,1.0,0.0,0.0,0.0,0
PAIR-100181,0.0,0.0,0.0,1.0,1.0,0.0,0.0,0
PAIR-100182,0.0,0.0,0.0,1.0,1.0,0.0,0.0,0
PAIR-100183,0.0,0.0,0.0,0.0,0.0,0.0,0.0,0
PAIR-100184,0.0,0.6742857142857144,0.815873015873016,0.0,0.0,3.0999999999999996,1.0,0
PAIR-100185,0.9,0.0,0.0,0.0,0.0,5.999999999999999,0.0,0
PAIR-100186,0.0,0.0,0.0,1.0,0.0,3.8,0.0,0
PAIR-100187,0.0,0.0,0.0,1.0,0.0,2.9000000000000004,0.0,0
PAIR-100188,0.0,0.0,0.0,1.0,0.0,0.0,0.0,0
PAIR-100189,0.0,0.0,0.0,1.0,0.0,0.0,0.0,0
PAIR-100190,0.0,0.0,0.0,1.0,0.0,0.0,0.0,0
PAIR-100191,0.0,0.0,0.0,0.0,0.0,0.0,0.0,0
PAIR-100192,0.0,0.3507936507936508,0.6538461538461539,0.0,0.0,3.0,0.0,0
PAIR-100193,0.0,0.0,0.0,0.0,0.0,0.0,0.0,0
PAIR-100194,0.9136363636363637,0.0,0.0,0.0,0.0,1.4000000000000004,0.0,0
PAIR-100195,0.0,0.0,0.0,0.0,0.0,0.0,0.0,0
PAIR-100196,0.0,0.0,0.0,1.0,0.0,4.300000000000001,0.0,0
PAIR-100197,0.0,0.0,0.0,1.0,0.0,5.9,0.0,0
PAIR-100198,0.0,1.0,0.765909090909091,0.0,0.0,3.1000000000000005,0.0,0
PAIR-100199,0.9,0.0,0.0,0.0,0.0,2.3999999999999986,0.0,0
PAIR-100200,0.0,0.0,0.0,0.0,0.0,0.0,0.0,0
PAIR-100201,0.0,0.0,0.0,1.0,1.0,0.0,0.0,0
PAIR-100202,0.0,0.0,0.0,1.0,0.0,0.0,0.0,0
PAIR-100203,0.9333333333333333,0.0,0.0,0.0,0.0,1.200000000000001,0.0,0
PAIR-100204,0.9666666666666666,0.0,0.0,0.0,0.0,0.10000000000000142,0.0,0
PAIR-100205,0.0,0.0,0.0,1.0,1.0,0.0,0.0,0
PAIR-100206,0.0,0.0,0.0,0.0,0.0,0.0,0.0,0
PAIR-100207,0.0,0.0,0.0,1.0,1.0,0.0,0.0,0
PAIR-100208,0.0,0.6095959595959596,0.746031746031746,0.0,0.0,7.2,0.0,0
PAIR-100209,0.0,0.5750000000000001,0.5337606837606838,0.0,0.0,4.199999999999999,1.0,0
PAIR-100210,0.0,0.0,0.0,0.0,0.0,0.0,0.0,0
PAIR-100211,0.0,0.0,0.0,1.0,1.0,0.0,0.0,0
PAIR-100212,0.0,0.0,0.0,1.0,1.0,0.0,0.0,0
PAIR-100213,0.0,0.0,0.0,1.0,0.0,0.0,0.0,0
PAIR-100214,0.0,0.0,0.0,1.0,1.0,0.0,0.0,0
PAIR-100215,0.0,0.0,0.0,1.0,0.0,0.0,0.0,0
PAIR-100216,0.0,0.0,0.0,1.0,0.0,0.40000000000000036,0.0,0
PAIR-100217,0.0,0.5192640692640692,0.6262626262626263,0.0,0.0,0.20000000000000107,0.0,0
PAIR-100218,0.0,0.0,0.0,1.0,0.0,6.699999999999999,0.0,0
PAIR-100219,0.0,0.0,0.0,1.0,0.0,0.0,0.0,0
PAIR-100220,0.0,0.542016806722689,0.5463869463869464,0.0,0.0,2.200000000000001,0.0,0
PAIR-100221,0.0,0.0,0.0,1.0,0.0,3.8999999999999995,0.0,0
PAIR-100222,0.0,0.0,0.0,1.0,1.0,0.0,0.0,0
PAIR-100223,0.9666666666666667,0.0,0.0,0.0,0.0,1.3000000000000007,0.0,0
PAIR-100224,0.0,0.0,0.0,1.0,0.0,0.0,0.0,0
PAIR-100225,0.0,0.0,0.0,1.0,0.0,0.0,0.0,0
PAIR-100226,0.0,0.0,0.0,1.0,0.0,0.0,0.0,0
PAIR-100227,0.0,0.6261437908496732,0.5982905982905983,0.0,0.0,3.500000000000001,0.0,0
PAIR-100228,0.0,0.0,0.0,1.0,0.0,0.40000000000000036,1.0,0
PAIR-100229,0.0,0.0,0.0,1.0,0.0,6.6,0.0,0
PAIR-100230,0.0,0.0,0.0,1.0,0.0,6.8,0.0,0
PAIR-100231,0.0,0.0,0.0,1.0,0.0,8.7,0.0,0
PAIR-100232,0.0,0.0,0.0,1.0,0.0,1.6999999999999993,0.0,0
PAIR-100233,0.0,0.0,0.0,0.0,0.0,0.0,0.0,0
PAIR-100234,0.0,0.0,0.0,0.0,0.0,0.0,0.0,0
PAIR-100235,0.9333333333333333,0.0,0.0,0.0,0.0,6.0,0.0,0
PAIR-100236,0.0,0.0,0.0,1.0,0.0,0.0,0.0,0
PAIR-100237,0.0,0.4898809523809524,0.746031746031746,0.0,0.0,0.0,0.0,0
PAIR-100238,0.0,1.0,0.6802197802197801,0.0,0.0,8.9,0.0,0
PAIR-100239,0.0,0.5869708994708994,0.7099567099567099,0.0,0.0,0.7999999999999998,0.0,0
PAIR-100240,0.0,0.0,0.0,1.0,0.0,0.5,0.0,0
PAIR-100241,0.0,0.0,0.0,0.0,0.0,0.0,0.0,0
PAIR-100242,0.0,0.0,0.0,1.0,0.0,0.0,0.0,0
PAIR-100243,0.0,0.0,0.0,0.0,0.0,0.0,0.0,0
PAIR-100244,0.0,0.0,0.0,1.0,0.0,7.9,0.0,0
PAIR-100245,0.0,1.0,0.5189255189255189,0.0,0.0,1.5,0.0,0
PAIR-100246,0.0,0.0,0.0,1.0,0.0,1.5999999999999996,0.0,0
PAIR-100247,0.0,0.5192640692640692,0.6969696969696969,0.0,0.0,5.6,0.0,0
PAIR-100248,0.9136363636363637,0.0,0.0,0.0,0.0,2.1999999999999993,0.0,0
PAIR-100249,0.0,0.4984126984126984,0.46367521367521364,0.0,0.0,7.200000000000001,1.0,0
PAIR-100250,0.0,0.0,0.0,1.0,1.0,0.0,0.0,0
PAIR-100251,0.0,0.0,0.0,1.0,0.0,0.0,0.0,0
PAIR-100252,0.0,0.0,0.0,1.0,0.0,0.0,0.0,0
PAIR-100253,0.0,0.0,0.0,1.0,0.0,0.0,0.0,0
PAIR-100254,0.0,0.0,0.0,0.0,0.0,0.0,0.0,0
PAIR-100255,0.9333333333333333,0.0,0.0,0.0,0.0,6.1000000000000005,0.0,0
PAIR-100256,0.0,0.0,0.0,1.0,1.0,0.0,0.0,0
PAIR-100257,0.9272727272727274,0.0,0.0,0.0,1.0,4.3999999999999995,0.0,0
PAIR-100258,0.9484848484848484,0.0,0.0,0.0,0.0,4.799999999999999,0.0,0
PAIR-100259,0.0,0.0,0.0,1.0,0.0,0.0,0.0,0
PAIR-100260,0.0,0.0,0.0,1.0,1.0,0.0,0.0,0
PAIR-100261,0.0,0.0,0.0,0.0,0.0,0.0,0.0,0
PAIR-100262,0.0,0.0,0.0,1.0,1.0,0.0,0.0,0
PAIR-100263,0.0,0.0,0.0,1.0,0.0,3.0999999999999996,0.0,0
PAIR-100264,0.0,0.0,0.0,1.0,0.0,0.0,0.0,0
PAIR-100265,0.0,0.46645021645021645,0.5427350427350427,0.0,0.0,7.4,1.0,0
PAIR-100266,0.0,0.0,0.0,1.0,0.0,3.200000000000001,0.0,0
PAIR-100267,0.0,0.0,0.0,1.0,0.0,1.8000000000000007,1.0,0
PAIR-100268,0.0,0.0,0.0,1.0,1.0,0.0,0.0,0
PAIR-100269,0.0,0.0,0.0,1.0,1.0,0.0,0.0,0
PAIR-100270,0.0,0.0,0.0,0.0,0.0,0.0,0.0,0
PAIR-100271,0.0,0.0,0.0,1.0,1.0,0.0,0.0,0
PAIR-100272,0.0,0.4827264239028945,0.668997668997669,0.0,0.0,9.9,0.0,0
PAIR-100273,0.0,0.0,0.0,0.0,0.0,0.0,0.0,0
PAIR-100274,0.9333333333333333,0.0,0.0,0.0,0.0,8.1,0.0,0
PAIR-100275,0.0,0.0,0.0,1.0,0.0,0.0,0.0,0
PAIR-100276,0.0,0.0,0.0,1.0,1.0,0.0,0.0,0
PAIR-100277,0.0,0.37121212121212127,0.0,0.0,0.0,1.299999999999999,0.0,0
PAIR-100278,0.0,0.0,0.0,1.0,0.0,3.1000000000000005,0.0,0
PAIR-100279,0.0,0.0,0.0,1.0,0.0,2.5,0.0,0
PAIR-100280,0.0,0.0,0.0,1.0,0.0,0.0,0.0,0
PAIR-100281,0.0,0.0,0.0,1.0,1.0,0.0,0.0,0
PAIR-100282,0.0,0.4688725490196079,0.6090909090909091,0.0,0.0,4.800000000000001,0.0,0
PAIR-100283,0.0,0.6024531024531025,0.6520979020979022,0.0,0.0,8.8,0.0,0
PAIR-100284,0.0,0.0,0.0,0.0,0.0,0.0,0.0,0
PAIR-100285,0.0,0.0,0.0,1.0,0.0,0.0,0.0,0
PAIR-100286,0.0,0.0,0.0,1.0,1.0,0.0,0.0,0
PAIR-100287,0.0,0.0,0.0,0.0,0.0,0.0,0.0,0
PAIR-100288,0.0,0.0,0.0,1.0,0.0,2.799999999999999,0.0,0
PAIR-100289,0.0,0.0,0.0,0.0,0.0,0.0,0.0,0
PAIR-100290,0.0,0.0,0.0,1.0,0.0,0.0,0.0,0
PAIR-100291,0.0,0.0,0.0,0.0,0.0,0.0,0.0,0
PAIR-100292,0.9136363636363637,0.0,0.0,0.0,0.0,2.8999999999999995,0.0,0
PAIR-100293,0.0,0.0,0.0,0.0,0.0,0.0,0.0,0
PAIR-100294,0.0,0.0,0.0,1.0,1.0,0.0,0.0,0
PAIR-100295,0.0,0.0,0.0,1.0,0.0,6.9,0.0,0
PAIR-100296,0.0,0.0,0.0,0.0,0.0,0.0,0.0,0
PAIR-100297,0.0,0.0,0.0,1.0,0.0,6.0,1.0,0
PAIR-100298,0.9136363636363637,0.0,0.0,0.0,0.0,0.40000000000000036,0.0,0
PAIR-100299,0.0,0.0,0.0,1.0,0.0,0.0,0.0,0
PAIR-100300,0.0,0.6047619047619048,0.5246031746031746,0.0,0.0,4.6000000000000005,0.0,0
PAIR-100301,0.0,0.0,0.0,1.0,1.0,0.0,0.0,0
PAIR-100302,0.0,0.0,0.0,0.0,0.0,0.0,0.0,0
PAIR-100303,0.0,0.0,0.0,1.0,0.0,0.0,0.0,0
PAIR-100304,0.0,0.0,0.0,1.0,0.0,0.0,0.0,0
PAIR-100305,0.0,0.0,0.0,1.0,0.0,0.0,0.0,0
PAIR-100306,0.0,0.0,0.0,0.0,0.0,0.0,0.0,0
PAIR-100307,0.0,0.0,0.0,0.0,0.0,0.0,0.0,0
PAIR-100308,0.0,0.0,0.0,1.0,1.0,0.0,0.0,0
PAIR-100309,0.0,0.0,0.0,1.0,0.0,0.0,0.0,0
PAIR-100310,0.0,0.0,0.0,1.0,0.0,5.200000000000001,1.0,0
PAIR-100311,0.0,0.0,0.0,1.0,0.0,0.0,0.0,0
PAIR-100312,0.0,1.0,0.6004273504273504,0.0,0.0,5.5,0.0,0
PAIR-100313,0.0,0.0,0.0,0.0,0.0,0.0,0.0,0
PAIR-100314,0.0,0.0,0.0,0.0,0.0,0.0,0.0,0
PAIR-100315,0.0,0.0,0.0,1.0,1.0,0.0,0.0,0
PAIR-100316,0.0,0.65,0.8675213675213675,0.0,0.0,2.1999999999999997,0.0,0
PAIR-100317,0.0,0.0,0.0,1.0,0.0,0.7999999999999998,0.0,0
PAIR-100318,0.0,0.0,0.0,1.0,1.0,0.0,0.0,0
PAIR-100319,0.0,0.0,0.0,1.0,1.0,0.0,0.0,0
PAIR-100320,0.0,0.0,0.0,1.0,0.0,0.0,0.0,0
PAIR-100321,0.0,0.0,0.0,1.0,1.0,0.0,0.0,0
PAIR-100322,0.9484848484848484,0.0,0.0,0.0,0.0,1.1999999999999993,0.0,0
PAIR-100323,0.0,0.48194444444444445,0.5555555555555555,0.0,0.0,7.6000000000000005,0.0,0
PAIR-100324,0.0,0.0,0.0,0.0,0.0,0.0,0.0,0
PAIR-100325,0.0,0.5869708994708994,0.7936507936507936,0.0,0.0,1.6999999999999993,1.0,0
PAIR-100326,0.0,0.6024531024531025,0.5299145299145299,0.0,0.0,2.8000000000000003,0.0,0
PAIR-100327,0.0,0.6878306878306879,0.4935897435897436,0.0,0.0,1.0999999999999996,1.0,0
PAIR-100328,0.0,0.0,0.0,0.0,0.0,0.0,0.0,0
PAIR-100329,0.0,0.0,0.0,1.0,1.0,0.0,0.0,0
PAIR-100330,0.9333333333333333,0.0,0.0,0.0,0.0,6.200000000000001,0.0,0
PAIR-100331,0.0,0.0,0.0,1.0,1.0,0.0,0.0,0
PAIR-100332,0.0,0.0,0.0,1.0,1.0,0.0,0.0,0
PAIR-100333,0.0,0.0,0.0,1.0,1.0,0.0,0.0,0
PAIR-100334,0.0,0.0,0.0,1.0,1.0,0.0,0.0,0
PAIR-100335,0.0,0.0,0.0,1.0,0.0,0.0,0.0,0
PAIR-100336,0.9,0.0,0.0,0.0,0.0,6.7,0.0,0
PAIR-100337,0.0,0.0,0.0,1.0,1.0,0.0,0.0,0
PAIR-100338,0.0,0.0,0.0,1.0,1.0,0.0,1.0,0
PAIR-100339,0.0,0.43452380952380953,0.5854700854700855,0.0,0.0,8.5,0.0,0
PAIR-100340,0.0,0.0,0.0,0.0,0.0,0.0,0.0,0
PAIR-100341,0.0,0.0,0.0,1.0,1.0,0.0,0.0,0
PAIR-100342,0.0,0.5869708994708994,0.6090909090909091,0.0,0.0,3.3000000000000003,1.0,0
PAIR-100343,0.0,0.0,0.0,1.0,0.0,0.0,0.0,0
PAIR-100344,0.0,0.0,0.0,0.0,0.0,0.0,0.0,0
PAIR-100345,0.0,0.3507936507936508,0.47377622377622375,0.0,0.0,1.5999999999999996,1.0,0
PAIR-100346,0.0,1.0,0.6872710622710624,0.0,0.0,2.0999999999999996,0.0,0
PAIR-100347,0.0,0.0,0.0,1.0,1.0,0.0,0.0,0
PAIR-100348,0.0,0.0,0.0,1.0,0.0,0.0,0.0,0
PAIR-100349,0.0,0.6878306878306879,0.6363636363636364,0.0,0.0,2.3000000000000007,0.0,0
PAIR-100350,0.0,0.0,0.0,0.0,0.0,0.0,0.0,0
PAIR-100351,0.9333333333333333,0.0,0.0,0.0,0.0,7.300000000000001,0.0,0
PAIR-100352,0.0,0.0,0.0,1.0,1.0,0.0,0.0,0
PAIR-100353,0.9136363636363637,0.0,0.0,0.0,0.0,7.7,1.0,0
PAIR-100354,0.0,0.0,0.0,1.0,1.0,0.0,0.0,0
PAIR-100355,0.0,0.5750000000000001,0.4909090909090909,0.0,0.0,0.9000000000000004,0.0,0
PAIR-100356,0.0,0.0,0.0,1.0,0.0,0.0,0.0,0
PAIR-100357,0.0,1.0,0.5571095571095571,0.0,0.0,8.2,0.0,0
PAIR-100358,0.9333333333333333,0.0,0.0,0.0,0.0,9.5,0.0,0
PAIR-100359,0.0,0.0,0.0,1.0,0.0,0.0,0.0,0
PAIR-100360,0.0,0.0,0.0,1.0,1.0,0.0,0.0,0
PAIR-100361,0.0,0.0,0.0,0.0,0.0,0.0,0.0,0
PAIR-100362,0.0,0.3767676767676768,0.49567099567099565,0.0,0.0,4.699999999999999,0.0,0
PAIR-100363,0.0,0.0,0.0,1.0,1.0,0.0,0.0,0
PAIR-100364,0.0,0.5505952380952381,0.5166666666666667,0.0,0.0,5.4,0.0,0
PAIR-100365,0.0,0.0,0.0,0.0,0.0,0.0,0.0,0
PAIR-100366,0.0,0.0,0.0,1.0,1.0,0.0,0.0,0
PAIR-100367,0.0,0.0,0.0,0.0,0.0,0.0,0.0,0
PAIR-100368,0.0,0.0,0.0,1.0,1.0,0.0,0.0,0
PAIR-100369,0.9484848484848484,0.0,0.0,0.0,0.0,1.6000000000000005,0.0,0
PAIR-100370,0.0,0.0,0.0,1.0,0.0,11.100000000000001,0.0,0
PAIR-100371,0.0,0.0,0.0,1.0,0.0,0.0,0.0,0
PAIR-100372,0.0,0.0,0.0,1.0,0.0,0.0,0.0,0
PAIR-100373,0.0,0.0,0.0,1.0,1.0,0.0,0.0,0
PAIR-100374,0.0,0.0,0.0,1.0,0.0,2.4000000000000004,1.0,0
PAIR-100375,0.0,0.0,0.0,1.0,1.0,0.0,0.0,0
PAIR-100376,0.0,0.7328579916815211,0.6985347985347986,0.0,0.0,4.7,0.0,0
PAIR-100377,0.0,0.0,0.0,1.0,0.0,2.0999999999999996,0.0,0
PAIR-100378,0.0,0.0,0.0,1.0,1.0,0.0,0.0,0
PAIR-100379,0.0,0.48055555555555557,0.6596459096459096,0.0,0.0,1.799999999999999,1.0,0
PAIR-100380,0.9484848484848484,0.0,0.0,0.0,0.0,5.8999999999999995,1.0,0
PAIR-100381,0.0,0.0,0.0,0.0,0.0,0.0,0.0,0
PAIR-100382,0.9333333333333333,0.0,0.0,0.0,0.0,4.6,0.0,0
PAIR-100383,0.9,0.0,0.0,0.0,0.0,0.0,1.0,0
PAIR-100384,0.9333333333333333,0.0,0.0,0.0,0.0,0.0,1.0,0
PAIR-100385,0.0,0.0,0.0,1.0,0.0,0.0,0.0,0
PAIR-100386,0.0,0.0,0.0,1.0,0.0,1.5,0.0,0
PAIR-100387,0.0,0.542016806722689,0.7948717948717948,0.0,0.0,0.9000000000000004,0.0,0
PAIR-100388,0.0,0.0,0.0,1.0,0.0,0.0,0.0,0
PAIR-100389,0.9333333333333333,0.0,0.0,0.0,0.0,5.1000000000000005,0.0,0
PAIR-100390,0.9,0.0,0.0,0.0,0.0,5.8,1.0,0
PAIR-100391,0.0,0.0,0.0,1.0,0.0,0.0,0.0,0
PAIR-100392,0.0,0.0,0.0,1.0,0.0,5.2,0.0,0
PAIR-100393,0.0,0.0,0.0,1.0,1.0,0.0,0.0,0
PAIR-100394,0.0,0.6024531024531025,0.5757575757575758,0.0,0.0,4.2,0.0,0
PAIR-100395,0.0,0.0,0.0,1.0,1.0,0.0,0.0,0
PAIR-100396,0.0,0.0,0.0,1.0,1.0,0.0,0.0,0
PAIR-100397,0.0,0.0,0.0,0.0,0.0,0.0,0.0,0
PAIR-100398,0.0,0.0,0.0,1.0,0.0,2.6999999999999993,1.0,0
PAIR-100399,0.9,0.0,0.0,0.0,0.0,4.6,0.0,0
PAIR-100400,0.0,0.0,0.0,1.0,0.0,0.0,0.0,0
PAIR-100401,0.0,0.0,0.0,1.0,1.0,0.0,0.0,0
PAIR-100402,0.9,0.0,0.0,0.0,0.0,7.1,0.0,0
PAIR-100403,0.9333333333333333,0.0,0.0,0.0,0.0,10.399999999999999,0.0,0
PAIR-100404,0.0,0.0,0.0,1.0,0.0,4.0,0.0,0
PAIR-100405,0.0,0.0,0.0,1.0,0.0,0.40000000000000036,0.0,0
PAIR-100406,0.0,0.0,0.0,0.0,0.0,0.0,0.0,0
PAIR-100407,0.0,0.0,0.0,0.0,0.0,0.0,0.0,0
PAIR-100408,0.0,0.0,0.0,1.0,0.0,0.5,0.0,0
PAIR-100409,0.0,0.0,0.0,1.0,0.0,6.5,0.0,0
PAIR-100410,0.0,0.0,0.0,1.0,0.0,0.0,0.0,0
PAIR-100411,0.0,0.5372294372294372,0.694949494949495,0.0,0.0,2.3999999999999995,0.0,0
PAIR-100412,0.0,0.0,0.0,1.0,0.0,0.6000000000000014,1.0,0
PAIR-100413,0.0,0.0,0.0,0.0,0.0,0.0,0.0,0
PAIR-100414,0.9484848484848484,0.0,0.0,0.0,0.0,6.199999999999999,0.0,0
PAIR-100415,0.0,1.0,0.5151515151515151,0.0,0.0,1.6999999999999993,0.0,0
PAIR-100416,0.0,0.0,0.0,1.0,1.0,0.0,0.0,0
PAIR-100417,0.0,0.0,0.0,1.0,1.0,0.0,0.0,0
PAIR-100418,0.0,0.0,0.0,1.0,1.0,0.0,0.0,0
PAIR-100419,0.0,0.0,0.0,1.0,1.0,0.0,0.0,0
PAIR-100420,0.0,0.0,0.0,0.0,0.0,0.0,0.0,0
PAIR-100421,0.0,0.0,0.0,1.0,0.0,0.0,0.0,0
PAIR-100422,0.0,0.5869708994708994,0.65,0.0,0.0,9.8,0.0,0
PAIR-100423,0.0,1.0,0.5230769230769231,0.0,0.0,1.4000000000000004,0.0,0
PAIR-100424,0.0,0.0,0.0,1.0,0.0,1.2000000000000002,0.0,0
PAIR-100425,0.0,0.0,0.0,0.0,0.0,0.0,0.0,0
PAIR-100426,0.0,0.4688725490196079,0.5571095571095571,0.0,0.0,8.5,0.0,0
PAIR-100427,0.0,0.0,0.0,1.0,0.0,2.5999999999999996,0.0,0
PAIR-100428,0.9299999999999999,0.0,0.0,0.0,0.0,0.09999999999999964,0.0,0
PAIR-100429,0.0,0.0,0.0,0.0,0.0,0.0,0.0,0
PAIR-100430,0.9484848484848484,0.0,0.0,0.0,0.0,1.0,0.0,0
PAIR-100431,0.0,0.0,0.0,1.0,0.0,3.8,0.0,0
PAIR-100432,0.0,0.7181372549019608,0.6090909090909091,0.0,0.0,5.4,1.0,0
PAIR-100433,0.0,0.0,0.0,1.0,1.0,0.0,0.0,0
PAIR-100434,0.9136363636363637,0.0,0.0,0.0,0.0,1.1999999999999993,0.0,0
PAIR-100435,0.0,0.0,0.0,0.0,0.0,0.0,0.0,0
PAIR-100436,0.0,0.0,0.0,1.0,0.0,0.0,0.0,0
PAIR-100437,0.0,0.4688725490196079,0.5722222222222223,0.0,0.0,3.500000000000001,0.0,0
PAIR-100438,0.0,0.0,0.0,1.0,1.0,0.0,0.0,0
PAIR-100439,0.0,0.0,0.0,1.0,1.0,0.0,0.0,0
PAIR-100440,0.9,0.0,0.0,0.0,0.0,3.4000000000000004,0.0,0
PAIR-100441,0.9484848484848484,0.0,0.0,0.0,0.0,6.700000000000001,0.0,0
PAIR-100442,0.9666666666666666,0.0,0.0,0.0,0.0,2.0,0.0,0
PAIR-100443,0.0,0.0,0.0,1.0,0.0,0.09999999999999964,1.0,0
PAIR-100444,0.0,0.0,0.0,1.0,1.0,0.0,0.0,0
PAIR-100445,0.0,0.0,0.0,1.0,0.0,1.5,0.0,0
PAIR-100446,0.0,0.0,0.0,1.0,0.0,0.0,0.0,0
PAIR-100447,0.0,0.6742857142857144,0.6120268620268621,0.0,0.0,7.6,0.0,0
PAIR-100448,0.0,0.6472222222222223,0.914141414141414,0.0,0.0,4.287928977748932,1.0,0
PAIR-100449,0.0,0.4898809523809524,0.6134421134421135,0.0,0.0,10.2,0.0,0
PAIR-100450,0.0,0.0,0.0,1.0,1.0,0.0,0.0,0
PAIR-100451,0.0,0.5192640692640692,0.728937728937729,0.0,0.0,0.3000000000000007,0.0,0
PAIR-100452,0.0,0.5372294372294372,0.6297036297036297,0.0,0.0,2.1000000000000005,0.0,0
PAIR-100453,0.0,0.0,0.0,1.0,1.0,0.0,0.0,0
PAIR-100454,0.0,0.6742857142857144,0.5299145299145299,0.0,0.0,2.200000000000001,0.0,0
PAIR-100455,0.0,0.0,0.0,1.0,0.0,0.6999999999999993,0.0,0
PAIR-100456,0.0,0.5238095238095238,0.5912698412698413,0.0,0.0,6.4,0.0,0
PAIR-100457,0.0,0.5722222222222223,0.5769230769230769,0.0,0.0,11.3,0.0,0
PAIR-100458,0.9,0.0,0.0,0.0,0.0,3.0999999999999996,0.0,0
PAIR-100459,0.0,0.0,0.0,0.0,0.0,0.0,0.0,0
PAIR-100460,0.0,0.0,0.0,1.0,0.0,0.7999999999999989,0.0,0
PAIR-100461,0.9,0.0,0.0,0.0,1.0,9.9,0.0,0
PAIR-100462,0.0,0.6261437908496732,0.5333333333333333,0.0,0.0,1.700000000000001,0.0,0
PAIR-100463,0.0,0.0,0.0,1.0,0.0,0.0,0.0,0
PAIR-100464,0.0,0.0,0.0,1.0,0.0,0.0,0.0,0
PAIR-100465,0.0,0.0,0.0,1.0,1.0,0.0,0.0,0
PAIR-100466,0.0,0.0,0.0,1.0,1.0,0.0,0.0,0
PAIR-100467,0.0,0.0,0.0,0.0,0.0,0.0,0.0,0
PAIR-100468,0.0,0.0,0.0,1.0,0.0,0.7999999999999998,0.0,0
PAIR-100469,0.0,0.0,0.0,1.0,1.0,0.0,0.0,0
PAIR-100470,0.0,0.0,0.0,1.0,0.0,0.0,0.0,0
PAIR-100471,0.0,0.0,0.0,1.0,0.0,6.000000000000001,0.0,0
PAIR-100472,0.0,0.0,0.0,0.0,0.0,0.0,0.0,0
PAIR-100473,0.0,0.0,0.0,1.0,0.0,0.0,0.0,0
PAIR-100474,0.0,0.5750000000000001,0.6130536130536131,0.0,0.0,9.399999999999999,0.0,0
PAIR-100475,0.0,0.0,0.0,1.0,0.0,4.0,0.0,0
PAIR-100476,0.9,0.0,0.0,0.0,0.0,6.6,0.0,0
PAIR-100477,0.0,0.0,0.0,1.0,1.0,0.0,0.0,0
PAIR-100478,0.9136363636363637,0.0,0.0,0.0,0.0,2.0999999999999996,0.0,0
PAIR-100479,0.0,0.0,0.0,1.0,0.0,0.0,0.0,0
PAIR-100480,0.0,0.0,0.0,1.0,0.0,1.799999999999999,0.0,0
PAIR-100481,0.0,0.0,0.0,1.0,0.0,3.3000000000000007,0.0,0
PAIR-100482,0.0,0.0,0.0,1.0,1.0,0.0,0.0,0
PAIR-100483,0.0,0.6175,0.5744810744810745,0.0,0.0,10.0,1.0,0
PAIR-100484,0.0,0.0,0.0,1.0,0.0,0.0,0.0,0
PAIR-100485,0.0,0.0,0.0,1.0,0.0,5.7,0.0,0
PAIR-100486,0.0,0.0,0.0,1.0,0.0,5.000000000000001,0.0,0
PAIR-100487,0.0,0.0,0.0,0.0,0.0,0.0,0.0,0
PAIR-100488,0.0,0.7181372549019608,0.6134421134421135,0.0,0.0,1.0999999999999996,0.0,0
PAIR-100489,0.0,0.6878306878306879,0.6384615384615384,0.0,0.0,1.6999999999999993,0.0,0
PAIR-100490,0.0,0.0,0.0,0.0,0.0,0.0,0.0,0
PAIR-100491,0.0,0.6599206349206349,0.7162393162393162,0.0,0.0,0.7000000000000002,1.0,0
PAIR-100492,0.9333333333333333,0.0,0.0,0.0,0.0,8.2,0.0,0
PAIR-100493,0.0,0.0,0.0,0.0,0.0,0.0,0.0,0
PAIR-100494,0.9484848484848484,0.0,0.0,0.0,0.0,2.5,0.0,0
PAIR-100495,0.0,0.0,0.0,0.0,0.0,0.0,0.0,0
PAIR-100496,0.0,0.0,0.0,0.0,0.0,0.0,0.0,0
PAIR-100497,0.0,0.0,0.0,1.0,0.0,0.0,0.0,0
PAIR-100498,0.9484848484848484,0.0,0.0,0.0,0.0,5.0,0.0,0
PAIR-100499,0.0,0.0,0.0,1.0,0.0,0.0,0.0,0
PAIR-100500,0.0,0.0,0.0,1.0,0.0,0.0,0.0,0
PAIR-100501,0.0,0.0,0.0,1.0,0.0,6.2,0.0,0
PAIR-100502,0.0,0.0,0.0,0.0,0.0,0.0,0.0,0
PAIR-100503,0.0,0.0,0.0,1.0,0.0,4.300000000000001,0.0,0
PAIR-100504,0.0,0.0,0.0,1.0,0.0,8.8,0.0,0
PAIR-100505,0.0,0.0,0.0,1.0,0.0,0.0,0.0,0
PAIR-100506,0.0,0.0,0.0,1.0,1.0,0.0,0.0,0
PAIR-100507,0.9666666666666666,0.0,0.0,0.0,0.0,1.5,0.0,0
PAIR-100508,0.0,0.0,0.0,1.0,0.0,10.8,0.0,0
PAIR-100509,0.0,0.0,0.0,1.0,0.0,0.0,0.0,0
PAIR-100510,0.0,0.0,0.0,0.0,0.0,0.0,0.0,0
PAIR-100511,0.0,0.46262626262626255,0.4935897435897436,0.0,0.0,1.5,0.0,0
PAIR-100512,0.0,0.0,0.0,1.0,0.0,3.3999999999999995,0.0,0
PAIR-100513,0.0,0.0,0.0,1.0,0.0,5.5,0.0,0
PAIR-100514,0.0,0.0,0.0,1.0,0.0,5.200000000000001,0.0,0
PAIR-100515,0.0,1.0,0.7606837606837606,0.0,0.0,1.9000000000000004,0.0,0
PAIR-100516,0.0,0.48194444444444445,0.4478021978021978,0.0,0.0,0.5,1.0,0
PAIR-100517,0.0,0.5722222222222223,0.44017094017094016,0.0,0.0,4.000000000000001,0.0,0
PAIR-100518,0.0,0.0,0.0,0.0,0.0,0.0,0.0,0
PAIR-100519,0.9,0.0,0.0,0.0,0.0,5.0,0.0,0
PAIR-100520,0.0,0.0,0.0,1.0,1.0,0.0,0.0,0
PAIR-100521,0.0,0.0,0.0,1.0,0.0,0.0,0.0,0
PAIR-100522,0.9666666666666667,0.0,0.0,0.0,0.0,2.3999999999999986,0.0,0
PAIR-100523,0.0,0.0,0.0,1.0,0.0,0.0,0.0,0
PAIR-100524,0.0,0.0,0.0,0.0,0.0,0.0,0.0,0
PAIR-100525,0.0,0.0,0.0,1.0,0.0,6.1000000000000005,1.0,0
PAIR-100526,0.0,0.0,0.0,1.0,0.0,10.5,0.0,0
PAIR-100527,0.0,0.0,0.0,0.0,0.0,0.0,0.0,0
PAIR-100528,0.0,0.0,0.0,1.0,1.0,0.0,0.0,0
PAIR-100529,0.0,0.0,0.0,1.0,0.0,0.0,0.0,0
PAIR-100530,0.0,0.0,0.0,0.0,0.0,0.0,0.0,0
PAIR-100531,0.0,0.0,0.0,1.0,0.0,0.0,0.0,0
PAIR-100532,0.0,0.0,0.0,0.0,0.0,0.0,0.0,0
PAIR-100533,0.0,0.0,0.0,0.0,0.0,0.0,0.0,0
PAIR-100534,0.0,0.43452380952380953,0.5722222222222223,0.0,0.0,2.8999999999999986,1.0,0
PAIR-100535,0.0,0.0,0.0,0.0,0.0,0.0,0.0,0
PAIR-100536,0.0,0.0,0.0,1.0,1.0,0.0,0.0,0
PAIR-100537,0.0,0.5722222222222223,0.5854700854700855,0.0,0.0,4.500000000000001,0.0,0
PAIR-100538,0.0,0.0,0.0,0.0,0.0,0.0,0.0,0
PAIR-100539,0.0,0.7014705882352942,0.6773226773226773,0.0,0.0,1.5,0.0,0
PAIR-100540,0.0,0.0,0.0,1.0,1.0,0.0,0.0,0
PAIR-100541,0.0,0.0,0.0,1.0,1.0,0.0,0.0,0
PAIR-100542,0.9666666666666666,0.0,0.0,0.0,0.0,2.1000000000000014,0.0,0
PAIR-100543,0.0,0.0,0.0,0.0,0.0,0.0,0.0,0
PAIR-100544,0.9333333333333333,0.0,0.0,0.0,0.0,6.8999999999999995,0.0,0
PAIR-100545,0.0,0.0,0.0,1.0,0.0,2.200000000000001,0.0,0
PAIR-100546,0.0,0.0,0.0,1.0,0.0,0.0,0.0,0
PAIR-100547,0.0,0.0,0.0,1.0,0.0,3.700000000000001,0.0,0
PAIR-100548,0.0,0.0,0.0,0.0,0.0,0.0,0.0,0
PAIR-100549,0.0,0.5869708994708994,0.8555555555555556,0.0,0.0,1.7999999999999998,0.0,0
PAIR-100550,0.0,0.0,0.0,1.0,1.0,0.0,0.0,0
PAIR-100551,0.0,0.0,0.0,1.0,0.0,0.0,0.0,0
PAIR-100552,0.0,0.0,0.0,1.0,1.0,0.0,0.0,0
PAIR-100553,0.0,0.48055555555555557,0.5897435897435898,0.0,0.0,0.40000000000000036,0.0,0
PAIR-100554,0.0,0.5750000000000001,0.5230769230769231,0.0,0.0,11.3,0.0,0
PAIR-100555,0.0,0.0,0.0,1.0,0.0,0.0,0.0,0
PAIR-100556,0.9666666666666666,0.0,0.0,0.0,0.0,10.5,0.0,0
PAIR-100557,0.0,0.0,0.0,1.0,0.0,8.3,0.0,0
PAIR-100558,0.0,0.0,0.0,0.0,0.0,0.0,0.0,0
PAIR-100559,0.0,0.0,0.0,1.0,0.0,1.1999999999999993,0.0,0
PAIR-100560,0.0,0.0,0.0,1.0,1.0,0.0,0.0,0
PAIR-100561,0.9,0.0,0.0,0.0,0.0,2.6000000000000014,0.0,0
PAIR-100562,0.0,0.0,0.0,1.0,0.0,0.0,0.0,0
PAIR-100563,0.9,0.0,0.0,0.0,0.0,1.8000000000000007,0.0,0
PAIR-100564,0.0,0.0,0.0,0.0,0.0,0.0,0.0,0
PAIR-100565,0.0,0.0,0.0,1.0,0.0,0.0,0.0,0
PAIR-100566,0.0,0.0,0.0,1.0,1.0,0.0,0.0,0
PAIR-100567,0.0,0.0,0.0,1.0,0.0,0.0,0.0,0
PAIR-100568,0.0,0.0,0.0,1.0,0.0,4.4,0.0,0
PAIR-100569,0.0,0.0,0.0,0.0,0.0,0.0,0.0,0
PAIR-100570,0.0,0.0,0.0,1.0,0.0,3.0999999999999996,0.0,0
PAIR-100571,0.0,0.5238095238095238,0.5970695970695971,0.0,0.0,4.600000000000001,0.0,0
PAIR-100572,0.0,0.0,0.0,0.0,0.0,0.0,0.0,0
PAIR-100573,0.0,0.0,0.0,1.0,1.0,0.0,0.0,0
PAIR-100574,0.0,0.0,0.0,1.0,1.0,0.0,0.0,0
PAIR-100575,0.0,0.0,0.0,1.0,1.0,0.0,0.0,0
PAIR-100576,0.9,0.0,0.0,0.0,1.0,4.5,0.0,0
PAIR-100577,0.0,0.6095959595959596,0.8531468531468531,0.0,0.0,2.8999999999999995,0.0,0
PAIR-100578,0.0,0.0,0.0,0.0,0.0,0.0,0.0,0
PAIR-100579,0.0,0.0,0.0,1.0,1.0,0.0,0.0,0
PAIR-100580,0.0,0.0,0.0,0.0,0.0,0.0,0.0,0
PAIR-100581,0.0,0.529040404040404,0.6111111111111112,0.0,0.0,4.300000000000001,0.0,0
PAIR-100582,0.0,0.0,0.0,1.0,0.0,0.20000000000000018,1.0,0
PAIR-100583,0.9333333333333333,0.0,0.0,0.0,0.0,9.100000000000001,0.0,0
PAIR-100584,0.0,0.0,0.0,1.0,0.0,2.299999999999999,0.0,0
PAIR-100585,0.0,0.0,0.0,1.0,1.0,6.1,0.0,0
PAIR-100586,0.0,0.0,0.0,1.0,0.0,0.0,0.0,0
PAIR-100587,0.0,0.6878306878306879,0.5570707070707072,0.0,0.0,0.7999999999999998,0.0,0
PAIR-100588,0.0,0.0,0.0,1.0,1.0,0.0,0.0,0
PAIR-100589,0.0,0.0,0.0,1.0,1.0,0.0,0.0,0
PAIR-100590,0.0,0.0,0.0,1.0,1.0,0.0,0.0,0
PAIR-100591,0.0,0.0,0.0,1.0,1.0,0.0,0.0,0
PAIR-100592,0.0,0.0,0.0,1.0,0.0,0.0,0.0,0
PAIR-100593,0.9333333333333333,0.0,0.0,0.0,0.0,0.5999999999999996,1.0,0
PAIR-100594,0.9333333333333333,0.0,0.0,0.0,0.0,0.5,0.0,0
PAIR-100595,0.0,0.6175,0.4478021978021978,0.0,0.0,2.9000000000000004,0.0,0
PAIR-100596,0.0,0.0,0.0,1.0,0.0,8.1,0.0,0
PAIR-100597,0.0,0.5372294372294372,0.6318681318681318,0.0,0.0,4.200000000000001,0.0,0
PAIR-100598,0.0,0.4827264239028945,0.7185439560439562,0.0,0.0,1.7999999999999998,0.0,0
PAIR-100599,0.0,0.0,0.0,0.0,0.0,0.0,0.0,0
PAIR-100600,0.9136363636363637,0.0,0.0,0.0,0.0,6.2,0.0,0
PAIR-100601,0.0,0.0,0.0,1.0,1.0,0.0,0.0,0
PAIR-100602,0.9484848484848484,0.0,0.0,0.0,0.0,1.5999999999999996,0.0,0
PAIR-100603,0.0,0.0,0.0,1.0,1.0,0.0,0.0,0
PAIR-100604,0.0,0.0,0.0,1.0,1.0,0.0,0.0,0
PAIR-100605,0.0,0.0,0.0,1.0,1.0,0.0,0.0,0
PAIR-100606,0.0,0.0,0.0,1.0,0.0,0.6000000000000005,0.0,0
PAIR-100607,0.0,0.0,0.0,1.0,0.0,0.0,0.0,0
PAIR-100608,0.9484848484848484,0.0,0.0,0.0,0.0,4.5,1.0,0
PAIR-100609,0.0,0.0,0.0,1.0,0.0,0.0,0.0,0
PAIR-100610,0.0,0.0,0.0,1.0,0.0,4.200000000000001,0.0,0
PAIR-100611,0.0,0.0,0.0,1.0,1.0,0.0,0.0,0
PAIR-100612,0.0,0.0,0.0,0.0,0.0,0.0,0.0,0
PAIR-100613,0.0,1.0,0.6057720057720059,0.0,0.0,2.8999999999999995,0.0,0
PAIR-100614,0.0,0.8558712121212121,0.7435897435897436,0.0,0.0,3.1000000000000014,0.0,0
PAIR-100615,0.9484848484848484,0.0,0.0,0.0,0.0,0.9000000000000004,0.0,0
PAIR-100616,0.0,0.0,0.0,1.0,1.0,0.0,0.0,0
PAIR-100617,0.0,0.0,0.0,1.0,0.0,4.699999999999999,1.0,0
PAIR-100618,0.0,0.5238095238095238,0.5555555555555555,0.0,0.0,2.5999999999999996,0.0,0
PAIR-100619,0.0,0.0,0.0,1.0,1.0,0.0,0.0,0
PAIR-100620,0.0,0.0,0.0,1.0,0.0,10.0,0.0,0
PAIR-100621,0.0,0.0,0.0,1.0,1.0,0.0,0.0,0
PAIR-100622,0.9333333333333333,0.0,0.0,0.0,0.0,1.9000000000000004,1.0,0
PAIR-100623,0.9,0.0,0.0,0.0,0.0,9.3,0.0,0
PAIR-100624,0.0,0.0,0.0,1.0,0.0,0.0,0.0,0
PAIR-100625,0.0,0.529040404040404,0.0,0.0,0.0,8.299999999999999,0.0,0
PAIR-100626,0.0,0.0,0.0,1.0,1.0,0.0,0.0,0
PAIR-100627,0.0,0.0,0.0,1.0,0.0,0.0,0.0,0
PAIR-100628,0.0,0.0,0.0,0.0,0.0,0.0,0.0,0
PAIR-100629,0.0,0.0,0.0,1.0,1.0,0.0,0.0,0
PAIR-100630,0.0,0.0,0.0,1.0,1.0,0.0,0.0,0
PAIR-100631,0.0,0.0,0.0,1.0,1.0,0.0,0.0,0
PAIR-100632,0.9333333333333333,0.0,0.0,0.0,0.0,4.5,0.0,0
PAIR-100633,0.0,0.0,0.0,1.0,0.0,0.0,0.0,0
PAIR-100634,0.0,0.6261437908496732,0.7043142043142043,0.0,0.0,5.9,0.0,0
PAIR-100635,0.0,0.0,0.0,1.0,1.0,0.0,0.0,0
PAIR-100636,0.9636363636363636,0.0,0.0,0.0,0.0,4.0,0.0,0
PAIR-100637,0.0,0.0,0.0,1.0,1.0,0.0,0.0,0
PAIR-100638,0.0,0.0,0.0,1.0,0.0,0.0,0.0,0
PAIR-100639,0.0,0.6024531024531025,0.6686813186813186,0.0,0.0,1.8000000000000007,1.0,0
PAIR-100640,0.0,0.0,0.0,1.0,1.0,0.0,0.0,0
PAIR-100641,0.0,0.0,0.0,1.0,1.0,0.0,0.0,0
PAIR-100642,0.0,0.0,0.0,0.0,0.0,0.0,0.0,0
PAIR-100643,0.0,0.8558712121212121,0.46367521367521364,0.0,0.0,1.2000000000000002,0.0,0
PAIR-100644,0.0,0.0,0.0,0.0,0.0,0.0,0.0,0
PAIR-100645,0.0,0.0,0.0,1.0,0.0,0.0,0.0,0
PAIR-100646,0.0,0.0,0.0,0.0,0.0,0.0,0.0,0
PAIR-100647,0.0,0.0,0.0,0.0,0.0,0.0,0.0,0
PAIR-100648,0.9333333333333333,0.0,0.0,0.0,0.0,2.1,0.0,0
PAIR-100649,0.9333333333333333,0.0,0.0,0.0,0.0,0.09999999999999964,1.0,0
PAIR-100650,0.0,0.0,0.0,1.0,0.0,6.999999999999999,0.0,0
PAIR-100651,0.0,0.0,0.0,1.0,0.0,3.4000000000000004,0.0,0
PAIR-100652,0.0,0.0,0.0,1.0,1.0,0.0,0.0,0
PAIR-100653,0.0,0.0,0.0,1.0,0.0,0.0,0.0,0
PAIR-100654,0.0,0.0,0.0,1.0,1.0,0.0,0.0,0
PAIR-100655,0.0,0.0,0.0,1.0,0.0,0.0,0.0,0
PAIR-100656,0.0,0.0,0.0,1.0,1.0,0.0,0.0,0
PAIR-100657,0.0,0.0,0.0,1.0,1.0,0.0,0.0,0
PAIR-100658,0.0,0.0,0.0,1.0,1.0,0.0,0.0,0
PAIR-100659,0.0,0.0,0.0,1.0,0.0,0.7000000000000002,0.0,0
PAIR-100660,0.0,0.0,0.0,1.0,0.0,3.4000000000000004,0.0,0
PAIR-100661,0.0,0.0,0.0,1.0,0.0,0.0,0.0,0
PAIR-100662,0.0,0.0,0.0,1.0,0.0,7.699999999999999,1.0,0
PAIR-100663,0.0,0.0,0.0,1.0,0.0,5.8,0.0,0
PAIR-100664,0.0,0.0,0.0,1.0,0.0,0.0,0.0,0
PAIR-100665,0.0,0.0,0.0,1.0,0.0,0.7999999999999998,1.0,0
PAIR-100666,0.0,0.6305555555555555,0.6428571428571429,0.0,0.0,3.7,0.0,0
PAIR-100667,0.0,0.0,0.0,1.0,1.0,0.0,0.0,0
PAIR-100668,0.0,0.0,0.0,1.0,0.0,0.0,0.0,0
PAIR-100669,0.0,0.6472222222222223,0.5555555555555555,0.0,0.0,2.200000000000001,0.0,0
PAIR-100670,0.9484848484848484,0.0,0.0,0.0,1.0,3.3999999999999986,0.0,0
PAIR-100671,0.0,0.0,0.0,1.0,0.0,0.0,0.0,0
PAIR-100672,0.0,0.65,0.6726190476190476,0.0,0.0,8.1,0.0,0
PAIR-100673,0.0,0.0,0.0,0.0,0.0,0.0,0.0,0
PAIR-100674,0.9666666666666666,0.0,0.0,0.0,0.0,1.5,0.0,0
PAIR-100675,0.0,0.0,0.0,1.0,0.0,0.1999999999999993,0.0,0
PAIR-100676,0.0,0.0,0.0,1.0,0.0,0.0,0.0,0
PAIR-100677,0.0,0.0,0.0,1.0,0.0,5.199999999999999,0.0,0
PAIR-100678,0.9333333333333333,0.0,0.0,0.0,0.0,1.8000000000000007,0.0,0
PAIR-100679,0.0,0.0,0.0,1.0,0.0,0.0,0.0,0
PAIR-100680,0.9666666666666666,0.0,0.0,0.0,0.0,3.4000000000000004,0.0,0
PAIR-100681,0.9484848484848484,0.0,0.0,0.0,0.0,3.200000000000001,0.0,0
PAIR-100682,0.0,0.0,0.0,0.0,0.0,0.0,0.0,0
PAIR-100683,0.0,0.6305555555555555,0.5463869463869464,0.0,0.0,0.09999999999999964,0.0,0
PAIR-100684,0.0,0.4688725490196079,0.5292929292929293,0.0,0.0,6.299999999999999,0.0,0
PAIR-100685,0.0,0.0,0.0,0.0,0.0,0.0,0.0,0
PAIR-100686,0.0,0.0,0.0,1.0,0.0,0.0,0.0,0
PAIR-100687,0.0,0.4898809523809524,0.6024531024531025,0.0,0.0,4.300000000000001,0.0,0
PAIR-100688,0.0,0.0,0.0,1.0,1.0,0.0,0.0,0
PAIR-100689,0.9333333333333333,0.0,0.0,0.0,0.0,3.6000000000000005,0.0,0
PAIR-100690,0.0,0.0,0.0,1.0,1.0,0.0,0.0,0
PAIR-100691,0.9333333333333333,0.0,0.0,0.0,0.0,2.0,0.0,0
PAIR-100692,0.0,0.0,0.0,1.0,0.0,0.0,0.0,0
PAIR-100693,0.0,0.43452380952380953,0.6944444444444445,0.0,0.0,2.3999999999999995,0.0,0
PAIR-100694,0.9484848484848484,0.0,0.0,0.0,0.0,5.0,0.0,0
PAIR-100695,0.9,0.0,0.0,0.0,0.0,2.1999999999999993,0.0,0
PAIR-100696,0.0,0.0,0.0,1.0,0.0,9.7,1.0,0
PAIR-100697,0.0,0.0,0.0,1.0,0.0,3.299999999999999,0.0,0
PAIR-100698,0.0,0.6175,0.6872710622710624,0.0,0.0,2.9000000000000004,0.0,0
PAIR-100699,0.0,0.0,0.0,0.0,0.0,4.1,0.0,0
PAIR-100700,0.0,0.0,0.0,1.0,0.0,0.0,0.0,0
PAIR-100701,0.0,0.0,0.0,1.0,1.0,0.0,0.0,0
PAIR-100702,0.0,0.0,0.0,1.0,0.0,10.0,0.0,0
PAIR-100703,0.9333333333333333,0.0,0.0,0.0,0.0,3.0,0.0,0
PAIR-100704,0.0,0.0,0.0,1.0,1.0,0.0,0.0,0
PAIR-100705,0.0,0.0,0.0,1.0,1.0,0.0,0.0,0
PAIR-100706,0.0,0.0,0.0,1.0,1.0,0.0,0.0,0
PAIR-100707,0.9666666666666666,0.0,0.0,0.0,0.0,9.4,0.0,0
PAIR-100708,0.0,0.0,0.0,0.0,0.0,0.0,0.0,0
PAIR-100709,0.0,0.5029761904761905,0.6318681318681318,0.0,0.0,7.6,0.0,0
PAIR-100710,0.9,0.0,0.0,0.0,0.0,2.1000000000000005,0.0,0
PAIR-100711,0.0,0.0,0.0,1.0,0.0,0.0,0.0,0
PAIR-100712,0.0,0.0,0.0,1.0,0.0,8.4,0.0,0
PAIR-100713,0.0,0.0,0.0,0.0,0.0,0.0,0.0,0
PAIR-100714,0.0,0.0,0.0,0.0,0.0,0.0,0.0,0
PAIR-100715,0.0,0.0,0.0,0.0,0.0,0.0,0.0,0
PAIR-100716,0.0,0.0,0.0,1.0,0.0,0.0,0.0,0
PAIR-100717,0.0,0.0,0.0,1.0,1.0,0.0,0.0,0
PAIR-100718,0.0,0.529040404040404,0.7435897435897436,0.0,0.0,1.0999999999999996,0.0,0
PAIR-100719,0.0,0.0,0.0,0.0,0.0,0.0,0.0,0
PAIR-100720,0.9333333333333333,0.0,0.0,0.0,0.0,3.0,0.0,0
PAIR-100721,0.0,0.0,0.0,0.0,0.0,0.0,0.0,0
PAIR-100722,0.0,1.0,0.746031746031746,0.0,0.0,0.7999999999999989,1.0,0
PAIR-100723,0.0,0.0,0.0,0.0,0.0,0.0,0.0,0
PAIR-100724,0.0,0.0,0.0,1.0,0.0,0.0,0.0,0
PAIR-100725,0.0,0.0,0.0,1.0,0.0,0.0,0.0,0
PAIR-100726,0.9333333333333333,0.0,0.0,0.0,0.0,3.8,0.0,0
PAIR-100727,0.0,0.0,0.0,1.0,0.0,0.0,0.0,0
PAIR-100728,0.9,0.0,0.0,0.0,0.0,0.20000000000000018,0.0,0
PAIR-100729,0.0,0.0,0.0,1.0,1.0,0.0,0.0,0
PAIR-100730,0.9,0.0,0.0,0.0,0.0,8.4,0.0,0
PAIR-100731,0.0,0.0,0.0,1.0,0.0,1.200000000000001,0.0,0
PAIR-100732,0.9136363636363637,0.0,0.0,0.0,0.0,4.1000000000000005,0.0,0
PAIR-100733,0.0,0.0,0.0,1.0,1.0,0.0,0.0,0
PAIR-100734,0.9,0.0,0.0,0.0,0.0,0.29999999999999893,0.0,0
PAIR-100735,0.0,0.0,0.0,0.0,0.0,0.0,0.0,0
PAIR-100736,0.9136363636363637,0.0,0.0,0.0,1.0,1.0,0.0,0
PAIR-100737,0.0,0.0,0.0,1.0,0.0,0.0,0.0,0
PAIR-100738,0.9333333333333333,0.0,0.0,0.0,0.0,7.1,0.0,0
PAIR-100739,0.0,0.8558712121212121,0.5873015873015873,0.0,0.0,3.799999999999999,0.0,0
PAIR-100740,0.0,0.0,0.0,1.0,1.0,0.0,0.0,0
PAIR-100741,0.0,0.6095959595959596,0.5337606837606838,0.0,0.0,11.0,0.0,0
PAIR-100742,0.0,0.0,0.0,1.0,0.0,0.0,0.0,0
PAIR-100743,0.0,0.0,0.0,1.0,0.0,0.0,0.0,0
PAIR-100744,0.0,0.0,0.0,1.0,0.0,0.0,0.0,0
PAIR-100745,0.0,0.0,0.0,0.0,0.0,0.0,0.0,0
PAIR-100746,0.0,0.0,0.0,1.0,1.0,0.0,0.0,0
PAIR-100747,0.0,0.0,0.0,1.0,0.0,0.0,0.0,0
PAIR-100748,0.0,0.0,0.0,0.0,0.0,0.0,0.0,0
PAIR-100749,0.0,0.0,0.0,0.0,0.0,0.0,0.0,0
PAIR-100750,0.0,0.0,0.0,1.0,1.0,0.0,0.0,0
PAIR-100751,0.0,0.0,0.0,0.0,0.0,0.0,0.0,0
PAIR-100752,0.0,0.0,0.0,1.0,1.0,0.0,0.0,0
PAIR-100753,0.0,0.0,0.0,0.0,0.0,0.0,0.0,0
PAIR-100754,0.0,0.0,0.0,1.0,1.0,0.0,0.0,0
PAIR-100755,0.0,0.0,0.0,1.0,0.0,0.0,0.0,0
PAIR-100756,0.9136363636363637,0.0,0.0,0.0,0.0,3.1999999999999993,0.0,0
PAIR-100757,0.9333333333333333,0.0,0.0,0.0,0.0,1.3000000000000007,0.0,0
PAIR-100758,0.0,0.0,0.0,1.0,0.0,8.5,0.0,0
PAIR-100759,0.0,0.0,0.0,1.0,0.0,3.3000000000000007,0.0,0
PAIR-100760,0.9333333333333333,0.0,0.0,0.0,0.0,3.299999999999999,1.0,0
PAIR-100761,0.0,0.0,0.0,0.0,0.0,0.0,0.0,0
PAIR-100762,0.0,0.0,0.0,1.0,0.0,0.0,0.0,0
PAIR-100763,0.0,0.0,0.0,1.0,0.0,0.7999999999999998,0.0,0
PAIR-100764,0.0,0.0,0.0,1.0,0.0,9.5,1.0,0
PAIR-100765,0.0,0.0,0.0,1.0,0.0,6.699999999999999,0.0,0
PAIR-100766,0.0,0.0,0.0,1.0,1.0,0.0,0.0,0
PAIR-100767,0.0,0.0,0.0,1.0,0.0,0.0,0.0,0
PAIR-100768,0.0,0.0,0.0,1.0,0.0,7.800000000000001,1.0,0
PAIR-100769,0.0,0.0,0.0,1.0,0.0,0.0,0.0,0
PAIR-100770,0.0,0.0,0.0,1.0,1.0,0.0,0.0,0
PAIR-100771,0.0,0.0,0.0,1.0,0.0,0.0,0.0,0
PAIR-100772,0.0,0.7014705882352942,0.6726190476190476,0.0,0.0,4.199999999999999,0.0,0
PAIR-100773,0.0,0.0,0.0,1.0,0.0,6.199999999999999,0.0,0
PAIR-100774,0.0,0.0,0.0,1.0,0.0,7.2,1.0,0
PAIR-100775,0.0,0.0,0.0,1.0,1.0,0.0,0.0,0
PAIR-100776,0.0,0.0,0.0,1.0,0.0,0.0,0.0,0
PAIR-100777,0.0,1.0,0.6024531024531025,0.0,0.0,2.0,1.0,0
PAIR-100778,0.0,0.0,0.0,0.0,0.0,0.0,0.0,0
PAIR-100779,0.0,0.0,0.0,0.0,0.0,0.0,0.0,0
PAIR-100780,0.0,0.0,0.0,0.0,0.0,0.0,0.0,0
PAIR-100781,0.0,0.529040404040404,0.6316239316239316,0.0,0.0,6.3999999999999995,0.0,0
PAIR-100782,0.9136363636363637,0.0,0.0,0.0,0.0,3.5999999999999996,1.0,0
PAIR-100783,0.9136363636363637,0.0,0.0,0.0,0.0,4.699999999999999,0.0,0
PAIR-100784,0.0,0.529040404040404,0.6130536130536131,0.0,0.0,5.200000000000001,0.0,0
PAIR-100785,0.0,0.0,0.0,1.0,1.0,0.0,0.0,0
PAIR-100786,0.0,0.0,0.0,0.0,0.0,0.0,0.0,0
PAIR-100787,0.9333333333333333,0.0,0.0,0.0,0.0,0.8000000000000007,0.0,0
PAIR-100788,0.0,0.0,0.0,1.0,1.0,0.0,0.0,0
PAIR-100789,0.0,0.0,0.0,0.0,0.0,0.0,0.0,0
PAIR-100790,0.0,0.0,0.0,0.0,0.0,0.0,0.0,0
PAIR-100791,0.0,0.0,0.0,1.0,0.0,0.0,0.0,0
PAIR-100792,0.0,0.0,0.0,1.0,0.0,5.1000000000000005,0.0,0
PAIR-100793,0.0,0.3507936507936508,0.7999999999999999,0.0,0.0,5.199999999999999,0.0,0
PAIR-100794,0.0,0.0,0.0,1.0,1.0,0.0,0.0,0
PAIR-100795,0.0,0.0,0.0,1.0,0.0,0.5,0.0,0
PAIR-100796,0.0,0.0,0.0,0.0,0.0,0.0,0.0,0
PAIR-100797,0.9,0.0,0.0,0.0,1.0,3.0,1.0,0
PAIR-100798,0.0,0.0,0.0,1.0,1.0,0.0,0.0,0
PAIR-100799,0.0,0.0,0.0,0.0,0.0,0.0,0.0,0
PAIR-100800,0.0,0.0,0.0,1.0,0.0,0.0,0.0,0
PAIR-100801,0.0,0.0,0.0,1.0,1.0,0.0,0.0,0
PAIR-100802,0.0,0.0,0.0,0.0,0.0,0.0,0.0,0
PAIR-100803,0.9136363636363637,0.0,0.0,0.0,0.0,1.700000000000001,0.0,0
PAIR-100804,0.0,0.0,0.0,0.0,0.0,0.0,0.0,0
PAIR-100805,0.9666666666666666,0.0,0.0,0.0,0.0,0.6000000000000001,0.0,0
PAIR-100806,0.0,0.6064705882352942,0.5075757575757576,0.0,0.0,1.5,0.0,0
PAIR-100807,0.0,0.0,0.0,1.0,0.0,0.0,0.0,0
PAIR-100808,0.0,0.5722222222222223,0.5570707070707072,0.0,0.0,5.699999999999999,0.0,0
PAIR-100809,0.0,0.0,0.0,1.0,0.0,0.0,0.0,0
PAIR-100810,0.0,0.0,0.0,1.0,1.0,0.0,0.0,0
PAIR-100811,0.0,0.0,0.0,1.0,0.0,5.4,0.0,0
PAIR-100812,0.0,0.0,0.0,1.0,0.0,0.0,0.0,0
PAIR-100813,0.0,0.7014705882352942,0.6686813186813186,0.0,0.0,3.4000000000000004,0.0,0
PAIR-100814,0.9136363636363637,0.0,0.0,0.0,0.0,9.3,0.0,0
PAIR-100815,0.0,0.0,0.0,1.0,0.0,0.0,0.0,0
PAIR-100816,0.0,0.0,0.0,1.0,0.0,3.0999999999999996,0.0,0
PAIR-100817,0.0,0.0,0.0,1.0,1.0,0.0,0.0,0
PAIR-100818,0.0,0.0,0.0,0.0,0.0,0.0,0.0,0
PAIR-100819,0.0,0.0,0.0,0.0,0.0,0.0,0.0,0
PAIR-100820,0.0,0.48194444444444445,0.5707070707070706,0.0,0.0,2.0000000000000004,0.0,0
PAIR-100821,0.0,1.0,0.6666666666666666,0.0,0.0,5.5,0.0,0
PAIR-100822,0.0,0.0,0.0,1.0,0.0,0.0,0.0,0
PAIR-100823,0.0,0.6742857142857144,0.5094017094017094,0.0,0.0,0.0,0.0,0
PAIR-100824,0.0,0.0,0.0,1.0,0.0,3.0,0.0,0
PAIR-100825,0.0,1.0,0.4909090909090909,0.0,0.0,4.699999999999999,0.0,0
PAIR-100826,0.0,0.0,0.0,1.0,0.0,0.2999999999999998,0.0,0
PAIR-100827,0.0,0.0,0.0,0.0,0.0,0.0,0.0,0
PAIR-100828,0.0,0.0,0.0,1.0,1.0,0.0,0.0,0
PAIR-100829,0.0,0.0,0.0,1.0,0.0,0.9000000000000004,0.0,0
PAIR-100830,0.0,0.0,0.0,1.0,0.0,0.0,0.0,0
PAIR-100831,0.0,0.0,0.0,1.0,0.0,0.0,0.0,0
PAIR-100832,0.0,0.0,0.0,0.0,0.0,0.0,0.0,0
PAIR-100833,0.0,0.0,0.0,1.0,0.0,1.5999999999999996,0.0,0
PAIR-100834,0.9484848484848484,0.0,0.0,0.0,0.0,6.7,0.0,0
PAIR-100835,0.0,0.0,0.0,1.0,0.0,0.0,0.0,0
PAIR-100836,0.0,0.5714285714285715,0.5982905982905983,0.0,0.0,2.5,0.0,0
PAIR-100837,0.0,0.0,0.0,1.0,0.0,0.0,0.0,0
PAIR-100838,0.0,0.0,0.0,1.0,0.0,5.299999999999999,0.0,0
PAIR-100839,0.0,0.6555555555555556,0.6269230769230769,0.0,0.0,2.6000000000000005,0.0,0
PAIR-100840,0.0,0.0,0.0,1.0,1.0,0.0,0.0,0
PAIR-100841,0.0,0.0,0.0,1.0,0.0,9.7,0.0,0
PAIR-100842,0.0,0.0,0.0,1.0,0.0,3.6999999999999993,0.0,0
PAIR-100843,0.0,0.0,0.0,1.0,0.0,2.799999999999999,0.0,0
PAIR-100844,0.0,0.0,0.0,1.0,0.0,0.0,0.0,0
PAIR-100845,0.0,0.0,0.0,1.0,1.0,0.0,0.0,0
PAIR-100846,0.0,0.0,0.0,1.0,0.0,2.0,1.0,0
PAIR-100847,0.0,0.0,0.0,1.0,0.0,0.0,0.0,0
PAIR-100848,0.0,0.0,0.0,1.0,0.0,0.0,0.0,0
PAIR-100849,0.0,0.0,0.0,0.0,0.0,0.0,0.0,0
PAIR-100850,0.0,0.0,0.0,1.0,0.0,1.8000000000000007,0.0,0
PAIR-100851,0.0,0.6472222222222223,0.728937728937729,0.0,0.0,4.5,1.0,0
PAIR-100852,0.0,0.0,0.0,1.0,0.0,0.0,0.0,0
PAIR-100853,0.0,0.0,0.0,1.0,1.0,0.0,0.0,0
PAIR-100854,0.0,0.0,0.0,1.0,0.0,0.0,0.0,0
PAIR-100855,0.0,0.0,0.0,1.0,1.0,0.0,0.0,0
PAIR-100856,0.0,0.0,0.0,1.0,1.0,0.0,0.0,0
PAIR-100857,0.0,0.0,0.0,1.0,1.0,0.0,0.0,0
PAIR-100858,0.9333333333333333,0.0,0.0,0.0,0.0,3.3999999999999995,0.0,0
PAIR-100859,0.0,0.5372294372294372,0.6318681318681318,0.0,0.0,1.0,1.0,0
PAIR-100860,0.0,0.0,0.0,0.0,0.0,0.0,0.0,0
PAIR-100861,0.0,0.0,0.0,1.0,0.0,0.0,0.0,0
PAIR-100862,0.0,0.0,0.0,0.0,0.0,0.0,0.0,0
PAIR-100863,0.0,1.0,0.4904040404040404,0.0,0.0,7.300000000000001,1.0,0
PAIR-100864,0.0,0.0,0.0,1.0,0.0,7.8,0.0,0
PAIR-100865,0.0,0.0,0.0,1.0,1.0,0.0,0.0,0
PAIR-100866,0.0,0.0,0.0,1.0,0.0,3.4000000000000004,0.0,0
PAIR-100867,0.0,0.5714285714285715,0.5854700854700855,0.0,0.0,4.2,0.0,0
PAIR-100868,0.9333333333333333,0.0,0.0,0.0,0.0,1.5,0.0,0
PAIR-100869,0.0,0.0,0.0,1.0,0.0,1.0999999999999996,0.0,0
PAIR-100870,0.0,0.0,0.0,0.0,0.0,0.0,0.0,0
PAIR-100871,0.0,0.0,0.0,1.0,0.0,3.7,0.0,0
PAIR-100872,0.0,0.0,0.0,1.0,0.0,0.0,0.0,0
PAIR-100873,0.0,0.0,0.0,0.0,0.0,0.0,0.0,0
PAIR-100874,0.0,0.0,0.0,1.0,1.0,0.0,0.0,0
PAIR-100875,0.0,0.0,0.0,1.0,0.0,0.0,0.0,0
PAIR-100876,0.0,0.0,0.0,1.0,0.0,0.0,0.0,0
PAIR-100877,0.0,0.0,0.0,1.0,0.0,0.0,0.0,0
PAIR-100878,0.0,0.0,0.0,1.0,1.0,0.0,0.0,0
PAIR-100879,0.0,0.0,0.0,1.0,0.0,0.0,0.0,0
PAIR-100880,0.0,0.0,0.0,1.0,0.0,10.8,0.0,0
PAIR-100881,0.0,0.0,0.0,0.0,0.0,0.0,0.0,0
PAIR-100882,0.0,0.0,0.0,1.0,0.0,3.6999999999999997,0.0,0
PAIR-100883,0.0,0.0,0.0,0.0,0.0,0.0,0.0,0
PAIR-100884,0.0,0.0,0.0,1.0,0.0,6.699999999999999,0.0,0
PAIR-100885,0.0,0.0,0.0,0.0,0.0,0.0,0.0,0
PAIR-100886,0.0,0.0,0.0,1.0,1.0,0.0,0.0,0
PAIR-100887,0.0,0.0,0.0,1.0,1.0,0.0,0.0,0
PAIR-100888,0.0,0.0,0.0,1.0,1.0,0.0,0.0,0
PAIR-100889,0.0,0.0,0.0,1.0,0.0,3.3,0.0,0
PAIR-100890,0.0,0.0,0.0,1.0,1.0,0.0,0.0,0
PAIR-100891,0.0,0.0,0.0,1.0,0.0,0.3000000000000007,0.0,0
PAIR-100892,0.0,0.4688725490196079,0.7435897435897436,0.0,0.0,9.0,0.0,0
PAIR-100893,0.0,0.0,0.0,1.0,0.0,0.0,0.0,0
PAIR-100894,0.0,0.0,0.0,1.0,0.0,0.0,0.0,0
PAIR-100895,0.0,0.0,0.0,1.0,0.0,1.3999999999999995,0.0,0
PAIR-100896,0.0,0.0,0.0,1.0,0.0,0.0,0.0,0
PAIR-100897,0.0,0.5539682539682539,0.4564102564102564,0.0,0.0,7.699999999999999,0.0,0
PAIR-100898,0.0,0.0,0.0,1.0,1.0,0.0,0.0,0
PAIR-100899,0.0,0.48194444444444445,0.4984126984126984,0.0,0.0,1.4999999999999991,0.0,0
PAIR-100900,0.0,0.0,0.0,1.0,0.0,0.5,0.0,0
PAIR-100901,0.0,0.0,0.0,1.0,0.0,0.0,0.0,0
PAIR-100902,0.0,0.0,0.0,1.0,1.0,0.0,0.0,0
PAIR-100903,0.0,0.0,0.0,0.0,0.0,0.0,0.0,0
PAIR-100904,0.9136363636363637,0.0,0.0,0.0,0.0,2.3999999999999995,0.0,0
PAIR-100905,0.0,0.5539682539682539,0.7786324786324786,0.0,0.0,4.0,1.0,0
PAIR-100906,0.0,0.0,0.0,1.0,0.0,3.9000000000000004,0.0,0
PAIR-100907,0.0,0.0,0.0,1.0,1.0,0.0,0.0,0
PAIR-100908,0.0,0.3767676767676768,0.6316239316239316,0.0,0.0,0.3000000000000007,0.0,0
PAIR-100909,0.0,0.0,0.0,1.0,1.0,0.0,0.0,0
PAIR-100910,0.0,0.0,0.0,0.0,0.0,0.0,0.0,0
PAIR-100911,0.0,0.0,0.0,1.0,0.0,5.999999999999999,0.0,0
PAIR-100912,0.0,0.0,0.0,1.0,0.0,4.6,0.0,0
PAIR-100913,0.0,0.0,0.0,1.0,0.0,0.0,0.0,0
PAIR-100914,0.0,0.6555555555555556,0.777065527065527,0.0,0.0,2.6,0.0,0
PAIR-100915,0.9136363636363637,0.0,0.0,0.0,0.0,3.2,0.0,0
PAIR-100916,0.0,0.0,0.0,1.0,1.0,0.0,0.0,0
PAIR-100917,0.0,0.0,0.0,0.0,0.0,0.0,0.0,0
PAIR-100918,0.9136363636363637,0.0,0.0,0.0,1.0,3.299999999999999,0.0,0
PAIR-100919,0.0,0.0,0.0,1.0,1.0,0.0,0.0,0
PAIR-100920,0.0,0.0,0.0,1.0,0.0,6.6,0.0,0
PAIR-100921,0.0,0.0,0.0,1.0,1.0,0.0,0.0,0
PAIR-100922,0.9,0.0,0.0,0.0,0.0,9.2,0.0,0
PAIR-100923,0.0,0.0,0.0,0.0,0.0,0.0,0.0,0
PAIR-100924,0.0,0.0,0.0,1.0,0.0,0.0,0.0,0
PAIR-100925,0.9136363636363637,0.0,0.0,0.0,1.0,4.0,1.0,0
PAIR-100926,0.0,0.0,0.0,1.0,0.0,0.0,0.0,0
PAIR-100927,0.0,0.0,0.0,1.0,0.0,0.0,0.0,0
PAIR-100928,0.0,0.0,0.0,1.0,0.0,0.0,0.0,0
PAIR-100929,0.0,1.0,0.404040404040404,0.0,0.0,5.6,0.0,0
PAIR-100930,0.0,0.0,0.0,1.0,1.0,0.0,0.0,0
PAIR-100931,0.0,0.0,0.0,1.0,0.0,0.3000000000000007,0.0,0
PAIR-100932,0.0,0.0,0.0,1.0,1.0,0.0,0.0,0
PAIR-100933,0.0,0.0,0.0,0.0,0.0,0.0,0.0,0
PAIR-100934,0.0,0.4661319073083779,0.5731379731379732,0.0,0.0,3.0,0.0,0
PAIR-100935,0.0,0.0,0.0,0.0,0.0,0.0,0.0,0
PAIR-100936,0.0,0.0,0.0,1.0,0.0,3.000000000000001,0.0,0
PAIR-100937,0.0,0.0,0.0,1.0,0.0,1.0,0.0,0
PAIR-100938,0.0,0.0,0.0,1.0,0.0,0.0,0.0,0
PAIR-100939,0.0,0.0,0.0,1.0,1.0,0.0,0.0,0
PAIR-100940,0.9136363636363637,0.0,0.0,0.0,0.0,6.3,0.0,0
PAIR-100941,0.0,0.0,0.0,0.0,0.0,0.0,0.0,0
PAIR-100942,0.0,0.0,0.0,1.0,0.0,3.0,0.0,0
PAIR-100943,0.0,0.0,0.0,0.0,0.0,0.0,0.0,0
PAIR-100944,0.0,0.0,0.0,1.0,0.0,0.0,0.0,0
PAIR-100945,0.0,0.49186507936507934,0.5292929292929293,0.0,0.0,5.6,0.0,0
PAIR-100946,0.0,0.3507936507936508,0.5497835497835498,0.0,0.0,0.7999999999999998,0.0,0
PAIR-100947,0.9333333333333333,0.0,0.0,0.0,0.0,3.9000000000000004,0.0,0
PAIR-100948,0.0,0.0,0.0,1.0,1.0,0.0,0.0,0
PAIR-100949,0.0,0.0,0.0,1.0,0.0,1.2000000000000002,0.0,0
PAIR-100950,0.9136363636363637,0.0,0.0,0.0,0.0,2.8999999999999995,0.0,0
PAIR-100951,0.9,0.0,0.0,0.0,0.0,3.200000000000001,0.0,0
PAIR-100952,0.0,0.0,0.0,0.0,0.0,0.0,0.0,0
PAIR-100953,0.0,0.48194444444444445,0.0,0.0,0.0,7.8999999999999995,0.0,0
PAIR-100954,0.0,0.0,0.0,1.0,0.0,3.7,0.0,0
PAIR-100955,0.0,0.0,0.0,0.0,0.0,0.0,0.0,0
PAIR-100956,0.9333333333333333,0.0,0.0,0.0,0.0,5.5,0.0,0
PAIR-100957,0.0,0.4898809523809524,0.5854700854700855,0.0,0.0,6.8999999999999995,1.0,0
PAIR-100958,0.0,0.0,0.0,1.0,0.0,0.0,0.0,0
PAIR-100959,0.0,0.0,0.0,0.0,0.0,0.0,0.0,0
PAIR-100960,0.0,0.0,0.0,1.0,0.0,7.499999999999999,1.0,0
PAIR-100961,0.0,0.0,0.0,1.0,0.0,0.0,0.0,0
PAIR-100962,0.0,0.0,0.0,1.0,1.0,0.0,0.0,0
PAIR-100963,0.9333333333333333,0.0,0.0,0.0,0.0,0.8999999999999995,0.0,0
PAIR-100964,0.9136363636363637,0.0,0.0,0.0,1.0,2.4000000000000004,0.0,0
PAIR-100965,0.0,0.0,0.0,1.0,0.0,0.0,0.0,0
PAIR-100966,0.0,0.49186507936507934,0.5982905982905983,0.0,0.0,8.399999999999999,0.0,0
PAIR-100967,0.9666666666666666,0.0,0.0,0.0,0.0,0.20000000000000018,0.0,0
PAIR-100968,0.0,0.0,0.0,1.0,1.0,0.0,0.0,0
PAIR-100969,0.0,0.542016806722689,0.5230769230769231,0.0,0.0,1.0999999999999996,0.0,0
PAIR-100970,0.0,0.0,0.0,1.0,0.0,0.0,0.0,0
PAIR-100971,0.9484848484848484,0.0,0.0,0.0,0.0,5.1,0.0,0
PAIR-100972,0.9,0.0,0.0,0.0,0.0,0.3999999999999986,0.0,0
PAIR-100973,0.0,0.0,0.0,0.0,0.0,0.0,0.0,0
PAIR-100974,0.0,0.0,0.0,1.0,0.0,4.6,0.0,0
PAIR-100975,0.0,0.0,0.0,1.0,0.0,0.0,0.0,0
PAIR-100976,0.0,0.0,0.0,1.0,0.0,0.6000000000000005,0.0,0
PAIR-100977,0.9333333333333333,0.0,0.0,0.0,0.0,0.0,0.0,0
PAIR-100978,0.0,0.3507936507936508,0.6134421134421135,0.0,0.0,8.0,0.0,0
PAIR-100979,0.0,0.542016806722689,0.8581818181818182,0.0,0.0,5.200000000000001,0.0,0
PAIR-100980,0.0,0.0,0.0,1.0,0.0,0.0,0.0,0
PAIR-100981,0.0,0.0,0.0,0.0,0.0,0.0,0.0,0
PAIR-100982,0.0,0.0,0.0,1.0,0.0,3.1000000000000005,0.0,0
PAIR-100983,0.0,0.0,0.0,0.0,0.0,0.0,0.0,0
PAIR-100984,0.0,0.0,0.0,1.0,0.0,0.0,0.0,0
PAIR-100985,0.0,0.4898809523809524,0.6538461538461539,0.0,0.0,4.3,1.0,0
PAIR-100986,0.9,0.0,0.0,0.0,0.0,1.9000000000000004,0.0,0
PAIR-100987,0.0,0.0,0.0,0.0,0.0,0.0,0.0,0
PAIR-100988,0.0,0.4827264239028945,0.6392857142857143,0.0,0.0,0.09999999999999964,1.0,0
PAIR-100989,0.9333333333333333,0.0,0.0,0.0,0.0,7.3999999999999995,0.0,0
PAIR-100990,0.0,0.0,0.0,1.0,0.0,0.0,0.0,0
PAIR-100991,0.0,0.0,0.0,1.0,0.0,0.0,0.0,0
PAIR-100992,0.0,0.46262626262626255,0.5075757575757576,0.0,0.0,1.1999999999999993,0.0,0
PAIR-100993,0.0,0.0,0.0,1.0,1.0,0.0,0.0,0
PAIR-100994,0.0,1.0,0.6923076923076922,0.0,0.0,4.699999999999999,0.0,0
PAIR-100995,0.0,0.0,0.0,1.0,1.0,0.0,0.0,0
PAIR-100996,0.0,0.5869708994708994,0.7560439560439561,0.0,0.0,2.3,0.0,0
PAIR-100997,0.0,0.529040404040404,0.5230769230769231,0.0,0.0,0.7000000000000011,0.0,0
PAIR-100998,0.0,0.0,0.0,1.0,0.0,2.8999999999999986,0.0,0
PAIR-100999,0.0,0.0,0.0,0.0,0.0,0.0,0.0,0
PAIR-101000,0.9333333333333333,0.0,0.0,0.0,0.0,5.300000000000001,0.0,0
PAIR-101001,0.9,0.0,0.0,0.0,0.0,3.1000000000000014,0.0,0
PAIR-101002,0.9666666666666666,0.0,0.0,0.0,0.0,8.200000000000001,1.0,0
PAIR-101003,0.0,0.0,0.0,1.0,0.0,5.0,0.0,0
PAIR-101004,0.9484848484848484,0.0,0.0,0.0,0.0,9.0,0.0,0
PAIR-101005,0.0,0.0,0.0,0.0,0.0,0.0,0.0,0
PAIR-101006,0.0,0.0,0.0,1.0,1.0,0.0,0.0,0
PAIR-101007,0.0,0.0,0.0,0.0,0.0,0.0,0.0,0
PAIR-101008,0.9136363636363637,0.0,0.0,0.0,0.0,0.09999999999999964,0.0,0
PAIR-101009,0.0,0.4688725490196079,0.547008547008547,0.0,0.0,8.5,1.0,0
PAIR-101010,0.0,0.0,0.0,1.0,0.0,0.0,0.0,0
PAIR-101011,0.0,0.0,0.0,1.0,0.0,4.0,0.0,0
PAIR-101012,0.0,0.0,0.0,0.0,0.0,0.0,0.0,0
PAIR-101013,0.0,0.0,0.0,1.0,1.0,0.0,0.0,0
PAIR-101014,0.0,0.0,0.0,1.0,0.0,6.5,0.0,0
PAIR-101015,0.0,0.0,0.0,0.0,0.0,0.0,0.0,0
PAIR-101016,0.9333333333333333,0.0,0.0,0.0,0.0,5.1,0.0,0
PAIR-101017,0.0,0.0,0.0,0.0,0.0,0.0,0.0,0
PAIR-101018,0.0,0.0,0.0,1.0,1.0,0.0,0.0,0
PAIR-101019,0.0,0.3767676767676768,0.6134421134421135,0.0,0.0,3.6000000000000005,0.0,0
PAIR-101020,0.0,0.0,0.0,1.0,1.0,0.0,0.0,0
PAIR-101021,0.9,0.0,0.0,0.0,0.0,8.2,0.0,0
PAIR-101022,0.0,0.0,0.0,1.0,0.0,0.0,0.0,0
PAIR-101023,0.0,0.0,0.0,1.0,0.0,0.0,0.0,0
PAIR-101024,0.9484848484848484,0.0,0.0,0.0,0.0,5.699999999999999,0.0,0
PAIR-101025,0.0,0.0,0.0,1.0,1.0,0.0,0.0,0
PAIR-101026,0.0,0.0,0.0,1.0,1.0,0.0,0.0,0
PAIR-101027,0.0,0.0,0.0,0.0,0.0,0.0,0.0,0
PAIR-101028,0.0,0.0,0.0,0.0,0.0,0.0,0.0,0
PAIR-101029,0.0,0.46262626262626255,0.7222222222222223,0.0,0.0,3.0,0.0,0
PAIR-101030,0.9333333333333333,0.0,0.0,0.0,0.0,8.1,0.0,0
PAIR-101031,0.0,0.0,0.0,1.0,0.0,7.699999999999999,0.0,0
PAIR-101032,0.0,0.0,0.0,1.0,0.0,3.7,0.0,0
PAIR-101033,0.9,0.0,0.0,0.0,0.0,1.7000000000000002,0.0,0
PAIR-101034,0.0,0.0,0.0,1.0,0.0,0.0,0.0,0
PAIR-101035,0.9272727272727274,0.0,0.0,0.0,0.0,9.799999999999999,0.0,0
PAIR-101036,0.0,0.0,0.0,1.0,0.0,5.799999999999999,0.0,0
PAIR-101037,0.0,0.5192640692640692,0.5714285714285715,0.0,0.0,2.0999999999999996,0.0,0
PAIR-101038,0.0,0.0,0.0,1.0,0.0,0.0,0.0,0
PAIR-101039,0.9136363636363637,0.0,0.0,0.0,0.0,0.5999999999999996,0.0,0
PAIR-101040,0.0,0.0,0.0,1.0,1.0,0.0,0.0,0
PAIR-101041,0.9333333333333333,0.0,0.0,0.0,0.0,4.6000000000000005,0.0,0
PAIR-101042,0.0,0.6555555555555556,0.5880952380952381,0.0,0.0,7.4,1.0,0
PAIR-101043,0.0,0.0,0.0,1.0,0.0,1.9999999999999991,1.0,0
PAIR-101044,0.0,0.0,0.0,0.0,0.0,0.0,0.0,0
PAIR-101045,0.9666666666666666,0.0,0.0,0.0,0.0,10.399999999999999,0.0,0
PAIR-101046,0.0,0.0,0.0,1.0,1.0,0.0,0.0,0
PAIR-101047,0.9333333333333333,0.0,0.0,0.0,0.0,5.1,1.0,0
PAIR-101048,0.9484848484848484,0.0,0.0,0.0,0.0,1.5999999999999996,1.0,0
PAIR-101049,0.9436363636363637,0.0,0.0,0.0,0.0,1.1,0.0,0
PAIR-101050,0.0,0.0,0.0,1.0,0.0,0.0,0.0,0
PAIR-101051,0.0,0.0,0.0,0.0,0.0,0.0,0.0,0
PAIR-101052,0.9484848484848484,0.0,0.0,0.0,0.0,1.0999999999999996,1.0,0
PAIR-101053,0.0,0.0,0.0,0.0,0.0,0.0,0.0,0
PAIR-101054,0.0,0.3767676767676768,0.5714285714285715,0.0,0.0,0.3000000000000007,0.0,0
PAIR-101055,0.0,0.0,0.0,0.0,0.0,0.0,0.0,0
PAIR-101056,0.0,0.0,0.0,1.0,1.0,0.0,0.0,0
PAIR-101057,0.0,0.6305555555555555,0.4551282051282051,0.0,0.0,4.499999999999999,0.0,0
PAIR-101058,0.0,0.0,0.0,1.0,0.0,5.700000000000001,0.0,0
PAIR-101059,0.0,0.0,0.0,1.0,0.0,0.1999999999999993,0.0,0
PAIR-101060,0.9,0.0,0.0,0.0,1.0,8.7,0.0,0
PAIR-101061,0.0,0.0,0.0,1.0,0.0,0.0,0.0,0
PAIR-101062,0.0,0.0,0.0,1.0,1.0,0.0,0.0,0
PAIR-101063,0.0,0.48194444444444445,0.6602564102564102,0.0,0.0,6.299999999999999,0.0,0
PAIR-101064,0.0,0.0,0.0,0.0,0.0,0.0,0.0,0
PAIR-101065,0.0,0.0,0.0,1.0,0.0,0.0,0.0,0
PAIR-101066,0.0,0.43452380952380953,0.6206349206349207,0.0,0.0,3.0999999999999996,1.0,0
PAIR-101067,0.0,0.0,0.0,1.0,0.0,7.6000000000000005,0.0,0
PAIR-101068,0.0,0.0,0.0,1.0,0.0,0.0,0.0,0
PAIR-101069,0.0,0.0,0.0,1.0,0.0,0.5999999999999996,1.0,0
PAIR-101070,0.0,0.46262626262626255,0.5982905982905983,0.0,0.0,8.600000000000001,0.0,0
PAIR-101071,0.0,0.43452380952380953,0.5337606837606838,0.0,0.0,6.4,0.0,0
PAIR-101072,0.0,0.0,0.0,1.0,1.0,0.0,0.0,0
PAIR-101073,0.9,0.0,0.0,0.0,0.0,1.5999999999999996,0.0,0
PAIR-101074,0.0,0.0,0.0,1.0,0.0,5.4,0.0,0
PAIR-101075,0.9333333333333333,0.0,0.0,0.0,1.0,2.6000000000000014,0.0,0
PAIR-101076,0.0,0.0,0.0,1.0,0.0,0.0,0.0,0
PAIR-101077,0.9333333333333333,0.0,0.0,0.0,0.0,0.0,0.0,0
PAIR-101078,0.0,0.0,0.0,1.0,1.0,0.0,0.0,0
PAIR-101079,0.0,0.0,0.0,0.0,0.0,0.0,0.0,0
PAIR-101080,0.0,0.0,0.0,1.0,0.0,0.0,0.0,0
PAIR-101081,0.0,0.0,0.0,1.0,1.0,0.0,0.0,0
PAIR-101082,0.0,0.0,0.0,0.0,0.0,0.0,0.0,0
PAIR-101083,0.0,0.0,0.0,1.0,0.0,0.0,0.0,0
PAIR-101084,0.0,0.0,0.0,0.0,0.0,0.0,0.0,0
PAIR-101085,0.9666666666666666,0.0,0.0,0.0,0.0,0.5999999999999996,0.0,0
PAIR-101086,0.0,0.0,0.0,1.0,0.0,0.6000000000000005,0.0,0
PAIR-101087,0.0,0.0,0.0,1.0,0.0,0.0,0.0,0
PAIR-101088,0.9,0.0,0.0,0.0,0.0,1.1999999999999997,0.0,0
PAIR-101089,0.0,0.3767676767676768,0.5230769230769231,0.0,0.0,1.799999999999999,0.0,0
PAIR-101090,0.0,0.0,0.0,1.0,1.0,0.0,0.0,0
PAIR-101091,0.0,0.0,0.0,1.0,0.0,0.6999999999999993,0.0,0
PAIR-101092,0.0,0.0,0.0,1.0,0.0,0.0,0.0,0
PAIR-101093,0.0,0.0,0.0,1.0,1.0,0.0,0.0,0
PAIR-101094,0.0,0.4523809523809524,0.6696153846153846,0.0,0.0,0.40000000000000036,0.0,0
PAIR-101095,0.0,0.0,0.0,1.0,0.0,5.4,0.0,0
PAIR-101096,0.0,0.5869708994708994,0.513919413919414,0.0,0.0,6.7,0.0,0
PAIR-101097,0.0,0.0,0.0,0.0,0.0,0.0,0.0,0
PAIR-101098,0.0,0.0,0.0,1.0,1.0,0.0,0.0,0
PAIR-101099,0.0,0.0,0.0,1.0,1.0,0.0,0.0,0
PAIR-101100,0.0,0.5372294372294372,0.5603174603174603,0.0,0.0,5.0,0.0,0
PAIR-101101,0.9484848484848484,0.0,0.0,0.0,0.0,5.199999999999999,0.0,0
PAIR-101102,0.0,0.0,0.0,1.0,0.0,0.0,0.0,0
PAIR-101103,0.0,0.0,0.0,0.0,0.0,0.0,0.0,0
PAIR-101104,0.0,0.0,0.0,1.0,0.0,8.4,0.0,0
PAIR-101105,0.9666666666666667,0.0,0.0,0.0,0.0,0.1999999999999993,0.0,0
PAIR-101106,0.0,0.0,0.0,1.0,0.0,9.299999999999999,0.0,0
PAIR-101107,0.9136363636363637,0.0,0.0,0.0,0.0,6.6,0.0,0
PAIR-101108,0.0,0.0,0.0,0.0,0.0,0.0,0.0,0
PAIR-101109,0.0,0.0,0.0,1.0,0.0,0.0,0.0,0
PAIR-101110,0.0,0.0,0.0,0.0,0.0,0.0,0.0,0
PAIR-101111,0.9484848484848484,0.0,0.0,0.0,0.0,5.799999999999999,0.0,0
PAIR-101112,0.0,0.6878306878306879,0.5656565656565656,0.0,0.0,0.5999999999999996,0.0,0
PAIR-101113,0.0,0.5372294372294372,0.6520979020979022,0.0,0.0,2.000000000000001,0.0,0
PAIR-101114,0.0,0.0,0.0,1.0,0.0,0.9000000000000004,1.0,0
PAIR-101115,0.0,0.0,0.0,0.0,0.0,0.0,0.0,0
PAIR-101116,0.0,0.7181372549019608,0.7136363636363636,0.0,0.0,1.4000000000000004,0.0,0
PAIR-101117,0.0,0.0,0.0,1.0,1.0,0.0,0.0,0
PAIR-101118,0.0,0.0,0.0,1.0,0.0,0.0,0.0,0
PAIR-101119,0.9,0.0,0.0,0.0,0.0,1.200000000000001,0.0,0
PAIR-101120,0.9136363636363637,0.0,0.0,0.0,0.0,4.4,0.0,0
PAIR-101121,0.0,0.0,0.0,1.0,1.0,0.0,0.0,0
PAIR-101122,0.9666666666666666,0.0,0.0,0.0,1.0,0.5,0.0,0
PAIR-101123,0.0,0.0,0.0,0.0,0.0,0.0,0.0,0
PAIR-101124,0.0,0.4984126984126984,0.5372294372294372,0.0,0.0,2.6999999999999993,0.0,0
PAIR-101125,0.0,0.0,0.0,0.0,0.0,0.0,0.0,0
PAIR-101126,0.9272727272727274,0.0,0.0,0.0,0.0,1.0999999999999996,0.0,0
PAIR-101127,0.0,0.49186507936507934,0.7413512413512414,0.0,0.0,0.5,1.0,0
PAIR-101128,0.0,0.0,0.0,1.0,0.0,1.7999999999999998,0.0,0
PAIR-101129,0.0,0.49186507936507934,0.5982905982905983,0.0,0.0,8.0,0.0,0
PAIR-101130,0.0,0.0,0.0,0.0,0.0,0.0,0.0,0
PAIR-101131,0.0,0.0,0.0,1.0,0.0,0.0,0.0,0
PAIR-101132,0.0,0.5238095238095238,0.6446886446886446,0.0,0.0,3.5999999999999996,1.0,0
PAIR-101133,0.0,0.49186507936507934,0.6456043956043956,0.0,0.0,1.5,0.0,0
PAIR-101134,0.9,0.0,0.0,0.0,0.0,2.1999999999999993,0.0,0
PAIR-101135,0.9333333333333333,0.0,0.0,0.0,0.0,4.000000000000001,0.0,0
PAIR-101136,0.0,0.0,0.0,1.0,1.0,0.0,0.0,0
PAIR-101137,0.0,0.4688725490196079,0.5571095571095571,0.0,0.0,7.1000000000000005,0.0,0
PAIR-101138,0.0,0.0,0.0,1.0,1.0,0.0,0.0,0
PAIR-101139,0.0,0.0,0.0,1.0,1.0,0.0,0.0,0
PAIR-101140,0.0,0.0,0.0,1.0,0.0,0.0,1.0,0
PAIR-101141,0.0,0.0,0.0,0.0,0.0,0.0,0.0,0
PAIR-101142,0.9333333333333333,0.0,0.0,0.0,0.0,6.1,0.0,0
PAIR-101143,0.0,0.0,0.0,0.0,0.0,0.0,0.0,0
PAIR-101144,0.9833333333333333,0.0,0.0,0.0,0.0,4.9,1.0,0
PAIR-101145,0.0,0.0,0.0,0.0,0.0,0.0,0.0,0
PAIR-101146,0.0,0.0,0.0,1.0,0.0,0.0,0.0,0
PAIR-101147,0.0,0.0,0.0,1.0,0.0,9.9,1.0,0
PAIR-101148,0.9333333333333333,0.0,0.0,0.0,0.0,9.8,0.0,0
PAIR-101149,0.0,0.0,0.0,1.0,1.0,0.0,0.0,0
PAIR-101150,0.0,0.0,0.0,1.0,1.0,0.0,0.0,0
PAIR-101151,0.0,0.0,0.0,0.0,0.0,0.0,0.0,0
PAIR-101152,0.0,0.0,0.0,0.0,0.0,0.0,0.0,0
PAIR-101153,0.0,0.0,0.0,1.0,0.0,0.0,0.0,0
PAIR-101154,0.9333333333333333,0.0,0.0,0.0,0.0,2.9000000000000004,0.0,0
PAIR-101155,0.0,0.529040404040404,0.6517482517482518,0.0,0.0,0.5999999999999996,0.0,0
PAIR-101156,0.0,0.0,0.0,1.0,0.0,8.6,0.0,0
PAIR-101157,0.0,0.0,0.0,1.0,1.0,0.0,0.0,0
PAIR-101158,0.9484848484848484,0.0,0.0,0.0,0.0,1.4000000000000004,0.0,0
PAIR-101159,0.0,0.0,0.0,1.0,0.0,0.0,0.0,0
PAIR-101160,0.0,0.0,0.0,0.0,0.0,0.0,0.0,0
PAIR-101161,0.0,0.0,0.0,1.0,1.0,0.0,0.0,0
PAIR-101162,0.0,0.0,0.0,1.0,0.0,0.0,0.0,0
PAIR-101163,0.0,0.5869708994708994,0.6130536130536131,0.0,0.0,2.9000000000000004,0.0,0
PAIR-101164,0.0,0.0,0.0,1.0,0.0,7.1,0.0,0
PAIR-101165,0.0,0.0,0.0,1.0,1.0,0.0,0.0,0
PAIR-101166,0.9833333333333333,0.0,0.0,0.0,0.0,1.1,0.0,0
PAIR-101167,0.0,0.0,0.0,1.0,0.0,0.0,0.0,0
PAIR-101168,0.0,0.0,0.0,1.0,1.0,0.0,0.0,0
PAIR-101169,0.0,0.0,0.0,1.0,0.0,0.40000000000000036,0.0,0
PAIR-101170,0.0,0.0,0.0,1.0,1.0,0.0,0.0,0
PAIR-101171,0.0,1.0,0.7808857808857809,0.0,0.0,2.999999999999999,1.0,0
PAIR-101172,0.9484848484848484,0.0,0.0,0.0,0.0,4.200000000000001,1.0,0
PAIR-101173,0.0,0.0,0.0,0.0,0.0,0.0,0.0,0
PAIR-101174,0.9333333333333333,0.0,0.0,0.0,0.0,4.2,0.0,0
PAIR-101175,0.9484848484848484,0.0,0.0,0.0,0.0,6.300000000000001,0.0,0
PAIR-101176,0.0,0.0,0.0,0.0,0.0,0.0,0.0,0
PAIR-101177,0.0,0.0,0.0,1.0,0.0,3.1999999999999993,0.0,0
PAIR-101178,0.0,0.0,0.0,1.0,1.0,0.0,0.0,0
PAIR-101179,0.0,0.0,0.0,0.0,0.0,0.0,0.0,0
PAIR-101180,0.0,0.0,0.0,1.0,0.0,7.4,0.0,0
PAIR-101181,0.0,0.0,0.0,1.0,0.0,5.5,0.0,0
PAIR-101182,0.0,0.0,0.0,1.0,0.0,4.6,1.0,0
PAIR-101183,0.0,0.0,0.0,1.0,1.0,0.0,0.0,0
PAIR-101184,0.0,0.43452380952380953,0.5396825396825397,0.0,0.0,3.5999999999999996,0.0,0
PAIR-101185,0.9484848484848484,0.0,0.0,0.0,0.0,2.5999999999999996,0.0,0
PAIR-101186,0.9333333333333333,0.0,0.0,0.0,0.0,11.2,0.0,0
PAIR-101187,0.0,0.0,0.0,1.0,0.0,5.0,0.0,0
PAIR-101188,0.0,0.0,0.0,0.0,0.0,0.0,0.0,0
PAIR-101189,0.0,0.0,0.0,1.0,0.0,0.0,0.0,0
PAIR-101190,0.9484848484848484,0.0,0.0,0.0,0.0,7.5,0.0,0
PAIR-101191,0.0,0.0,0.0,1.0,1.0,0.0,0.0,0
PAIR-101192,0.0,0.0,0.0,1.0,0.0,0.9000000000000004,0.0,0
PAIR-101193,0.0,0.0,0.0,1.0,0.0,9.5,0.0,0
PAIR-101194,0.0,0.0,0.0,1.0,0.0,0.0,0.0,0
PAIR-101195,0.0,0.0,0.0,1.0,1.0,0.0,0.0,0
PAIR-101196,0.0,0.0,0.0,1.0,1.0,0.0,0.0,0
PAIR-101197,0.0,0.0,0.0,1.0,0.0,2.4000000000000004,0.0,0
PAIR-101198,0.0,0.0,0.0,0.0,0.0,0.0,0.0,0
PAIR-101199,0.0,0.0,0.0,1.0,0.0,5.8999999999999995,0.0,0
PAIR-101200,0.0,0.6261437908496732,0.4984126984126984,0.0,0.0,7.8,1.0,0
PAIR-101201,0.9136363636363637,0.0,0.0,0.0,0.0,5.200000000000001,0.0,0
PAIR-101202,0.0,0.0,0.0,1.0,1.0,0.0,0.0,0
PAIR-101203,0.0,0.0,0.0,1.0,0.0,0.0,0.0,0
PAIR-101204,0.0,0.0,0.0,1.0,0.0,0.0,0.0,0
PAIR-101205,0.0,0.0,0.0,1.0,0.0,0.0,0.0,0
PAIR-101206,0.0,0.0,0.0,0.0,0.0,0.0,0.0,0
PAIR-101207,0.0,0.0,0.0,1.0,0.0,6.200000000000001,0.0,0
PAIR-101208,0.0,0.0,0.0,1.0,0.0,0.0,0.0,0
PAIR-101209,0.0,0.0,0.0,1.0,1.0,0.0,0.0,0
PAIR-101210,0.0,0.6305555555555555,0.7563131313131314,0.0,0.0,6.199999999999999,0.0,0
PAIR-101211,0.0,0.0,0.0,1.0,0.0,3.4000000000000004,1.0,0
PAIR-101212,0.0,0.0,0.0,1.0,0.0,0.0,0.0,0
PAIR-101213,0.0,0.0,0.0,1.0,0.0,0.0,0.0,0
PAIR-101214,0.0,0.0,0.0,0.0,0.0,3.8000000000000007,0.0,0
PAIR-101215,0.0,0.0,0.0,1.0,0.0,7.8999999999999995,0.0,0
PAIR-101216,0.0,0.0,0.0,1.0,0.0,0.0,0.0,0
PAIR-101217,0.0,0.0,0.0,1.0,0.0,0.09999999999999964,0.0,0
PAIR-101218,0.0,0.0,0.0,0.0,0.0,0.0,0.0,0
PAIR-101219,0.0,1.0,0.7015873015873016,0.0,0.0,1.7999999999999998,0.0,0
PAIR-101220,0.0,0.0,0.0,0.0,0.0,0.0,0.0,0
PAIR-101221,0.0,0.0,0.0,1.0,0.0,3.5999999999999996,0.0,0
PAIR-101222,0.9136363636363637,0.0,0.0,0.0,0.0,5.800000000000001,0.0,0
PAIR-101223,0.0,0.0,0.0,1.0,1.0,0.0,0.0,0
PAIR-101224,0.0,0.0,0.0,0.0,0.0,0.0,0.0,0
PAIR-101225,0.9333333333333333,0.0,0.0,0.0,0.0,7.5,0.0,0
PAIR-101226,0.0,0.0,0.0,1.0,0.0,3.5999999999999996,0.0,0
PAIR-101227,0.0,0.48194444444444445,0.728937728937729,0.0,0.0,0.8000000000000007,0.0,0
PAIR-101228,0.0,0.0,0.0,1.0,0.0,0.0,0.0,0
PAIR-101229,0.0,0.0,0.0,0.0,0.0,0.0,0.0,0
PAIR-101230,0.0,0.0,0.0,1.0,1.0,0.0,0.0,0
PAIR-101231,0.0,0.0,0.0,1.0,0.0,0.0,0.0,0
PAIR-101232,0.0,0.0,0.0,0.0,0.0,0.0,0.0,0
PAIR-101233,0.0,0.5029761904761905,0.6944444444444445,0.0,0.0,0.7999999999999989,0.0,0
PAIR-101234,0.9333333333333333,0.0,0.0,0.0,0.0,9.0,0.0,0
PAIR-101235,0.9666666666666667,0.0,0.0,0.0,0.0,0.29999999999999893,0.0,0
PAIR-101236,0.0,0.0,0.0,1.0,0.0,1.7999999999999998,0.0,0
PAIR-101237,0.0,0.0,0.0,1.0,1.0,0.0,0.0,0
PAIR-101238,0.9,0.0,0.0,0.0,0.0,5.9,0.0,0
PAIR-101239,0.0,0.0,0.0,1.0,0.0,3.3000000000000007,0.0,0
PAIR-101240,0.0,0.0,0.0,1.0,0.0,0.09999999999999964,0.0,0
PAIR-101241,0.0,0.0,0.0,1.0,0.0,0.0,0.0,0
PAIR-101242,0.0,0.49186507936507934,0.5982905982905983,0.0,0.0,3.299999999999999,1.0,0
PAIR-101243,0.0,0.0,0.0,0.0,0.0,0.0,0.0,0
PAIR-101244,0.0,0.0,0.0,0.0,0.0,5.7,0.0,0
PAIR-101245,0.9136363636363637,0.0,0.0,0.0,0.0,3.200000000000001,0.0,0
PAIR-101246,0.0,0.7181372549019608,0.5982905982905983,0.0,0.0,5.499999999999999,0.0,0
PAIR-101247,0.0,0.0,0.0,1.0,1.0,0.0,0.0,0
PAIR-101248,0.0,0.0,0.0,0.0,0.0,0.0,0.0,0
PAIR-101249,0.0,0.0,0.0,0.0,0.0,3.5999999999999996,0.0,0
PAIR-101250,0.0,0.0,0.0,1.0,0.0,0.0,0.0,0
PAIR-101251,0.0,0.0,0.0,1.0,0.0,7.0,0.0,0
PAIR-101252,0.0,0.0,0.0,1.0,0.0,0.0,0.0,0
PAIR-101253,0.0,0.4827264239028945,0.5696969696969697,0.0,0.0,3.2,0.0,0
PAIR-101254,0.0,0.0,0.0,0.0,0.0,0.0,0.0,0
PAIR-101255,0.0,0.0,0.0,1.0,0.0,8.200000000000001,0.0,0
PAIR-101256,0.0,0.0,0.0,0.0,0.0,0.0,0.0,0
PAIR-101257,0.0,0.65,0.5570707070707072,0.0,0.0,0.2999999999999998,0.0,0
PAIR-101258,0.0,0.5372294372294372,0.44949494949494956,0.0,0.0,0.5999999999999996,0.0,0
PAIR-101259,0.0,0.0,0.0,1.0,0.0,4.1000000000000005,0.0,0
PAIR-101260,0.0,0.0,0.0,1.0,0.0,4.9,0.0,0
PAIR-101261,0.0,0.4898809523809524,0.5707692307692308,0.0,0.0,5.4,0.0,0
PAIR-101262,0.0,0.0,0.0,0.0,0.0,0.0,0.0,0
PAIR-101263,0.0,0.0,0.0,1.0,0.0,0.0,0.0,0
PAIR-101264,0.0,0.0,0.0,0.0,0.0,0.0,0.0,0
PAIR-101265,0.0,0.0,0.0,0.0,0.0,0.0,0.0,0
PAIR-101266,0.9333333333333333,0.0,0.0,0.0,0.0,1.1,0.0,0
PAIR-101267,0.0,0.0,0.0,0.0,0.0,0.0,0.0,0
PAIR-101268,0.0,0.0,0.0,1.0,1.0,0.0,0.0,0
PAIR-101269,0.0,0.0,0.0,1.0,0.0,1.200000000000001,0.0,0
PAIR-101270,0.9484848484848484,0.0,0.0,0.0,0.0,4.1,0.0,0
PAIR-101271,0.0,0.0,0.0,1.0,0.0,4.6,0.0,0
PAIR-101272,0.0,0.0,0.0,1.0,0.0,1.5,0.0,0
PAIR-101273,0.9136363636363637,0.0,0.0,0.0,0.0,5.6000000000000005,0.0,0
PAIR-101274,0.0,0.0,0.0,1.0,0.0,0.0,0.0,0
PAIR-101275,0.0,0.0,0.0,1.0,0.0,2.3000000000000007,0.0,0
PAIR-101276,0.0,0.0,0.0,1.0,1.0,0.0,0.0,0
PAIR-101277,0.0,0.529040404040404,0.728937728937729,0.0,0.0,1.1999999999999993,0.0,0
PAIR-101278,0.0,0.0,0.0,1.0,0.0,0.0,0.0,0
PAIR-101279,0.0,0.0,0.0,1.0,1.0,0.0,0.0,0
PAIR-101280,0.0,0.0,0.0,1.0,1.0,0.0,0.0,0
PAIR-101281,0.9333333333333333,0.0,0.0,0.0,0.0,2.700000000000001,0.0,0
PAIR-101282,0.9136363636363637,0.0,0.0,0.0,0.0,3.5999999999999996,1.0,0
PAIR-101283,0.0,0.0,0.0,1.0,1.0,0.0,0.0,0
PAIR-101284,0.0,0.0,0.0,1.0,0.0,0.0,0.0,0
PAIR-101285,0.0,0.0,0.0,1.0,1.0,0.0,0.0,0
PAIR-101286,0.0,0.0,0.0,1.0,0.0,10.8,0.0,0
PAIR-101287,0.0,0.3507936507936508,0.7184615384615384,0.0,0.0,1.0,0.0,0
PAIR-101288,0.0,0.4984126984126984,0.5396825396825397,0.0,0.0,3.0999999999999996,1.0,0
PAIR-101289,0.0,0.0,0.0,0.0,0.0,0.0,0.0,0
PAIR-101290,0.0,1.0,0.728937728937729,0.0,0.0,3.3000000000000007,0.0,0
PAIR-101291,0.0,0.0,0.0,1.0,0.0,1.9000000000000004,1.0,0
PAIR-101292,0.0,0.0,0.0,0.0,0.0,0.0,0.0,0
PAIR-101293,0.9333333333333333,0.0,0.0,0.0,0.0,2.799999999999999,0.0,0
PAIR-101294,0.0,0.0,0.0,1.0,0.0,0.0,0.0,0
PAIR-101295,0.0,0.0,0.0,0.0,0.0,0.0,0.0,0
PAIR-101296,0.0,0.0,0.0,1.0,0.0,0.0,0.0,0
PAIR-101297,0.0,1.0,0.719017094017094,0.0,0.0,8.8,0.0,0
PAIR-101298,0.0,0.0,0.0,1.0,0.0,0.0,0.0,0
PAIR-101299,0.0,0.6599206349206349,0.4512820512820513,0.0,0.0,9.5,1.0,0
PAIR-101300,0.0,0.0,0.0,0.0,0.0,0.0,0.0,0
PAIR-101301,0.0,0.0,0.0,1.0,0.0,0.0,0.0,0
PAIR-101302,0.9136363636363637,0.0,0.0,0.0,0.0,0.2999999999999998,0.0,0
PAIR-101303,0.0,0.0,0.0,0.0,0.0,0.0,0.0,0
PAIR-101304,0.0,0.0,0.0,1.0,1.0,0.0,0.0,0
PAIR-101305,0.0,0.0,0.0,1.0,0.0,0.0,0.0,0
PAIR-101306,0.9,0.0,0.0,0.0,0.0,7.4,0.0,0
PAIR-101307,0.0,0.0,0.0,1.0,1.0,0.0,0.0,0
PAIR-101308,0.0,0.0,0.0,1.0,1.0,0.0,0.0,0
PAIR-101309,0.0,0.0,0.0,0.0,1.0,0.0,0.0,0
PAIR-101310,0.9136363636363637,0.0,0.0,0.0,0.0,1.3000000000000007,0.0,0
PAIR-101311,0.0,0.0,0.0,1.0,1.0,0.0,0.0,0
PAIR-101312,0.9333333333333333,0.0,0.0,0.0,0.0,4.6,0.0,0
PAIR-101313,0.0,0.0,0.0,0.0,0.0,0.0,0.0,0
PAIR-101314,0.0,0.0,0.0,0.0,0.0,0.0,0.0,0
PAIR-101315,0.9484848484848484,0.0,0.0,0.0,0.0,2.7,0.0,0
PAIR-101316,0.0,0.0,0.0,0.0,0.0,0.0,0.0,0
PAIR-101317,0.0,0.0,0.0,1.0,0.0,0.0,0.0,0
PAIR-101318,0.0,0.0,0.0,0.0,0.0,0.0,0.0,0
PAIR-101319,0.0,0.48194444444444445,0.728937728937729,0.0,0.0,4.2,0.0,0
PAIR-101320,0.0,0.0,0.0,1.0,0.0,2.2,1.0,0
PAIR-101321,0.0,0.0,0.0,0.0,0.0,0.0,0.0,0
PAIR-101322,0.0,0.0,0.0,1.0,1.0,0.0,0.0,0
PAIR-101323,0.0,0.0,0.0,1.0,0.0,0.0,0.0,0
PAIR-101324,0.9484848484848484,0.0,0.0,0.0,0.0,1.5,0.0,0
PAIR-101325,0.0,0.0,0.0,1.0,1.0,0.0,0.0,0
PAIR-101326,0.0,0.0,0.0,1.0,1.0,0.0,0.0,0
PAIR-101327,0.0,0.0,0.0,1.0,0.0,11.2,1.0,0
PAIR-101328,0.0,0.0,0.0,1.0,0.0,4.6,0.0,0
PAIR-101329,0.9333333333333333,0.0,0.0,0.0,0.0,1.0999999999999996,1.0,0
PAIR-101330,0.0,0.0,0.0,1.0,1.0,0.0,0.0,0
PAIR-101331,0.0,0.0,0.0,1.0,1.0,0.0,0.0,0
PAIR-101332,0.9333333333333333,0.0,0.0,0.0,0.0,6.700000000000001,0.0,0
PAIR-101333,0.0,0.0,0.0,1.0,1.0,0.0,0.0,0
PAIR-101334,0.0,0.0,0.0,1.0,0.0,0.0,0.0,0
PAIR-101335,0.0,0.0,0.0,1.0,0.0,0.0,0.0,0
PAIR-101336,0.0,0.0,0.0,1.0,1.0,0.0,0.0,0
PAIR-101337,0.0,0.0,0.0,1.0,1.0,0.0,0.0,0
PAIR-101338,0.0,0.0,0.0,1.0,1.0,0.0,0.0,0
PAIR-101339,0.0,0.0,0.0,1.0,0.0,2.4,0.0,0
PAIR-101340,0.9299999999999999,0.0,0.0,0.0,0.0,2.8,0.0,0
PAIR-101341,0.0,0.0,0.0,0.0,0.0,0.0,0.0,0
PAIR-101342,0.0,0.5750000000000001,0.6318681318681318,0.0,0.0,5.3999999999999995,0.0,0
PAIR-101343,0.0,0.4523809523809524,0.727065527065527,0.0,0.0,6.800000000000001,1.0,0
PAIR-101344,0.0,0.48194444444444445,0.7392191142191141,0.0,0.0,6.4,0.0,0
PAIR-101345,0.0,0.46645021645021645,0.626984126984127,0.0,0.0,1.4000000000000004,0.0,0
PAIR-101346,0.0,0.0,0.0,0.0,0.0,0.0,0.0,0
PAIR-101347,0.0,0.0,0.0,0.0,0.0,0.0,0.0,0
PAIR-101348,0.0,0.0,0.0,1.0,1.0,0.0,0.0,0
PAIR-101349,0.0,0.0,0.0,1.0,0.0,0.0,0.0,0
PAIR-101350,0.0,0.0,0.0,1.0,1.0,0.0,0.0,0
PAIR-101351,0.0,0.6472222222222223,0.7476190476190476,0.0,0.0,3.6999999999999993,1.0,0
PAIR-101352,0.0,0.0,0.0,0.0,0.0,0.0,0.0,0
PAIR-101353,0.0,0.0,0.0,1.0,1.0,0.0,0.0,0
PAIR-101354,0.0,0.0,0.0,1.0,0.0,0.0,0.0,0
PAIR-101355,0.0,0.0,0.0,1.0,0.0,0.8999999999999986,0.0,0
PAIR-101356,0.9136363636363637,0.0,0.0,0.0,0.0,8.200000000000001,0.0,0
PAIR-101357,0.0,0.542016806722689,0.6538461538461539,0.0,0.0,8.6,0.0,0
PAIR-101358,0.0,0.0,0.0,1.0,1.0,0.0,0.0,0
PAIR-101359,0.0,0.0,0.0,1.0,0.0,0.0,0.0,0
PAIR-101360,0.0,0.37121212121212127,0.8461538461538461,0.0,0.0,3.3,0.0,0
PAIR-101361,0.9333333333333333,0.0,0.0,0.0,0.0,2.299999999999999,0.0,0
PAIR-101362,0.0,0.0,0.0,1.0,1.0,0.0,0.0,0
PAIR-101363,0.0,0.0,0.0,1.0,0.0,8.6,0.0,0
PAIR-101364,0.0,0.7014705882352942,0.6818181818181818,0.0,0.0,1.4000000000000004,0.0,0
PAIR-101365,0.0,0.0,0.0,1.0,1.0,0.0,0.0,0
PAIR-101366,0.0,0.0,0.0,1.0,0.0,0.0,0.0,0
PAIR-101367,0.0,0.0,0.0,1.0,0.0,1.6999999999999993,0.0,0
PAIR-101368,0.0,0.0,0.0,0.0,0.0,0.0,0.0,0
PAIR-101369,0.0,0.0,0.0,1.0,0.0,0.0,0.0,0
PAIR-101370,0.0,1.0,0.44949494949494956,0.0,0.0,1.5,0.0,0
PAIR-101371,0.0,0.0,0.0,1.0,1.0,0.0,0.0,0
PAIR-101372,0.9,0.0,0.0,0.0,0.0,1.0999999999999996,0.0,0
PAIR-101373,0.0,0.0,0.0,0.0,0.0,0.0,0.0,0
PAIR-101374,0.9,0.0,0.0,0.0,0.0,4.7,0.0,0
PAIR-101375,0.0,0.0,0.0,1.0,0.0,3.5999999999999996,0.0,0
PAIR-101376,0.0,0.7181372549019608,0.4823232323232323,0.0,0.0,0.9000000000000004,0.0,0
PAIR-101377,0.0,0.5869708994708994,0.5656565656565656,0.0,0.0,1.8000000000000007,0.0,0
PAIR-101378,0.0,0.0,0.0,1.0,1.0,0.0,0.0,0
PAIR-101379,0.0,0.0,0.0,1.0,0.0,0.0,0.0,0
PAIR-101380,0.0,0.0,0.0,1.0,0.0,7.799999999999999,0.0,0
PAIR-101381,0.9484848484848484,0.0,0.0,0.0,0.0,2.6999999999999993,0.0,0
PAIR-101382,0.0,0.0,0.0,0.0,0.0,0.0,0.0,0
PAIR-101383,0.0,0.0,0.0,1.0,0.0,0.0,0.0,0
PAIR-101384,0.9666666666666666,0.0,0.0,0.0,0.0,0.8999999999999999,0.0,0
PAIR-101385,0.0,0.0,0.0,1.0,1.0,0.0,0.0,0
PAIR-101386,0.0,0.0,0.0,0.0,0.0,0.0,0.0,0
PAIR-101387,0.0,0.7014705882352942,0.6024531024531025,0.0,0.0,2.8999999999999995,0.0,0
PAIR-101388,0.9,0.0,0.0,0.0,1.0,3.2,0.0,0
PAIR-101389,0.0,0.0,0.0,1.0,0.0,1.299999999999999,0.0,0
PAIR-101390,0.0,0.0,0.0,1.0,0.0,2.5,0.0,0
PAIR-101391,0.0,0.0,0.0,1.0,1.0,0.0,0.0,0
PAIR-101392,0.0,1.0,0.6975524475524475,0.0,0.0,0.09999999999999964,0.0,0
PAIR-101393,0.0,0.0,0.0,0.0,0.0,0.0,0.0,0
PAIR-101394,0.0,0.0,0.0,0.0,0.0,0.0,0.0,0
PAIR-101395,0.0,0.3507936507936508,0.46709401709401704,0.0,0.0,6.1,1.0,0
PAIR-101396,0.0,0.7014705882352942,0.49567099567099565,0.0,0.0,3.6999999999999993,0.0,0
PAIR-101397,0.0,0.0,0.0,1.0,1.0,0.0,0.0,0
PAIR-101398,0.0,0.0,0.0,1.0,0.0,0.0,0.0,0
PAIR-101399,0.0,0.5750000000000001,0.6134421134421135,0.0,0.0,4.299999999999999,0.0,0
PAIR-101400,0.9136363636363637,0.0,0.0,0.0,0.0,3.5,0.0,0
PAIR-101401,0.0,0.0,0.0,1.0,1.0,0.0,0.0,0
PAIR-101402,0.0,0.4661319073083779,0.7786324786324786,0.0,0.0,2.9000000000000004,0.0,0
PAIR-101403,0.9484848484848484,0.0,0.0,0.0,1.0,5.8999999999999995,0.0,0
PAIR-101404,0.0,0.0,0.0,1.0,1.0,0.0,0.0,0
PAIR-101405,0.0,0.8558712121212121,0.5463869463869464,0.0,0.0,2.5999999999999996,0.0,0
PAIR-101406,0.0,0.3507936507936508,0.6567307692307692,0.0,0.0,2.0999999999999996,0.0,0
PAIR-101407,0.9,0.0,0.0,0.0,0.0,3.0,1.0,0
PAIR-101408,0.0,0.5238095238095238,0.6746031746031745,0.0,0.0,2.3,0.0,0
PAIR-101409,0.0,0.0,0.0,0.0,0.0,0.0,0.0,0
PAIR-101410,0.0,0.6599206349206349,0.7578347578347578,0.0,0.0,2.0,0.0,0
PAIR-101411,0.0,1.0,0.5373737373737374,0.0,0.0,0.1999999999999993,0.0,0
PAIR-101412,0.0,0.0,0.0,1.0,0.0,0.0,0.0,0
PAIR-101413,0.9136363636363637,0.0,0.0,0.0,0.0,2.4000000000000004,0.0,0
PAIR-101414,0.9333333333333333,0.0,0.0,0.0,1.0,4.0,0.0,0
PAIR-101415,0.0,0.0,0.0,1.0,0.0,0.0,0.0,0
PAIR-101416,0.0,0.0,0.0,1.0,1.0,0.0,0.0,0
PAIR-101417,0.0,0.0,0.0,1.0,0.0,6.0,0.0,0
PAIR-101418,0.9,0.0,0.0,0.0,1.0,0.7999999999999998,0.0,0
PAIR-101419,0.0,0.0,0.0,1.0,0.0,0.0,0.0,0
PAIR-101420,0.0,0.0,0.0,1.0,0.0,0.0,0.0,0
PAIR-101421,0.0,0.0,0.0,1.0,0.0,0.0,0.0,0
PAIR-101422,0.0,0.0,0.0,1.0,0.0,0.0,0.0,0
PAIR-101423,0.0,0.0,0.0,1.0,0.0,5.1,0.0,0
PAIR-101424,0.0,0.0,0.0,1.0,0.0,0.0,0.0,0
PAIR-101425,0.0,0.5750000000000001,0.7948717948717948,0.0,0.0,4.000000000000001,0.0,0
PAIR-101426,0.0,0.0,0.0,1.0,0.0,1.9000000000000004,0.0,0
PAIR-101427,0.0,0.0,0.0,0.0,0.0,0.0,0.0,0
PAIR-101428,0.0,0.0,0.0,0.0,0.0,0.0,0.0,0
PAIR-101429,0.0,0.0,0.0,1.0,1.0,0.0,0.0,0
PAIR-101430,0.0,0.0,0.0,0.0,0.0,0.0,0.0,0
PAIR-101431,0.0,0.0,0.0,1.0,1.0,0.0,0.0,0
PAIR-101432,0.0,0.0,0.0,1.0,0.0,1.3000000000000007,0.0,0
PAIR-101433,0.0,0.43452380952380953,0.5246031746031746,0.0,0.0,0.5,1.0,0
PAIR-101434,0.0,0.5750000000000001,0.6357142857142857,0.0,0.0,1.9,0.0,0
PAIR-101435,0.0,0.0,0.0,0.0,1.0,0.0,0.0,0
PAIR-101436,0.0,0.0,0.0,1.0,0.0,0.0,0.0,0
PAIR-101437,0.9484848484848484,0.0,0.0,0.0,0.0,1.0,0.0,0
PAIR-101438,0.0,0.0,0.0,1.0,0.0,0.0,0.0,0
PAIR-101439,0.0,0.5714285714285715,0.5337606837606838,0.0,0.0,4.6000000000000005,0.0,0
PAIR-101440,0.0,0.0,0.0,0.0,0.0,0.0,0.0,0
PAIR-101441,0.0,0.4984126984126984,0.7020979020979021,0.0,0.0,6.199999999999999,0.0,0
PAIR-101442,0.0,0.0,0.0,1.0,0.0,0.0,0.0,0
PAIR-101443,0.0,0.0,0.0,1.0,0.0,3.9000000000000004,0.0,0
PAIR-101444,0.0,0.0,0.0,0.0,0.0,0.0,0.0,0
PAIR-101445,0.0,1.0,0.5571095571095571,0.0,0.0,10.200000000000001,0.0,0
PAIR-101446,0.0,0.0,0.0,1.0,1.0,0.0,0.0,0
PAIR-101447,0.0,0.0,0.0,1.0,0.0,6.3,0.0,0
PAIR-101448,0.0,0.0,0.0,1.0,1.0,0.0,0.0,0
PAIR-101449,0.0,0.0,0.0,0.0,0.0,0.0,0.0,0
PAIR-101450,0.0,0.0,0.0,1.0,0.0,0.0,0.0,0
PAIR-101451,0.0,0.0,0.0,1.0,0.0,5.9,0.0,0
PAIR-101452,0.0,0.0,0.0,0.0,0.0,0.0,0.0,0
PAIR-101453,0.0,0.0,0.0,0.0,0.0,0.0,0.0,0
PAIR-101454,0.0,0.0,0.5912698412698413,0.0,0.0,1.0,0.0,0
PAIR-101455,0.0,0.0,0.0,1.0,0.0,5.800000000000001,0.0,0
PAIR-101456,0.0,0.0,0.0,0.0,0.0,0.0,0.0,0
PAIR-101457,0.0,0.0,0.0,1.0,1.0,0.0,0.0,0
PAIR-101458,0.0,0.0,0.0,1.0,0.0,0.0,0.0,0
PAIR-101459,0.0,0.0,0.0,1.0,0.0,0.0,0.0,0
PAIR-101460,0.9333333333333333,0.0,0.0,0.0,0.0,3.5999999999999996,0.0,0
PAIR-101461,0.9272727272727274,0.0,0.0,0.0,1.0,1.799999999999999,0.0,0
PAIR-101462,0.0,0.0,0.0,0.0,0.0,0.0,0.0,0
PAIR-101463,0.0,0.0,0.0,1.0,0.0,6.6000000000000005,0.0,0
PAIR-101464,0.0,0.0,0.0,1.0,1.0,0.0,0.0,0
PAIR-101465,0.0,0.0,0.0,0.0,0.0,0.0,0.0,0
PAIR-101466,0.0,0.5750000000000001,0.728937728937729,0.0,0.0,1.9000000000000004,1.0,0
PAIR-101467,0.0,0.0,0.0,1.0,0.0,0.0,0.0,0
PAIR-101468,0.0,0.0,0.0,1.0,1.0,0.0,0.0,0
PAIR-101469,0.0,0.0,0.0,1.0,0.0,0.0,0.0,0
PAIR-101470,0.0,0.37121212121212127,0.5571095571095571,0.0,0.0,7.8999999999999995,0.0,0
PAIR-101471,0.0,0.0,0.0,1.0,0.0,4.1000000000000005,0.0,0
PAIR-101472,0.9666666666666666,0.0,0.0,0.0,0.0,1.5,0.0,0
PAIR-101473,0.9666666666666666,0.0,0.0,0.0,0.0,1.1000000000000014,0.0,0
PAIR-101474,0.0,0.0,0.0,0.0,0.0,0.0,0.0,0
PAIR-101475,0.0,0.0,0.0,1.0,0.0,0.8000000000000007,1.0,0
PAIR-101476,0.0,0.0,0.0,0.0,0.0,0.0,0.0,0
PAIR-101477,0.9333333333333333,0.0,0.0,0.0,0.0,1.0,0.0,0
PAIR-101478,0.0,0.0,0.0,1.0,0.0,0.0,0.0,0
PAIR-101479,0.0,0.0,0.0,0.0,0.0,0.0,0.0,0
PAIR-101480,0.0,0.0,0.0,1.0,0.0,0.0,0.0,0
PAIR-101481,0.0,0.0,0.0,0.0,0.0,0.0,0.0,0
PAIR-101482,0.0,0.0,0.0,1.0,0.0,0.0,0.0,0
PAIR-101483,0.0,0.43452380952380953,0.6384615384615384,0.0,0.0,5.9,0.0,0
PAIR-101484,0.0,0.0,0.0,0.0,0.0,0.0,0.0,0
PAIR-101485,0.0,0.6024531024531025,0.6936813186813187,0.0,0.0,4.4,0.0,0
PAIR-101486,0.0,0.0,0.0,1.0,0.0,0.0,0.0,0
PAIR-101487,0.0,0.0,0.0,0.0,0.0,0.0,0.0,0
PAIR-101488,0.0,0.4661319073083779,0.7392191142191141,0.0,0.0,4.4,1.0,0
PAIR-101489,0.0,0.0,0.0,1.0,0.0,0.8999999999999995,0.0,0
PAIR-101490,0.0,0.0,0.0,1.0,0.0,2.5999999999999996,1.0,0
PAIR-101491,0.0,0.0,0.0,1.0,0.0,6.699999999999999,0.0,0
PAIR-101492,0.0,0.0,0.0,1.0,1.0,0.0,0.0,0
PAIR-101493,0.0,0.0,0.0,1.0,1.0,0.0,0.0,0
PAIR-101494,0.0,0.0,0.0,1.0,0.0,3.5999999999999996,1.0,0
PAIR-101495,0.0,0.0,0.0,0.0,0.0,0.0,0.0,0
PAIR-101496,0.0,0.0,0.0,1.0,0.0,0.0,0.0,0
PAIR-101497,0.0,0.0,0.0,1.0,1.0,0.0,0.0,0
PAIR-101498,0.0,0.0,0.0,1.0,0.0,0.0,0.0,0
PAIR-101499,0.0,0.0,0.0,1.0,0.0,2.3,0.0,0
PAIR-101500,0.9,0.0,0.0,0.0,0.0,1.9000000000000004,0.0,0
PAIR-101501,0.0,0.0,0.0,1.0,0.0,0.0,0.0,0
PAIR-101502,0.9,0.0,0.0,0.0,1.0,0.09999999999999964,0.0,0
PAIR-101503,0.9,0.0,0.0,0.0,1.0,0.40000000000000036,0.0,0
PAIR-101504,0.0,0.0,0.0,1.0,1.0,0.0,0.0,0
PAIR-101505,0.0,0.48055555555555557,0.5299145299145299,0.0,0.0,0.3000000000000007,0.0,0
PAIR-101506,0.0,0.0,0.0,0.0,0.0,0.0,0.0,0
PAIR-101507,0.0,0.0,0.0,1.0,0.0,0.0,0.0,0
PAIR-101508,0.0,0.0,0.0,1.0,1.0,0.0,0.0,0
PAIR-101509,0.9,0.0,0.0,0.0,0.0,3.6999999999999993,0.0,0
PAIR-101510,0.0,0.0,0.0,0.0,0.0,0.0,0.0,0
PAIR-101511,0.0,1.0,0.45634920634920634,0.0,0.0,1.4000000000000004,0.0,0
PAIR-101512,0.0,0.0,0.0,1.0,0.0,0.0,0.0,0
PAIR-101513,0.0,0.46645021645021645,0.6969696969696969,0.0,0.0,6.800000000000001,0.0,0
PAIR-101514,0.9333333333333333,0.0,0.0,0.0,0.0,6.2,0.0,0
PAIR-101515,0.0,0.0,0.0,1.0,0.0,0.0,0.0,0
PAIR-101516,0.0,0.0,0.0,1.0,1.0,0.0,0.0,0
PAIR-101517,0.0,0.0,0.0,0.0,0.0,0.0,0.0,0
PAIR-101518,0.0,0.0,0.0,0.0,0.0,0.0,0.0,0
PAIR-101519,0.0,0.0,0.0,1.0,0.0,10.3,0.0,0
PAIR-101520,0.0,0.5505952380952381,0.4935897435897436,0.0,0.0,2.8999999999999986,0.0,0
PAIR-101521,0.0,0.0,0.0,1.0,0.0,2.3999999999999986,0.0,0
PAIR-101522,0.0,0.6024531024531025,0.6923076923076922,0.0,0.0,3.299999999999999,1.0,0
PAIR-101523,0.0,0.0,0.0,0.0,0.0,0.0,0.0,0
PAIR-101524,0.0,0.0,0.0,1.0,0.0,2.4000000000000004,0.0,0
PAIR-101525,0.0,0.0,0.0,1.0,1.0,0.0,0.0,0
PAIR-101526,0.0,0.0,0.0,1.0,1.0,0.0,0.0,0
PAIR-101527,0.0,0.0,0.0,1.0,1.0,0.0,0.0,0
PAIR-101528,0.0,0.0,0.0,1.0,0.0,0.2999999999999998,0.0,0
PAIR-101529,0.0,0.0,0.0,1.0,1.0,0.0,0.0,0
PAIR-101530,0.0,0.4523809523809524,0.7765151515151515,0.0,0.0,3.5999999999999996,0.0,0
PAIR-101531,0.0,0.7328579916815211,0.5842490842490843,0.0,0.0,6.8,0.0,0
PAIR-101532,0.0,0.0,0.0,1.0,0.0,0.0,0.0,0
PAIR-101533,0.0,0.0,0.0,1.0,0.0,2.799999999999999,0.0,0
PAIR-101534,0.0,0.0,0.0,0.0,0.0,0.0,0.0,0
PAIR-101535,0.0,0.0,0.0,1.0,0.0,2.8,0.0,0
PAIR-101536,0.0,0.6024531024531025,0.8857142857142857,0.0,0.0,5.1,0.0,0
PAIR-101537,0.0,0.0,0.0,1.0,0.0,6.8999999999999995,1.0,0
PAIR-101538,0.0,0.0,0.0,1.0,0.0,0.0,0.0,0
PAIR-101539,0.0,0.0,0.0,1.0,0.0,7.4,0.0,0
PAIR-101540,0.0,0.0,0.0,1.0,0.0,0.0,0.0,0
PAIR-101541,0.0,0.6878306878306879,0.7997927997927997,0.0,0.0,0.40000000000000036,0.0,0
PAIR-101542,0.0,0.0,0.0,1.0,0.0,0.0,0.0,0
PAIR-101543,0.9484848484848484,0.0,0.0,0.0,0.0,8.4,0.0,0
PAIR-101544,0.0,0.0,0.0,1.0,1.0,0.0,0.0,0
PAIR-101545,0.0,0.529040404040404,0.6666666666666666,0.0,0.0,3.6000000000000005,1.0,0
PAIR-101546,0.0,0.0,0.0,1.0,0.0,0.3000000000000007,0.0,0
PAIR-101547,0.0,0.0,0.0,1.0,0.0,0.20000000000000107,0.0,0
PAIR-101548,0.0,0.0,0.0,1.0,0.0,3.1000000000000005,0.0,0
PAIR-101549,0.9,0.0,0.0,0.0,0.0,2.5999999999999996,0.0,0
PAIR-101550,0.0,0.0,0.0,1.0,0.0,0.0,0.0,0
PAIR-101551,0.0,0.0,0.0,0.0,0.0,0.0,0.0,0
PAIR-101552,0.0,0.0,0.0,1.0,0.0,3.6999999999999993,0.0,0
PAIR-101553,0.0,0.0,0.0,1.0,0.0,0.0,0.0,0
PAIR-101554,0.0,0.0,0.0,0.0,0.0,0.0,0.0,0
PAIR-101555,0.0,0.5869708994708994,0.6923076923076922,0.0,1.0,7.5,0.0,0
PAIR-101556,0.0,0.4523809523809524,0.6872710622710624,0.0,0.0,0.5999999999999996,0.0,0
PAIR-101557,0.0,0.0,0.0,1.0,0.0,5.1000000000000005,0.0,0
PAIR-101558,0.0,0.0,0.0,1.0,0.0,1.4,0.0,0
PAIR-101559,0.0,0.0,0.0,0.0,0.0,0.0,0.0,0
PAIR-101560,0.0,0.0,0.0,1.0,0.0,0.7000000000000002,0.0,0
PAIR-101561,0.0,0.0,0.0,1.0,0.0,0.2999999999999998,0.0,0
PAIR-101562,0.0,0.0,0.0,1.0,0.0,0.0,0.0,0
PAIR-101563,0.0,0.0,0.0,0.0,0.0,0.0,0.0,0
PAIR-101564,0.0,0.0,0.0,1.0,0.0,0.0,0.0,0
PAIR-101565,0.0,0.0,0.0,0.0,0.0,0.0,0.0,0
PAIR-101566,0.0,0.0,0.0,1.0,0.0,8.4,0.0,0
PAIR-101567,0.0,0.0,0.0,1.0,0.0,7.799999999999999,1.0,0
PAIR-101568,0.0,0.0,0.0,1.0,0.0,6.5,0.0,0
PAIR-101569,0.0,0.4898809523809524,0.47377622377622375,0.0,0.0,2.0999999999999996,0.0,0
PAIR-101570,0.9484848484848484,0.0,0.0,0.0,0.0,9.700000000000001,0.0,0
PAIR-101571,0.0,0.0,0.0,1.0,0.0,1.5,0.0,0
PAIR-101572,0.0,0.5539682539682539,0.7818181818181817,0.0,0.0,1.3000000000000007,1.0,0
PAIR-101573,0.0,0.0,0.0,1.0,0.0,4.500000000000001,0.0,0
PAIR-101574,0.0,0.0,0.0,1.0,0.0,6.0,0.0,0
PAIR-101575,0.0,0.46262626262626255,0.7997927997927997,0.0,0.0,0.7000000000000002,0.0,0
PAIR-101576,0.0,0.0,0.0,1.0,0.0,8.3,0.0,0
PAIR-101577,0.0,0.0,0.0,1.0,1.0,0.0,0.0,0
PAIR-101578,0.0,1.0,0.4551282051282051,0.0,0.0,3.0,0.0,0
PAIR-101579,0.0,0.0,0.0,1.0,1.0,0.0,0.0,0
PAIR-101580,0.0,0.0,0.0,1.0,0.0,0.0,0.0,0
PAIR-101581,0.0,0.0,0.0,1.0,0.0,5.7,0.0,0
PAIR-101582,0.0,0.0,0.0,0.0,0.0,0.0,0.0,0
PAIR-101583,0.0,0.4688725490196079,0.6356837606837606,0.0,0.0,8.4,0.0,0
PAIR-101584,0.0,0.0,0.0,1.0,1.0,0.0,0.0,0
PAIR-101585,0.0,0.0,0.0,1.0,0.0,0.0,0.0,0
PAIR-101586,0.0,0.0,0.0,1.0,1.0,0.0,0.0,0
PAIR-101587,0.0,0.0,0.0,1.0,0.0,0.0,0.0,0
PAIR-101588,0.9272727272727274,0.0,0.0,0.0,0.0,2.8000000000000003,1.0,0
PAIR-101589,0.0,0.0,0.0,1.0,1.0,0.0,0.0,0
PAIR-101590,0.9333333333333333,0.0,0.0,0.0,0.0,1.7000000000000002,0.0,0
PAIR-101591,0.9136363636363637,0.0,0.0,0.0,0.0,5.699999999999999,1.0,0
PAIR-101592,0.0,0.0,0.0,1.0,1.0,0.0,0.0,0
PAIR-101593,0.0,0.0,0.0,1.0,1.0,0.0,0.0,0
PAIR-101594,0.0,0.4661319073083779,0.7634615384615385,0.0,0.0,3.3,0.0,0
PAIR-101595,0.0,0.0,0.0,0.0,0.0,0.0,0.0,0
PAIR-101596,0.0,0.0,0.0,1.0,0.0,0.0,0.0,0
PAIR-101597,0.0,0.0,0.0,1.0,0.0,7.300000000000001,0.0,0
PAIR-101598,0.0,0.0,0.0,1.0,0.0,0.0,0.0,0
PAIR-101599,0.9136363636363637,0.0,0.0,0.0,0.0,1.5,0.0,0
PAIR-101600,0.0,0.0,0.0,1.0,0.0,6.200000000000001,0.0,0
PAIR-101601,0.0,0.0,0.0,1.0,1.0,0.0,0.0,0
PAIR-101602,0.0,0.0,0.0,1.0,0.0,0.0,0.0,0
PAIR-101603,0.0,0.0,0.0,1.0,1.0,0.0,0.0,0
PAIR-101604,0.0,0.0,0.0,1.0,0.0,5.300000000000001,0.0,0
PAIR-101605,0.9666666666666666,0.0,0.0,0.0,0.0,8.6,0.0,0
PAIR-101606,0.0,0.0,0.0,1.0,0.0,1.7999999999999998,0.0,0
PAIR-101607,0.0,0.7014705882352942,0.6292857142857143,0.0,0.0,10.7,0.0,0
PAIR-101608,0.0,0.0,0.0,1.0,0.0,2.5,0.0,0
PAIR-101609,0.0,0.0,0.0,0.0,0.0,0.0,0.0,0
PAIR-101610,0.0,0.0,0.0,1.0,0.0,0.0,0.0,0
PAIR-101611,0.0,0.0,0.0,1.0,0.0,0.0,0.0,0
PAIR-101612,0.0,0.0,0.0,0.0,0.0,0.0,0.0,0
PAIR-101613,0.0,0.0,0.0,1.0,1.0,0.0,0.0,0
PAIR-101614,0.9333333333333333,0.0,0.0,0.0,0.0,4.700000000000001,0.0,0
PAIR-101615,0.0,0.0,0.0,1.0,0.0,0.0,0.0,0
PAIR-101616,0.0,0.43452380952380953,0.7783882783882784,0.0,0.0,3.1000000000000005,1.0,0
PAIR-101617,0.0,0.0,0.0,1.0,0.0,6.1,0.0,0
PAIR-101618,0.0,0.0,0.0,1.0,0.0,2.3000000000000007,1.0,0
PAIR-101619,0.9484848484848484,0.0,0.0,0.0,0.0,4.3999999999999995,0.0,0
PAIR-101620,0.0,0.0,0.0,0.0,0.0,0.0,0.0,0
PAIR-101621,0.0,0.0,0.0,1.0,0.0,0.0,0.0,0
PAIR-101622,0.0,0.0,0.0,0.0,0.0,0.0,0.0,0
PAIR-101623,0.9484848484848484,0.0,0.0,0.0,1.0,9.5,1.0,0
PAIR-101624,0.9484848484848484,0.0,0.0,0.0,0.0,2.5999999999999996,0.0,0
PAIR-101625,0.0,0.0,0.0,1.0,0.0,1.700000000000001,0.0,0
PAIR-101626,0.0,0.0,0.0,1.0,1.0,0.0,0.0,0
PAIR-101627,0.9299999999999999,0.0,0.0,0.0,0.0,1.6999999999999993,1.0,0
PAIR-101628,0.0,0.0,0.0,1.0,0.0,3.8,0.0,0
PAIR-101629,0.0,0.0,0.0,1.0,0.0,0.0,0.0,0
PAIR-101630,0.0,0.48194444444444445,0.8333333333333334,0.0,0.0,3.4,1.0,0
PAIR-101631,0.9833333333333333,0.0,0.0,0.0,0.0,2.8,0.0,0
PAIR-101632,0.0,0.0,0.0,0.0,0.0,0.0,0.0,0
PAIR-101633,0.9333333333333333,0.0,0.0,0.0,0.0,5.1000000000000005,0.0,0
PAIR-101634,0.0,0.0,0.0,1.0,0.0,4.2,0.0,0
PAIR-101635,0.0,0.0,0.0,0.0,0.0,0.0,0.0,0
PAIR-101636,0.0,0.0,0.0,0.0,0.0,0.0,0.0,0
PAIR-101637,0.0,0.0,0.0,1.0,0.0,8.0,0.0,0
PAIR-101638,0.0,0.0,0.0,0.0,0.0,0.0,0.0,0
PAIR-101639,0.0,0.0,0.0,1.0,0.0,0.0,0.0,0
PAIR-101640,0.0,0.0,0.0,1.0,0.0,0.40000000000000036,0.0,0
PAIR-101641,0.0,0.0,0.0,0.0,0.0,0.0,0.0,0
PAIR-101642,0.0,0.529040404040404,0.5151515151515151,0.0,0.0,5.199999999999999,0.0,0
PAIR-101643,0.0,0.8558712121212121,0.746031746031746,0.0,0.0,7.1,1.0,0
PAIR-101644,0.0,0.0,0.0,0.0,0.0,0.0,0.0,0
PAIR-101645,0.9,0.0,0.0,0.0,1.0,3.6999999999999993,0.0,0
PAIR-101646,0.0,0.65,0.4472527472527473,0.0,0.0,1.8000000000000007,1.0,0
PAIR-101647,0.0,0.0,0.0,1.0,1.0,0.0,0.0,0
PAIR-101648,0.9484848484848484,0.0,0.0,0.0,0.0,0.3000000000000007,0.0,0
PAIR-101649,0.0,0.0,0.0,1.0,1.0,0.0,0.0,0
PAIR-101650,0.0,0.65,0.5555555555555555,0.0,0.0,6.6,0.0,0
PAIR-101651,0.0,0.0,0.0,0.0,0.0,0.0,0.0,0
PAIR-101652,0.0,0.0,0.0,1.0,1.0,0.0,0.0,0
PAIR-101653,0.0,0.0,0.0,1.0,0.0,0.0,0.0,0
PAIR-101654,0.9,0.0,0.0,0.0,0.0,4.9,0.0,0
PAIR-101655,0.0,0.0,0.0,1.0,1.0,0.0,0.0,0
PAIR-101656,0.0,0.0,0.0,1.0,0.0,4.3999999999999995,0.0,0
PAIR-101657,0.0,0.0,0.0,0.0,0.0,0.0,0.0,0
PAIR-101658,0.0,0.0,0.0,1.0,0.0,3.1999999999999993,1.0,0
PAIR-101659,0.0,0.0,0.0,1.0,1.0,0.0,0.0,0
PAIR-101660,0.0,0.0,0.0,1.0,1.0,0.0,0.0,0
PAIR-101661,0.0,0.0,0.0,1.0,0.0,0.0,0.0,0
PAIR-101662,0.0,0.0,0.0,1.0,0.0,1.8000000000000007,0.0,0
PAIR-101663,0.0,0.0,0.0,1.0,1.0,0.0,0.0,0
PAIR-101664,0.9333333333333333,0.0,0.0,0.0,0.0,6.5,0.0,0
PAIR-101665,0.0,0.0,0.0,1.0,0.0,0.0,0.0,0
PAIR-101666,0.0,0.0,0.0,1.0,0.0,0.40000000000000036,0.0,0
PAIR-101667,0.0,0.0,0.0,1.0,1.0,0.0,0.0,0
PAIR-101668,0.0,0.0,0.0,0.0,0.0,0.0,0.0,0
PAIR-101669,0.0,0.0,0.0,1.0,0.0,6.800000000000001,1.0,0
PAIR-101670,0.0,0.0,0.0,0.0,0.0,0.0,0.0,0
PAIR-101671,0.0,0.0,0.0,1.0,1.0,0.0,0.0,0
PAIR-101672,0.0,0.0,0.0,1.0,0.0,3.3000000000000007,0.0,0
PAIR-101673,0.0,0.4827264239028945,0.5011655011655012,0.0,0.0,4.1000000000000005,0.0,0
PAIR-101674,0.9136363636363637,0.0,0.0,0.0,1.0,2.5999999999999996,0.0,0
PAIR-101675,0.9666666666666666,0.0,0.0,0.0,1.0,6.9,1.0,0
PAIR-101676,0.9136363636363637,0.0,0.0,0.0,0.0,1.700000000000001,0.0,0
PAIR-101677,0.9484848484848484,0.0,0.0,0.0,0.0,0.39999999999999947,0.0,0
PAIR-101678,0.0,0.0,0.0,1.0,1.0,0.0,0.0,0
PAIR-101679,0.0,1.0,0.8671328671328671,0.0,0.0,2.299999999999999,0.0,0
PAIR-101680,0.9333333333333333,0.0,0.0,0.0,0.0,4.199999999999999,0.0,0
PAIR-101681,0.0,0.0,0.0,1.0,0.0,0.0,0.0,0
PAIR-101682,0.0,0.0,0.5011655011655012,0.0,0.0,3.9000000000000004,1.0,0
PAIR-101683,0.0,0.529040404040404,0.5634920634920635,0.0,0.0,0.09999999999999964,0.0,0
PAIR-101684,0.0,0.0,0.0,1.0,0.0,0.0,0.0,0
PAIR-101685,0.0,0.0,0.0,0.0,0.0,0.0,0.0,0
PAIR-101686,0.0,0.0,0.0,0.0,0.0,0.0,0.0,0
PAIR-101687,0.0,0.48194444444444445,0.5444444444444444,0.0,0.0,9.8,1.0,0
PAIR-101688,0.9,0.0,0.0,0.0,0.0,5.500000000000001,0.0,0
PAIR-101689,0.0,0.0,0.0,0.0,0.0,0.0,0.0,0
PAIR-101690,0.0,0.0,0.0,1.0,0.0,0.0,0.0,0
PAIR-101691,0.0,0.0,0.0,1.0,0.0,0.0,0.0,0
PAIR-101692,0.0,0.0,0.0,1.0,1.0,0.0,0.0,0
PAIR-101693,0.0,0.0,0.0,1.0,1.0,0.0,0.0,0
PAIR-101694,0.0,0.0,0.0,0.0,0.0,0.0,0.0,0
PAIR-101695,0.0,0.0,0.0,1.0,1.0,0.0,0.0,0
PAIR-101696,0.0,0.0,0.0,1.0,0.0,0.0,0.0,0
PAIR-101697,0.0,0.0,0.0,1.0,0.0,2.200000000000001,0.0,0
PAIR-101698,0.0,0.0,0.0,1.0,0.0,0.0,0.0,0
PAIR-101699,0.0,0.0,0.0,1.0,1.0,0.0,0.0,0
PAIR-101700,0.0,0.0,0.0,1.0,0.0,0.5,0.0,0
PAIR-101701,0.0,0.0,0.0,1.0,0.0,0.0,0.0,0
PAIR-101702,0.0,0.5869708994708994,0.47377622377622375,0.0,0.0,8.5,0.0,0
PAIR-101703,0.0,0.0,0.0,1.0,0.0,2.7,0.0,0
PAIR-101704,0.9666666666666667,0.0,0.0,0.0,0.0,0.10000000000000053,0.0,0
PAIR-101705,0.0,0.0,0.0,0.0,0.0,0.0,0.0,0
PAIR-101706,0.9666666666666666,0.0,0.0,0.0,0.0,8.2,0.0,0
PAIR-101707,0.0,0.6047619047619048,0.6013986013986015,0.0,0.0,11.100000000000001,0.0,0
PAIR-101708,0.0,0.0,0.0,1.0,1.0,0.0,0.0,0
PAIR-101709,0.0,0.0,0.0,1.0,0.0,1.8000000000000007,1.0,0
PAIR-101710,0.0,0.0,0.0,1.0,1.0,0.0,0.0,0
PAIR-101711,0.0,0.0,0.0,0.0,0.0,0.0,0.0,0
PAIR-101712,0.0,0.0,0.0,0.0,0.0,0.0,0.0,0
PAIR-101713,0.0,0.0,0.0,0.0,0.0,0.0,0.0,0
PAIR-101714,0.0,0.0,0.0,0.0,0.0,0.0,0.0,0
PAIR-101715,0.0,0.0,0.0,0.0,0.0,0.0,0.0,0
PAIR-101716,0.0,0.0,0.0,1.0,0.0,0.0,0.0,0
PAIR-101717,0.0,0.0,0.0,1.0,0.0,0.0,0.0,0
PAIR-101718,0.0,0.0,0.0,0.0,0.0,0.0,0.0,0
PAIR-101719,0.0,0.0,0.0,0.0,0.0,0.0,0.0,0
PAIR-101720,0.0,0.6305555555555555,0.6207570207570208,0.0,0.0,6.199999999999999,1.0,0
PAIR-101721,0.0,0.0,0.0,1.0,0.0,0.8999999999999995,0.0,0
PAIR-101722,0.9666666666666666,0.0,0.0,0.0,0.0,5.0,0.0,0
PAIR-101723,0.0,0.0,0.0,1.0,0.0,0.0,0.0,0
PAIR-101724,0.9333333333333333,0.0,0.0,0.0,0.0,3.700000000000001,0.0,0
PAIR-101725,0.0,0.0,0.0,0.0,0.0,0.0,0.0,0
PAIR-101726,0.0,0.6599206349206349,0.9076923076923077,0.0,0.0,6.3999999999999995,0.0,0
PAIR-101727,0.0,0.0,0.0,0.0,0.0,0.0,0.0,0
PAIR-101728,0.0,0.43452380952380953,0.7476190476190476,0.0,0.0,7.499999999999999,0.0,0
PAIR-101729,0.9333333333333333,0.0,0.0,0.0,0.0,5.500000000000001,0.0,0
PAIR-101730,0.0,0.0,0.0,1.0,0.0,2.5,0.0,0
PAIR-101731,0.0,0.0,0.0,1.0,0.0,0.0,0.0,0
PAIR-101732,0.9333333333333333,0.0,0.0,0.0,0.0,5.200000000000001,0.0,0
PAIR-101733,0.0,0.0,0.0,1.0,0.0,0.0,0.0,0
PAIR-101734,0.9,0.0,0.0,0.0,0.0,1.4000000000000004,0.0,0
PAIR-101735,0.0,0.0,0.0,1.0,0.0,0.0,0.0,0
PAIR-101736,0.0,0.0,0.0,1.0,0.0,0.0,0.0,0
PAIR-101737,0.0,0.3507936507936508,0.728937728937729,0.0,0.0,0.2999999999999998,0.0,0
PAIR-101738,0.0,0.0,0.0,1.0,1.0,0.0,0.0,0
PAIR-101739,0.9136363636363637,0.0,0.0,0.0,0.0,0.29999999999999893,0.0,0
PAIR-101740,0.0,0.48194444444444445,0.7976190476190476,0.0,0.0,8.5,0.0,0
PAIR-101741,0.9333333333333333,0.0,0.0,0.0,0.0,8.3,0.0,0
PAIR-101742,0.0,0.0,0.0,1.0,0.0,0.0,0.0,0
PAIR-101743,0.0,0.6555555555555556,0.5854700854700855,0.0,0.0,9.600000000000001,0.0,0
PAIR-101744,0.0,0.4661319073083779,0.6923076923076922,0.0,0.0,0.20000000000000018,0.0,0
PAIR-101745,0.0,1.0,0.5707070707070706,0.0,0.0,0.8000000000000003,1.0,0
PAIR-101746,0.9,0.0,0.0,0.0,1.0,2.3000000000000007,0.0,0
PAIR-101747,0.0,0.0,0.0,1.0,1.0,0.0,0.0,0
PAIR-101748,0.0,0.0,0.0,1.0,0.0,0.0,0.0,0
PAIR-101749,0.0,0.48055555555555557,0.5982905982905983,0.0,0.0,11.200000000000001,1.0,0
PAIR-101750,0.0,0.6095959595959596,0.6318681318681318,0.0,0.0,2.9000000000000004,1.0,0
PAIR-101751,0.0,0.6024531024531025,0.5634920634920635,0.0,0.0,0.7000000000000011,0.0,0
PAIR-101752,0.0,0.7328579916815211,0.6818181818181818,0.0,0.0,0.7000000000000002,0.0,0
PAIR-101753,0.9333333333333333,0.0,0.0,0.0,0.0,3.3999999999999995,0.0,0
PAIR-101754,0.0,0.0,0.0,1.0,1.0,0.0,0.0,0
PAIR-101755,0.0,0.5750000000000001,0.6969696969696969,0.0,0.0,2.8999999999999995,0.0,0
PAIR-101756,0.0,0.0,0.0,0.0,0.0,0.0,0.0,0
PAIR-101757,0.0,0.5869708994708994,0.7020979020979021,0.0,0.0,10.3,0.0,0
PAIR-101758,0.9333333333333333,0.0,0.0,0.0,1.0,0.5,0.0,0
PAIR-101759,0.0,0.0,0.0,1.0,1.0,0.0,0.0,0
PAIR-101760,0.9333333333333333,0.0,0.0,0.0,0.0,2.9000000000000004,0.0,0
PAIR-101761,0.0,0.0,0.0,1.0,0.0,7.4,0.0,0
PAIR-101762,0.9333333333333333,0.0,0.0,0.0,0.0,1.5999999999999996,0.0,0
PAIR-101763,0.0,0.0,0.0,1.0,0.0,9.0,0.0,0
PAIR-101764,0.0,0.0,0.0,1.0,0.0,0.0,0.0,0
PAIR-101765,0.0,0.0,0.0,0.0,0.0,0.0,0.0,0
PAIR-101766,0.0,0.0,0.0,0.0,0.0,0.0,0.0,0
PAIR-101767,0.0,0.6599206349206349,0.7317307692307693,0.0,0.0,3.8,0.0,0
PAIR-101768,0.0,0.0,0.0,1.0,1.0,0.0,0.0,0
PAIR-101769,0.0,0.0,0.0,1.0,1.0,0.0,0.0,0
PAIR-101770,0.0,0.0,0.0,1.0,0.0,2.999999999999999,0.0,0
PAIR-101771,0.0,0.0,0.0,1.0,0.0,4.4,1.0,0
PAIR-101772,0.0,0.0,0.0,1.0,0.0,2.1999999999999997,0.0,0
PAIR-101773,0.0,0.0,0.0,1.0,0.0,0.0,0.0,0
PAIR-101774,0.9136363636363637,0.0,0.0,0.0,0.0,5.699999999999999,0.0,0
PAIR-101775,0.0,0.0,0.0,1.0,0.0,3.8999999999999995,0.0,0
PAIR-101776,0.0,0.0,0.0,1.0,0.0,0.0,0.0,0
PAIR-101777,0.0,0.0,0.0,1.0,0.0,3.3,0.0,0
PAIR-101778,0.9136363636363637,0.0,0.0,0.0,0.0,6.4,0.0,0
PAIR-101779,0.0,0.0,0.0,1.0,0.0,0.0,0.0,0
PAIR-101780,0.0,0.0,0.0,1.0,0.0,1.7999999999999998,0.0,0
PAIR-101781,0.0,0.0,0.0,1.0,0.0,1.5999999999999996,0.0,0
PAIR-101782,0.0,1.0,0.5568181818181818,0.0,0.0,5.000000000000001,0.0,0
PAIR-101783,0.9484848484848484,0.0,0.0,0.0,0.0,1.5999999999999996,0.0,0
PAIR-101784,0.0,0.0,0.0,1.0,1.0,0.0,0.0,0
PAIR-101785,0.0,0.0,0.0,1.0,0.0,0.0,0.0,0
PAIR-101786,0.0,0.6064705882352942,0.4823232323232323,0.0,0.0,7.8,0.0,0
PAIR-101787,0.0,0.0,0.0,0.0,0.0,0.0,0.0,0
PAIR-101788,0.0,0.0,0.0,1.0,1.0,0.0,0.0,0
PAIR-101789,0.0,0.0,0.0,1.0,0.0,1.8000000000000007,0.0,0
PAIR-101790,0.9333333333333333,0.0,0.0,0.0,0.0,4.3999999999999995,0.0,0
PAIR-101791,0.0,0.5505952380952381,0.6297036297036297,0.0,0.0,2.5999999999999996,1.0,0
PAIR-101792,0.0,0.529040404040404,0.6684615384615384,0.0,0.0,1.6000000000000005,0.0,0
PAIR-101793,0.9333333333333333,0.0,0.0,0.0,0.0,5.0,0.0,0
PAIR-101794,0.0,0.0,0.0,1.0,1.0,0.0,0.0,0
PAIR-101795,0.0,0.0,0.0,1.0,0.0,4.5,0.0,0
PAIR-101796,0.0,0.0,0.0,1.0,0.0,0.0,0.0,0
PAIR-101797,0.0,0.0,0.0,1.0,1.0,0.0,0.0,0
PAIR-101798,0.0,0.0,0.0,0.0,0.0,0.0,0.0,0
PAIR-101799,0.0,0.0,0.0,0.0,0.0,0.0,0.0,0
PAIR-101800,0.0,0.0,0.0,1.0,1.0,0.0,0.0,0
PAIR-101801,0.0,0.0,0.0,1.0,1.0,0.0,0.0,0
PAIR-101802,0.9666666666666666,0.0,0.0,0.0,0.0,1.2999999999999998,1.0,0
PAIR-101803,0.0,0.0,0.0,1.0,0.0,0.0,0.0,0
PAIR-101804,0.0,0.0,0.0,1.0,0.0,0.40000000000000036,0.0,0
PAIR-101805,0.0,0.0,0.0,1.0,1.0,0.0,0.0,0
PAIR-101806,0.0,0.0,0.0,1.0,0.0,0.5,0.0,0
PAIR-101807,0.0,0.0,0.0,0.0,0.0,0.0,0.0,0
PAIR-101808,0.9333333333333333,0.0,0.0,0.0,0.0,9.3,0.0,0
PAIR-101809,0.0,0.0,0.0,1.0,0.0,8.399999999999999,0.0,0
PAIR-101810,0.0,0.0,0.0,1.0,0.0,5.1000000000000005,0.0,0
PAIR-101811,0.0,0.0,0.0,1.0,1.0,0.0,0.0,0
PAIR-101812,0.0,0.0,0.0,1.0,0.0,0.0,0.0,0
PAIR-101813,0.9484848484848484,0.0,0.0,0.0,0.0,2.9000000000000004,0.0,0
PAIR-101814,0.0,0.4898809523809524,0.5696969696969697,0.0,0.0,9.299999999999999,0.0,0
PAIR-101815,0.0,0.0,0.0,1.0,1.0,0.0,0.0,0
PAIR-101816,0.0,0.0,0.0,1.0,0.0,5.500000000000001,0.0,0
PAIR-101817,0.9,0.0,0.0,0.0,0.0,10.5,0.0,0
PAIR-101818,0.9,0.0,0.0,0.0,0.0,3.6000000000000005,0.0,0
PAIR-101819,0.0,0.0,0.0,1.0,0.0,1.5999999999999996,0.0,0
PAIR-101820,0.0,0.0,0.0,1.0,0.0,0.0,0.0,0
PAIR-101821,0.9484848484848484,0.0,0.0,0.0,0.0,3.2,0.0,0
PAIR-101822,0.0,0.0,0.0,0.0,0.0,0.0,0.0,0
PAIR-101823,0.0,1.0,0.7151515151515152,0.0,0.0,3.5,0.0,0
PAIR-101824,0.0,0.0,0.0,1.0,1.0,0.0,0.0,0
PAIR-101825,0.0,0.0,0.0,0.0,0.0,0.0,0.0,0
PAIR-101826,0.0,0.0,0.0,1.0,0.0,0.0,0.0,0
PAIR-101827,0.0,0.0,0.0,0.0,0.0,0.0,0.0,0
PAIR-101828,0.0,0.0,0.0,1.0,0.0,0.0,0.0,0
PAIR-101829,0.9484848484848484,0.0,0.0,0.0,0.0,0.9000000000000004,0.0,0
PAIR-101830,0.0,0.0,0.0,0.0,0.0,0.0,0.0,0
PAIR-101831,0.9833333333333333,0.0,0.0,0.0,0.0,0.8999999999999995,0.0,0
PAIR-101832,0.0,0.0,0.0,1.0,0.0,9.600000000000001,0.0,0
PAIR-101833,0.9484848484848484,0.0,0.0,0.0,0.0,2.3,0.0,0
PAIR-101834,0.0,0.0,0.0,1.0,0.0,0.0,0.0,0
PAIR-101835,0.0,0.0,0.0,1.0,0.0,6.4,0.0,0
PAIR-101836,0.0,0.3507936507936508,0.6446886446886446,0.0,0.0,4.6,0.0,0
PAIR-101837,0.0,0.0,0.0,1.0,0.0,2.5999999999999996,0.0,0
PAIR-101838,0.0,0.0,0.0,0.0,0.0,0.0,0.0,0
PAIR-101839,0.0,0.46262626262626255,0.5337606837606838,0.0,0.0,1.1000000000000014,0.0,0
PAIR-101840,0.0,0.0,0.0,0.0,0.0,0.0,0.0,0
PAIR-101841,0.0,0.0,0.0,1.0,1.0,0.0,0.0,0
PAIR-101842,0.0,0.0,0.0,1.0,0.0,0.0,0.0,0
PAIR-101843,0.9333333333333333,0.0,0.0,0.0,0.0,1.0,0.0,0
PAIR-101844,0.0,0.46262626262626255,0.5094017094017094,0.0,0.0,4.700000000000001,1.0,0
PAIR-101845,0.0,0.0,0.0,1.0,0.0,2.8000000000000007,0.0,0
PAIR-101846,0.0,0.0,0.0,1.0,0.0,7.2,0.0,0
PAIR-101847,0.0,0.6555555555555556,0.6134421134421135,0.0,0.0,2.8000000000000007,0.0,0
PAIR-101848,0.0,0.0,0.0,1.0,1.0,0.0,0.0,0
PAIR-101849,0.0,0.0,0.0,1.0,0.0,0.0,0.0,0
PAIR-101850,0.0,0.0,0.0,1.0,0.0,0.0,0.0,0
PAIR-101851,0.9333333333333333,0.0,0.0,0.0,0.0,8.200000000000001,0.0,0
PAIR-101852,0.0,0.0,0.0,0.0,0.0,0.0,0.0,0
PAIR-101853,0.0,0.0,0.0,1.0,0.0,0.0,0.0,0
PAIR-101854,0.0,0.0,0.0,1.0,1.0,0.0,0.0,0
PAIR-101855,0.9333333333333333,0.0,0.0,0.0,0.0,0.5,0.0,0
PAIR-101856,0.0,0.0,0.0,1.0,0.0,3.4000000000000004,0.0,0
PAIR-101857,0.0,0.0,0.0,1.0,0.0,2.0999999999999996,0.0,0
PAIR-101858,0.0,0.529040404040404,0.6237373737373737,0.0,0.0,0.3000000000000007,0.0,0
PAIR-101859,0.0,0.0,0.0,1.0,0.0,3.7,0.0,0
PAIR-101860,0.9333333333333333,0.0,0.0,0.0,0.0,1.700000000000001,0.0,0
PAIR-101861,0.0,0.0,0.0,1.0,1.0,0.0,0.0,0
PAIR-101862,0.0,0.0,0.0,0.0,0.0,0.0,0.0,0
PAIR-101863,0.0,0.0,0.0,0.0,0.0,0.0,0.0,0
PAIR-101864,0.0,0.0,0.0,1.0,0.0,10.5,0.0,0
PAIR-101865,0.0,0.0,0.0,1.0,1.0,0.0,0.0,0
PAIR-101866,0.0,0.0,0.0,1.0,1.0,0.0,0.0,0
PAIR-101867,0.0,0.0,0.0,1.0,1.0,0.0,0.0,0
PAIR-101868,0.0,0.0,0.0,1.0,0.0,0.0,0.0,0
PAIR-101869,0.0,0.4984126984126984,0.8333333333333334,0.0,0.0,0.20000000000000018,0.0,0
PAIR-101870,0.0,0.5869708994708994,0.6446886446886446,0.0,0.0,8.700000000000001,0.0,0
PAIR-101871,0.0,0.0,0.0,1.0,0.0,0.0,0.0,0
PAIR-101872,0.0,0.0,0.0,1.0,0.0,0.0,0.0,0
PAIR-101873,0.0,0.0,0.0,1.0,1.0,0.0,0.0,0
PAIR-101874,0.0,0.3507936507936508,0.6538461538461539,0.0,0.0,0.7000000000000011,0.0,0
PAIR-101875,0.0,0.5029761904761905,0.5011655011655012,0.0,0.0,0.40000000000000036,0.0,0
PAIR-101876,0.9,0.0,0.0,0.0,0.0,0.8999999999999986,0.0,0
PAIR-101877,0.9333333333333333,0.0,0.0,0.0,0.0,2.9000000000000004,0.0,0
PAIR-101878,0.0,0.0,0.0,1.0,1.0,0.0,0.0,0
PAIR-101879,0.0,0.0,0.0,1.0,1.0,0.0,0.0,0
PAIR-101880,0.0,0.0,0.0,1.0,0.0,2.499999999999999,0.0,0
PAIR-101881,0.0,0.0,0.0,1.0,0.0,4.200000000000001,0.0,0
PAIR-101882,0.0,0.0,0.0,0.0,0.0,0.0,0.0,0
PAIR-101883,0.0,0.0,0.0,1.0,0.0,0.0,0.0,0
PAIR-101884,0.0,0.0,0.0,1.0,1.0,0.0,0.0,0
PAIR-101885,0.9,0.0,0.0,0.0,0.0,6.1,0.0,0
PAIR-101886,0.0,0.0,0.0,0.0,0.0,0.0,0.0,0
PAIR-101887,0.0,0.7181372549019608,0.5230769230769231,0.0,0.0,3.9000000000000004,1.0,0
PAIR-101888,0.9333333333333333,0.0,0.0,0.0,0.0,4.8999999999999995,1.0,0
PAIR-101889,0.0,0.6305555555555555,0.5372294372294372,0.0,0.0,5.0,1.0,0
PAIR-101890,0.0,0.0,0.0,1.0,1.0,0.0,0.0,0
PAIR-101891,0.0,0.4523809523809524,0.5189255189255189,0.0,1.0,5.8,1.0,0
PAIR-101892,0.0,0.0,0.0,1.0,1.0,0.0,0.0,0
PAIR-101893,0.0,0.0,0.0,1.0,1.0,0.0,0.0,0
PAIR-101894,0.9484848484848484,0.0,0.0,0.0,1.0,2.3,0.0,0
PAIR-101895,0.0,0.0,0.0,0.0,0.0,0.0,0.0,0
PAIR-101896,0.9333333333333333,0.0,0.0,0.0,0.0,4.9,0.0,0
PAIR-101897,0.0,0.0,0.0,1.0,0.0,5.4,0.0,0
PAIR-101898,0.0,0.0,0.0,1.0,1.0,0.0,0.0,0
PAIR-101899,0.0,1.0,0.5873015873015873,0.0,0.0,2.5,0.0,0
PAIR-101900,0.0,0.0,0.0,1.0,1.0,0.0,0.0,0
PAIR-101901,0.9484848484848484,0.0,0.0,0.0,0.0,7.0,0.0,0
PAIR-101902,0.9333333333333333,0.0,0.0,0.0,0.0,9.700000000000001,0.0,0
PAIR-101903,0.0,0.7328579916815211,0.5912698412698413,0.0,0.0,3.799999999999999,0.0,0
PAIR-101904,0.0,0.0,0.0,1.0,1.0,0.0,0.0,0
PAIR-101905,0.0,0.6047619047619048,0.5571095571095571,0.0,0.0,8.4,1.0,0
PAIR-101906,0.0,0.3507936507936508,0.5923076923076922,0.0,0.0,3.200000000000001,1.0,0
PAIR-101907,0.0,0.0,0.0,0.0,0.0,0.0,0.0,0
PAIR-101908,0.0,0.0,0.0,1.0,0.0,0.0,0.0,0
PAIR-101909,0.0,0.0,0.0,1.0,0.0,0.0,0.0,0
PAIR-101910,0.9,0.0,0.0,0.0,0.0,4.799999999999999,0.0,0
PAIR-101911,0.0,0.0,0.0,1.0,0.0,5.8,0.0,0
PAIR-101912,0.0,0.0,0.0,1.0,0.0,4.4,0.0,0
PAIR-101913,0.9333333333333333,0.0,0.0,0.0,0.0,5.1000000000000005,0.0,0
PAIR-101914,0.0,0.0,0.0,1.0,0.0,4.700000000000001,0.0,0
PAIR-101915,0.0,0.0,0.0,1.0,0.0,3.0,0.0,0
PAIR-101916,0.0,0.0,0.0,1.0,0.0,0.0,0.0,0
PAIR-101917,0.0,0.542016806722689,0.547008547008547,0.0,0.0,0.29999999999999893,1.0,0
PAIR-101918,0.0,1.0,0.5494505494505494,0.0,0.0,6.700000000000001,0.0,0
PAIR-101919,0.0,0.0,0.0,1.0,1.0,0.0,0.0,0
PAIR-101920,0.0,0.0,0.0,1.0,0.0,0.0,0.0,0
PAIR-101921,0.0,0.0,0.0,1.0,0.0,0.0,0.0,0
PAIR-101922,0.0,0.0,0.0,1.0,0.0,0.0,0.0,0
PAIR-101923,0.0,0.0,0.0,1.0,1.0,0.0,0.0,0
PAIR-101924,0.9,0.0,0.0,0.0,0.0,0.7999999999999998,1.0,0
PAIR-101925,0.0,0.0,0.0,0.0,0.0,0.0,0.0,0
PAIR-101926,0.0,0.0,0.0,0.0,0.0,0.0,0.0,0
PAIR-101927,0.0,0.0,0.0,1.0,0.0,0.0,0.0,0
PAIR-101928,0.0,0.0,0.0,0.0,0.0,0.0,0.0,0
PAIR-101929,0.0,0.0,0.0,0.0,0.0,0.0,0.0,0
PAIR-101930,0.0,0.0,0.0,1.0,0.0,0.0,0.0,0
PAIR-101931,0.9,0.0,0.0,0.0,0.0,2.0999999999999996,0.0,0
PAIR-101932,0.0,0.0,0.0,1.0,0.0,0.0,0.0,0
PAIR-101933,0.9333333333333333,0.0,0.0,0.0,0.0,7.300000000000001,0.0,0
PAIR-101934,0.0,0.0,0.0,1.0,1.0,0.0,0.0,0
PAIR-101935,0.0,0.0,0.0,0.0,0.0,0.0,0.0,0
PAIR-101936,0.0,0.0,0.0,1.0,0.0,0.09999999999999964,0.0,0
PAIR-101937,0.0,0.0,0.0,1.0,0.0,3.0999999999999996,1.0,0
PAIR-101938,0.0,0.542016806722689,0.46645021645021645,0.0,0.0,4.2,0.0,0
PAIR-101939,0.0,0.0,0.0,0.0,0.0,0.0,0.0,0
PAIR-101940,0.0,0.6095959595959596,0.8594405594405594,0.0,0.0,5.3999999999999995,1.0,0
PAIR-101941,0.9333333333333333,0.0,0.0,0.0,0.0,5.699999999999999,0.0,0
PAIR-101942,0.0,0.8558712121212121,0.5982905982905983,0.0,0.0,8.1,0.0,0
PAIR-101943,0.9484848484848484,0.0,0.0,0.0,0.0,2.0999999999999996,0.0,0
PAIR-101944,0.0,0.0,0.0,1.0,1.0,0.0,0.0,0
PAIR-101945,0.0,0.0,0.0,1.0,0.0,0.0,0.0,0
PAIR-101946,0.0,0.0,0.0,1.0,0.0,0.0,0.0,0
PAIR-101947,0.9136363636363637,0.0,0.0,0.0,0.0,5.300000000000001,0.0,0
PAIR-101948,0.0,0.0,0.0,1.0,0.0,3.1999999999999993,0.0,0
PAIR-101949,0.9136363636363637,0.0,0.0,0.0,0.0,1.4999999999999991,0.0,0
PAIR-101950,0.9436363636363637,0.0,0.0,0.0,0.0,3.4000000000000004,0.0,0
PAIR-101951,0.0,0.0,0.0,1.0,1.0,0.0,0.0,0
PAIR-101952,0.9,0.0,0.0,0.0,0.0,7.1000000000000005,0.0,0
PAIR-101953,0.0,0.0,0.0,1.0,0.0,0.0,0.0,0
PAIR-101954,0.0,0.0,0.0,1.0,1.0,0.0,0.0,0
PAIR-101955,0.0,0.0,0.0,1.0,1.0,0.0,0.0,0
PAIR-101956,0.0,0.0,0.0,1.0,0.0,0.0,0.0,0
PAIR-101957,0.0,0.0,0.0,1.0,1.0,0.0,0.0,0
PAIR-101958,0.0,0.0,0.0,1.0,1.0,0.0,0.0,0
PAIR-101959,0.0,0.0,0.0,1.0,0.0,3.6000000000000005,1.0,0
PAIR-101960,0.0,0.4984126984126984,0.6130536130536131,0.0,0.0,0.9000000000000004,0.0,0
PAIR-101961,0.0,0.0,0.0,1.0,1.0,0.0,0.0,0
PAIR-101962,0.0,0.0,0.0,1.0,1.0,0.0,0.0,0
PAIR-101963,0.0,0.0,0.0,1.0,0.0,3.6000000000000014,0.0,0
PAIR-101964,0.0,0.0,0.0,0.0,0.0,0.0,0.0,0
PAIR-101965,0.0,0.0,0.0,1.0,1.0,0.0,0.0,0
PAIR-101966,0.0,0.0,0.0,1.0,1.0,0.0,0.0,0
PAIR-101967,0.0,0.0,0.0,1.0,0.0,0.0,0.0,0
PAIR-101968,0.0,0.0,0.0,1.0,1.0,0.0,0.0,0
PAIR-101969,0.0,0.0,0.0,1.0,0.0,0.0,0.0,0
PAIR-101970,0.0,0.0,0.0,1.0,0.0,4.2,0.0,0
PAIR-101971,0.0,0.0,0.0,1.0,1.0,0.0,0.0,0
PAIR-101972,0.0,0.5029761904761905,0.5075757575757576,0.0,0.0,2.8999999999999995,1.0,0
PAIR-101973,0.0,0.0,0.0,1.0,0.0,0.0,0.0,0
PAIR-101974,0.0,0.0,0.0,1.0,1.0,0.0,0.0,0
PAIR-101975,0.0,0.0,0.0,1.0,0.0,2.5999999999999996,0.0,0
PAIR-101976,0.0,0.7181372549019608,0.7997927997927997,0.0,0.0,7.799999999999999,0.0,0
PAIR-101977,0.0,0.0,0.0,1.0,0.0,1.0,0.0,0
PAIR-101978,0.0,0.0,0.0,0.0,0.0,0.0,0.0,0
PAIR-101979,0.0,0.0,0.0,1.0,0.0,0.0,0.0,0
PAIR-101980,0.0,0.0,0.0,1.0,0.0,0.0,0.0,0
PAIR-101981,0.0,0.0,0.0,1.0,1.0,0.0,0.0,0
PAIR-101982,0.0,0.0,0.0,1.0,0.0,0.0,1.0,0
PAIR-101983,0.0,0.5539682539682539,0.5777777777777778,0.0,0.0,7.300000000000001,0.0,0
PAIR-101984,0.0,0.0,0.0,1.0,0.0,2.5999999999999996,0.0,0
PAIR-200001,0.0,0.0,0.0,1.0,0.0,2.2,0.0,0
PAIR-200002,0.0,1.0,0.4935897435897436,0.0,0.0,0.9000000000000004,0.0,0
PAIR-200003,0.0,0.0,0.0,1.0,0.0,0.1999999999999993,0.0,0
PAIR-200004,0.0,0.0,0.0,1.0,0.0,7.8999999999999995,0.0,0
PAIR-200005,0.0,1.0,0.5578865578865578,0.0,0.0,2.8000000000000007,1.0,0
PAIR-200006,0.9299999999999999,0.0,0.0,0.0,0.0,11.2,0.0,0
PAIR-200007,0.0,1.0,0.4904040404040404,0.0,0.0,0.8000000000000007,0.0,0
PAIR-200008,0.0,1.0,0.5555555555555555,0.0,0.0,0.5,1.0,0
PAIR-200009,0.0,1.0,0.5075757575757576,0.0,0.0,3.5999999999999996,0.0,0
PAIR-200010,0.0,0.0,0.0,1.0,0.0,10.6,0.0,0
PAIR-200011,0.0,0.0,0.0,1.0,0.0,3.799999999999999,0.0,0
PAIR-200012,0.0,1.0,0.5255189255189255,0.0,0.0,10.399999999999999,0.0,0
PAIR-200013,0.0,0.0,0.0,1.0,0.0,4.8999999999999995,0.0,0
PAIR-200014,0.0,0.0,0.0,1.0,0.0,2.8999999999999995,0.0,0
PAIR-200015,0.0,1.0,0.5842490842490843,0.0,0.0,3.8000000000000007,0.0,0
PAIR-200016,0.0,1.0,0.6237373737373737,0.0,0.0,7.200000000000001,1.0,0
PAIR-200017,0.0,1.0,0.6773504273504273,0.0,0.0,1.1,0.0,0
PAIR-200018,0.0,1.0,0.5615384615384615,0.0,0.0,4.899999999999999,0.0,0
PAIR-200019,0.9484848484848484,0.0,0.0,0.0,0.0,3.0999999999999996,0.0,0
PAIR-200020,0.0,1.0,0.5373737373737374,0.0,0.0,2.7,0.0,0
PAIR-200021,0.0,1.0,0.5777777777777778,0.0,0.0,4.799999999999999,0.0,0
PAIR-200022,0.9333333333333333,0.0,0.0,0.0,0.0,7.499999999999999,0.0,0
PAIR-200023,0.0,1.0,0.5571095571095571,0.0,0.0,5.1,0.0,0
PAIR-200024,0.0,1.0,0.5982905982905983,0.0,0.0,6.800000000000001,0.0,0
PAIR-200025,0.0,0.0,0.0,0.0,1.0,0.7999999999999989,0.0,0
PAIR-200026,0.0,1.0,0.513919413919414,0.0,0.0,5.0,1.0,0
PAIR-200027,0.0,1.0,0.724941724941725,0.0,0.0,0.9000000000000004,0.0,0
PAIR-200028,0.0,0.0,0.0,1.0,0.0,7.300000000000001,0.0,0
PAIR-200029,0.9333333333333333,0.0,0.0,0.0,0.0,6.1,1.0,0
PAIR-200030,0.0,1.0,0.5299145299145299,0.0,0.0,0.09999999999999964,0.0,0
PAIR-200031,0.0,1.0,0.6024531024531025,0.0,0.0,1.1000000000000005,0.0,0
PAIR-200032,0.0,1.0,0.6596459096459096,0.0,0.0,7.4,0.0,0
PAIR-200033,0.9484848484848484,0.0,0.0,0.0,0.0,4.3,1.0,0
PAIR-200034,0.0,1.0,0.5571095571095571,0.0,0.0,3.0999999999999996,0.0,0
PAIR-200035,0.0,1.0,0.5571095571095571,0.0,0.0,10.100000000000001,0.0,0
PAIR-200036,0.9333333333333333,0.0,0.0,0.0,0.0,4.800000000000001,0.0,0
PAIR-200037,0.9666666666666666,0.0,0.0,0.0,0.0,2.8000000000000007,0.0,0
PAIR-200038,0.0,1.0,0.46367521367521364,0.0,0.0,0.1999999999999993,0.0,0
PAIR-200039,0.0,0.0,0.0,1.0,0.0,2.799999999999999,0.0,0
PAIR-200040,0.0,1.0,0.4478021978021978,0.0,0.0,4.999999999999999,0.0,0
PAIR-200041,0.0,0.0,0.0,1.0,0.0,2.1,0.0,0
PAIR-200042,0.9333333333333333,0.0,0.0,0.0,0.0,3.299999999999999,0.0,0
PAIR-200043,0.9833333333333333,0.0,0.0,0.0,0.0,1.1000000000000014,1.0,0
PAIR-200044,0.0,1.0,0.6316239316239316,0.0,0.0,10.7,0.0,0
PAIR-200045,0.0,0.0,0.0,1.0,0.0,5.799999999999999,0.0,0
PAIR-200046,0.0,1.0,0.6321153846153846,0.0,0.0,10.9,1.0,0
PAIR-200047,0.0,0.0,0.0,1.0,0.0,4.199999999999999,0.0,0
PAIR-200048,0.0,1.0,0.7171428571428571,0.0,0.0,2.5,0.0,0
PAIR-200049,0.0,1.0,0.7413512413512414,0.0,0.0,8.5,0.0,0
PAIR-200050,0.9484848484848484,0.0,0.0,0.0,0.0,3.7,1.0,0
PAIR-200051,0.0,1.0,0.8261072261072261,0.0,0.0,0.1999999999999993,1.0,0
PAIR-200052,0.0,0.0,0.0,1.0,0.0,3.3000000000000007,0.0,0
PAIR-200053,0.0,0.0,0.0,1.0,0.0,0.9000000000000004,0.0,0
PAIR-200054,0.0,0.0,0.0,1.0,0.0,8.8,0.0,0
PAIR-200055,0.0,0.0,0.0,1.0,0.0,7.6,0.0,0
PAIR-200056,0.0,1.0,0.7435897435897436,0.0,0.0,0.0,0.0,0
PAIR-200057,0.9333333333333333,0.0,0.0,0.0,0.0,1.7999999999999998,0.0,0
PAIR-200058,0.0,1.0,0.6686813186813186,0.0,0.0,0.3000000000000007,0.0,0
